Project Number,Date,Day Number, Cost Per Day , Revenue Per Day , Cumulative Cost , Cumulative Revenue 
106,2024-01-04,1,302.71,339.04,302.71,339.04
106,2024-01-05,2,302.71,339.04,605.43,678.08
106,2024-01-06,3,302.71,339.04,908.14,1017.12
106,2024-01-07,4,302.71,339.04,1210.86,1356.16
106,2024-01-08,5,302.71,339.04,1513.57,1695.2
106,2024-01-09,6,3015.1,3322.66,4528.67,5017.86
106,2024-01-10,7,3015.1,3322.66,7543.77,8340.52
106,2024-01-11,8,3015.1,3322.66,10558.87,11663.19
106,2024-01-12,9,3015.1,3322.66,13573.96,14985.85
106,2024-01-13,10,3015.1,3322.66,16589.06,18308.51
106,2024-01-14,11,3015.1,3322.66,19604.16,21631.17
106,2024-01-15,12,3015.1,3322.66,22619.26,24953.84
106,2024-01-16,13,3015.1,3322.66,25634.36,28276.5
106,2024-01-17,14,3015.1,3322.66,28649.46,31599.16
106,2024-01-18,15,3015.1,3322.66,31664.56,34921.83
106,2024-01-19,16,3015.1,3322.66,34679.65,38244.49
106,2024-01-20,17,3015.1,3322.66,37694.75,41567.15
106,2024-01-21,18,3015.1,3322.66,40709.85,44889.81
106,2024-01-22,19,3015.1,3322.66,43724.95,48212.48
106,2024-01-23,20,3015.1,3322.66,46740.05,51535.14
106,2024-01-24,21,3015.1,3322.66,49755.15,54857.8
106,2024-01-25,22,3015.1,3322.66,52770.25,58180.46
106,2024-01-26,23,3015.1,3322.66,55785.34,61503.13
106,2024-01-27,24,3015.1,3322.66,58800.44,64825.79
106,2024-01-28,25,3015.1,3322.66,61815.54,68148.45
106,2024-01-29,26,3015.1,3322.66,64830.64,71471.12
106,2024-01-30,27,3015.1,3322.66,67845.74,74793.78
106,2024-01-31,28,3015.1,3322.66,70860.84,78116.44
106,2024-02-01,29,3015.1,3322.66,73875.94,81439.1
106,2024-02-02,30,3015.1,3322.66,76891.03,84761.77
106,2024-02-03,31,3015.1,3322.66,79906.13,88084.43
106,2024-02-04,32,3015.1,3322.66,82921.23,91407.09
106,2024-02-05,33,3015.1,3322.66,85936.33,94729.75
106,2024-02-06,34,3015.1,3322.66,88951.43,98052.42
106,2024-02-07,35,3015.1,3322.66,91966.53,101375.08
106,2024-02-08,36,3015.1,3322.66,94981.63,104697.74
106,2024-02-09,37,3015.1,3322.66,97996.72,108020.41
106,2024-02-10,38,3015.1,3322.66,101011.82,111343.07
106,2024-02-11,39,3015.1,3322.66,104026.92,114665.73
106,2024-02-12,40,3015.1,3322.66,107042.02,117988.39
106,2024-02-13,41,3015.1,3322.66,110057.12,121311.06
106,2024-02-14,42,3015.1,3322.66,113072.22,124633.72
106,2024-02-15,43,3015.1,3322.66,116087.32,127956.38
106,2024-02-16,44,3015.1,3322.66,119102.41,131279.04
106,2024-02-17,45,3015.1,3322.66,122117.51,134601.71
106,2024-02-18,46,3015.1,3322.66,125132.61,137924.37
106,2024-02-19,47,3015.1,3322.66,128147.71,141247.03
106,2024-02-20,48,3015.1,3322.66,131162.81,144569.7
106,2024-02-21,49,3015.1,3322.66,134177.91,147892.36
106,2024-02-22,50,3015.1,3322.66,137193.01,151215.02
106,2024-02-23,51,3015.1,3322.66,140208.1,154537.68
106,2024-02-24,52,3015.1,3322.66,143223.2,157860.35
106,2024-02-25,53,3015.1,3322.66,146238.3,161183.01
106,2024-02-26,54,3015.1,3322.66,149253.4,164505.67
106,2024-02-27,55,3015.1,3322.66,152268.5,167828.33
106,2024-02-28,56,3015.1,3322.66,155283.6,171151
106,2024-02-29,57,4246.81,4739.13,159530.41,175890.13
106,2024-03-01,58,1534.43,1755.51,161064.83,177645.64
106,2024-03-02,59,1534.43,1755.51,162599.26,179401.14
106,2024-03-03,60,1534.43,1755.51,164133.68,181156.65
106,2024-03-04,61,1534.43,1755.51,165668.11,182912.16
106,2024-03-05,62,1534.43,1755.51,167202.53,184667.67
106,2024-03-06,63,1534.43,1755.51,168736.96,186423.17
106,2024-03-07,64,1534.43,1755.51,170271.38,188178.68
106,2024-03-08,65,1534.43,1755.51,171805.81,189934.19
106,2024-03-09,66,1534.43,1755.51,173340.24,191689.7
106,2024-03-10,67,1534.43,1755.51,174874.66,193445.2
106,2024-03-11,68,1534.43,1755.51,176409.09,195200.71
106,2024-03-12,69,1534.43,1755.51,177943.51,196956.22
106,2024-03-13,70,1534.43,1755.51,179477.94,198711.73
106,2024-03-14,71,1534.43,1755.51,181012.36,200467.24
106,2024-03-15,72,1534.43,1755.51,182546.79,202222.74
106,2024-03-16,73,1534.43,1755.51,184081.21,203978.25
106,2024-03-17,74,1534.43,1755.51,185615.64,205733.76
106,2024-03-18,75,1534.43,1755.51,187150.06,207489.27
106,2024-03-19,76,1534.43,1755.51,188684.49,209244.77
106,2024-03-20,77,1534.43,1755.51,190218.91,211000.28
106,2024-03-21,78,1534.43,1755.51,191753.34,212755.79
106,2024-03-22,79,1534.43,1755.51,193287.76,214511.3
106,2024-03-23,80,1534.43,1755.51,194822.19,216266.8
106,2024-03-24,81,1534.43,1755.51,196356.62,218022.31
106,2024-03-25,82,1534.43,1755.51,197891.04,219777.82
106,2024-03-26,83,1534.43,1755.51,199425.47,221533.33
106,2024-03-27,84,1534.43,1755.51,200959.89,223288.84
106,2024-03-28,85,1534.43,1755.51,202494.32,225044.34
106,2024-03-29,86,1534.43,1755.51,204028.74,226799.85
106,2024-03-30,87,1534.43,1755.51,205563.17,228555.36
106,2024-03-31,88,1534.43,1755.51,207097.59,230310.87
106,2024-04-01,89,1534.43,1755.51,208632.02,232066.37
106,2024-04-02,90,1534.43,1755.51,210166.44,233821.88
106,2024-04-03,91,1534.43,1755.51,211700.87,235577.39
106,2024-04-04,92,1534.43,1755.51,213235.29,237332.9
106,2024-04-05,93,1534.43,1755.51,214769.72,239088.4
106,2024-04-06,94,1534.43,1755.51,216304.14,240843.91
106,2024-04-07,95,1534.43,1755.51,217838.57,242599.42
106,2024-04-08,96,1534.43,1755.51,219372.99,244354.93
106,2024-04-09,97,1534.43,1755.51,220907.42,246110.44
106,2024-04-10,98,1534.43,1755.51,222441.85,247865.94
106,2024-04-11,99,1534.43,1755.51,223976.27,249621.45
106,2024-04-12,100,1534.43,1755.51,225510.7,251376.96
106,2024-04-13,101,1534.43,1755.51,227045.12,253132.47
106,2024-04-14,102,1534.43,1755.51,228579.55,254887.97
106,2024-04-15,103,1534.43,1755.51,230113.97,256643.48
106,2024-04-16,104,1534.43,1755.51,231648.4,258398.99
106,2024-04-17,105,1534.43,1755.51,233182.82,260154.5
106,2024-04-18,106,1534.43,1755.51,234717.25,261910
106,2024-04-19,107,1534.43,1755.51,236251.67,263665.51
106,2024-04-20,108,1534.43,1755.51,237786.1,265421.02
106,2024-04-21,109,1534.43,1755.51,239320.52,267176.53
106,2024-04-22,110,1534.43,1755.51,240854.95,268932.04
106,2024-04-23,111,1534.43,1755.51,242389.37,270687.54
106,2024-04-24,112,1534.43,1755.51,243923.8,272443.05
106,2024-04-25,113,1534.43,1755.51,245458.23,274198.56
106,2024-04-26,114,1534.43,1755.51,246992.65,275954.07
106,2024-04-27,115,1534.43,1755.51,248527.08,277709.57
106,2024-04-28,116,1534.43,1755.51,250061.5,279465.08
106,2024-04-29,117,1534.43,1755.51,251595.93,281220.59
106,2024-04-30,118,1534.43,1755.51,253130.35,282976.1
106,2024-05-01,119,1534.43,1755.51,254664.78,284731.6
106,2024-05-02,120,1534.43,1755.51,256199.2,286487.11
106,2024-05-03,121,1534.43,1755.51,257733.63,288242.62
106,2024-05-04,122,1534.43,1755.51,259268.05,289998.13
106,2024-05-05,123,1534.43,1755.51,260802.48,291753.64
106,2024-05-06,124,1534.43,1755.51,262336.9,293509.14
106,2024-05-07,125,1534.43,1755.51,263871.33,295264.65
106,2024-05-08,126,1534.43,1755.51,265405.75,297020.16
106,2024-05-09,127,1534.43,1755.51,266940.18,298775.67
106,2024-05-10,128,1534.43,1755.51,268474.6,300531.17
106,2024-05-11,129,1534.43,1755.51,270009.03,302286.68
106,2024-05-12,130,1534.43,1755.51,271543.46,304042.19
106,2024-05-13,131,1534.43,1755.51,273077.88,305797.7
106,2024-05-14,132,1534.43,1755.51,274612.31,307553.2
106,2024-05-15,133,4165.74,4939.4,278778.05,312492.61
106,2024-05-16,134,4165.74,4939.4,282943.79,317432.01
106,2024-05-17,135,4165.74,4939.4,287109.53,322371.41
106,2024-05-18,136,4165.74,4939.4,291275.28,327310.81
106,2024-05-19,137,4165.74,4939.4,295441.02,332250.21
106,2024-05-20,138,4165.74,4939.4,299606.76,337189.61
106,2024-05-21,139,4165.74,4939.4,303772.5,342129.01
106,2024-05-22,140,4165.74,4939.4,307938.25,347068.42
106,2024-05-23,141,4165.74,4939.4,312103.99,352007.82
106,2024-05-24,142,4165.74,4939.4,316269.73,356947.22
106,2024-05-25,143,6795.74,8279.5,323065.47,365226.72
106,2024-05-26,144,6795.74,8279.5,329861.21,373506.22
106,2024-05-27,145,6795.74,8279.5,336656.96,381785.72
106,2024-05-28,146,6795.74,8279.5,343452.7,390065.22
106,2024-05-29,147,6795.74,8279.5,350248.44,398344.73
106,2024-05-30,148,6795.74,8279.5,357044.18,406624.23
106,2024-05-31,149,6795.74,8279.5,363839.93,414903.73
106,2024-06-01,150,6795.74,8279.5,370635.67,423183.23
106,2024-06-02,151,6795.74,8279.5,377431.41,431462.73
106,2024-06-03,152,6795.74,8279.5,384227.15,439742.23
106,2024-06-04,153,6795.74,8279.5,391022.9,448021.73
106,2024-06-05,154,5564.03,6863.03,396586.93,454884.77
106,2024-06-06,155,5564.03,6863.03,402150.96,461747.8
106,2024-06-07,156,5564.03,6863.03,407714.99,468610.83
106,2024-06-08,157,5564.03,6863.03,413279.02,475473.87
106,2024-06-09,158,5564.03,6863.03,418843.05,482336.9
106,2024-06-10,159,5564.03,6863.03,424407.08,489199.93
106,2024-06-11,160,5564.03,6863.03,429971.11,496062.97
106,2024-06-12,161,5564.03,6863.03,435535.14,502926
106,2024-06-13,162,5564.03,6863.03,441099.18,509789.03
106,2024-06-14,163,5564.03,6863.03,446663.21,516652.07
106,2024-06-15,164,5564.03,6863.03,452227.24,523515.1
106,2024-06-16,165,5564.03,6863.03,457791.27,530378.13
106,2024-06-17,166,5564.03,6863.03,463355.3,537241.17
106,2024-06-18,167,5564.03,6863.03,468919.33,544104.2
106,2024-06-19,168,5564.03,6863.03,474483.36,550967.23
106,2024-06-20,169,5564.03,6863.03,480047.39,557830.27
106,2024-06-21,170,5564.03,6863.03,485611.42,564693.3
106,2024-06-22,171,5564.03,6863.03,491175.46,571556.33
106,2024-06-23,172,5564.03,6863.03,496739.49,578419.37
106,2024-06-24,173,5564.03,6863.03,502303.52,585282.4
106,2024-06-25,174,2932.71,3679.14,505236.23,588961.54
106,2024-06-26,175,2932.71,3679.14,508168.95,592640.68
106,2024-06-27,176,2932.71,3679.14,511101.66,596319.82
106,2024-06-28,177,2932.71,3679.14,514034.37,599998.96
106,2024-06-29,178,2932.71,3679.14,516967.09,603678.1
106,2024-06-30,179,2932.71,3679.14,519899.8,607357.24
106,2024-07-01,180,2932.71,3679.14,522832.52,611036.38
106,2024-07-02,181,2932.71,3679.14,525765.23,614715.52
106,2024-07-03,182,2932.71,3679.14,528697.94,618394.66
106,2024-07-04,183,2932.71,3679.14,531630.66,622073.8
106,2024-07-05,184,2932.71,3679.14,534563.37,625752.94
106,2024-07-06,185,2932.71,3679.14,537496.08,629432.08
106,2024-07-07,186,2932.71,3679.14,540428.8,633111.21
106,2024-07-08,187,2932.71,3679.14,543361.51,636790.35
106,2024-07-09,188,2932.71,3679.14,546294.23,640469.49
106,2024-07-10,189,2932.71,3679.14,549226.94,644148.63
106,2024-07-11,190,2932.71,3679.14,552159.65,647827.77
106,2024-07-12,191,2932.71,3679.14,555092.37,651506.91
106,2024-07-13,192,2932.71,3679.14,558025.08,655186.05
106,2024-07-14,193,2932.71,3679.14,560957.8,658865.19
106,2024-07-15,194,2932.71,3679.14,563890.51,662544.33
106,2024-07-16,195,2932.71,3679.14,566823.22,666223.47
106,2024-07-17,196,2932.71,3679.14,569755.94,669902.61
106,2024-07-18,197,2932.71,3679.14,572688.65,673581.75
106,2024-07-19,198,2932.71,3679.14,575621.37,677260.89
106,2024-07-20,199,2932.71,3679.14,578554.08,680940.03
106,2024-07-21,200,2932.71,3679.14,581486.79,684619.17
106,2024-07-22,201,2932.71,3679.14,584419.51,688298.31
106,2024-07-23,202,2932.71,3679.14,587352.22,691977.45
106,2024-07-24,203,2932.71,3679.14,590284.94,695656.59
106,2024-07-25,204,2932.71,3679.14,593217.65,699335.73
106,2024-07-26,205,2932.71,3679.14,596150.36,703014.87
106,2024-07-27,206,2932.71,3679.14,599083.08,706694.01
106,2024-07-28,207,2932.71,3679.14,602015.79,710373.15
106,2024-07-29,208,2932.71,3679.14,604948.51,714052.29
106,2024-07-30,209,2932.71,3679.14,607881.22,717731.43
106,2024-07-31,210,2932.71,3679.14,610813.93,721410.57
106,2024-08-01,211,2932.71,3679.14,613746.65,725089.71
106,2024-08-02,212,2932.71,3679.14,616679.36,728768.85
106,2024-08-03,213,2932.71,3679.14,619612.08,732447.99
106,2024-08-04,214,2932.71,3679.14,622544.79,736127.12
106,2024-08-05,215,2932.71,3679.14,625477.5,739806.26
106,2024-08-06,216,2932.71,3679.14,628410.22,743485.4
106,2024-08-07,217,2932.71,3679.14,631342.93,747164.54
106,2024-08-08,218,2932.71,3679.14,634275.65,750843.68
106,2024-08-09,219,2932.71,3679.14,637208.36,754522.82
106,2024-08-10,220,2932.71,3679.14,640141.07,758201.96
106,2024-08-11,221,2932.71,3679.14,643073.79,761881.1
106,2024-08-12,222,2932.71,3679.14,646006.5,765560.24
106,2024-08-13,223,2932.71,3679.14,648939.22,769239.38
106,2024-08-14,224,2932.71,3679.14,651871.93,772918.52
106,2024-08-15,225,2932.71,3679.14,654804.64,776597.66
106,2024-08-16,226,2932.71,3679.14,657737.36,780276.8
106,2024-08-17,227,2932.71,3679.14,660670.07,783955.94
106,2024-08-18,228,2932.71,3679.14,663602.79,787635.08
106,2024-08-19,229,2932.71,3679.14,666535.5,791314.22
106,2024-08-20,230,2932.71,3679.14,669468.21,794993.36
106,2024-08-21,231,2932.71,3679.14,672400.93,798672.5
106,2024-08-22,232,2932.71,3679.14,675333.64,802351.64
106,2024-08-23,233,2932.71,3679.14,678266.36,806030.78
106,2024-08-24,234,2932.71,3679.14,681199.07,809709.92
106,2024-08-25,235,2932.71,3679.14,684131.78,813389.06
106,2024-08-26,236,2932.71,3679.14,687064.5,817068.2
106,2024-08-27,237,2932.71,3679.14,689997.21,820747.34
106,2024-08-28,238,2932.71,3679.14,692929.93,824426.48
106,2024-08-29,239,2932.71,3679.14,695862.64,828105.62
106,2024-08-30,240,2932.71,3679.14,698795.35,831784.76
106,2024-08-31,241,2932.71,3679.14,701728.07,835463.9
106,2024-09-01,242,2932.71,3679.14,704660.78,839143.04
106,2024-09-02,243,2932.71,3679.14,707593.5,842822.17
106,2024-09-03,244,2932.71,3679.14,710526.21,846501.31
106,2024-09-04,245,2932.71,3679.14,713458.92,850180.45
106,2024-09-05,246,2932.71,3679.14,716391.64,853859.59
106,2024-09-06,247,2932.71,3679.14,719324.35,857538.73
106,2024-09-07,248,2932.71,3679.14,722257.07,861217.87
106,2024-09-08,249,2932.71,3679.14,725189.78,864897.01
106,2024-09-09,250,2932.71,3679.14,728122.49,868576.15
106,2024-09-10,251,2932.71,3679.14,731055.21,872255.29
106,2024-09-11,252,2932.71,3679.14,733987.92,875934.43
106,2024-09-12,253,2932.71,3679.14,736920.64,879613.57
106,2024-09-13,254,2932.71,3679.14,739853.35,883292.71
106,2024-09-14,255,2932.71,3679.14,742786.06,886971.85
106,2024-09-15,256,2932.71,3679.14,745718.78,890650.99
106,2024-09-16,257,2932.71,3679.14,748651.49,894330.13
106,2024-09-17,258,2932.71,3679.14,751584.2,898009.27
106,2024-09-18,259,2932.71,3679.14,754516.92,901688.41
106,2024-09-19,260,2932.71,3679.14,757449.63,905367.55
106,2024-09-20,261,2932.71,3679.14,760382.35,909046.69
106,2024-09-21,262,2932.71,3679.14,763315.06,912725.83
106,2024-09-22,263,2932.71,3679.14,766247.77,916404.97
106,2024-09-23,264,2932.71,3679.14,769180.49,920084.11
106,2024-09-24,265,2932.71,3679.14,772113.2,923763.25
106,2024-09-25,266,2932.71,3679.14,775045.92,927442.39
106,2024-09-26,267,2932.71,3679.14,777978.63,931121.53
106,2024-09-27,268,2932.71,3679.14,780911.34,934800.67
106,2024-09-28,269,2932.71,3679.14,783844.06,938479.81
106,2024-09-29,270,2932.71,3679.14,786776.77,942158.95
106,2024-09-30,271,2932.71,3679.14,789709.49,945838.08
106,2024-10-01,272,2932.71,3679.14,792642.2,949517.22
106,2024-10-02,273,2932.71,3679.14,795574.91,953196.36
106,2024-10-03,274,2932.71,3679.14,798507.63,956875.5
106,2024-10-04,275,2932.71,3679.14,801440.34,960554.64
106,2024-10-05,276,2932.71,3679.14,804373.06,964233.78
106,2024-10-06,277,2932.71,3679.14,807305.77,967912.92
106,2024-10-07,278,2932.71,3679.14,810238.48,971592.06
106,2024-10-08,279,2932.71,3679.14,813171.2,975271.2
106,2024-10-09,280,2932.71,3679.14,816103.91,978950.34
106,2024-10-10,281,2932.71,3679.14,819036.63,982629.48
106,2024-10-11,282,2932.71,3679.14,821969.34,986308.62
106,2024-10-12,283,302.71,339.04,822272.05,986647.66
106,2024-10-13,284,302.71,339.04,822574.77,986986.7
106,2024-10-14,285,302.71,339.04,822877.48,987325.74
106,2024-10-15,286,302.71,339.04,823180.2,987664.78
106,2024-10-16,287,302.71,339.04,823482.91,988003.82
106,2024-10-17,288,302.71,339.04,823785.62,988342.86
106,2024-10-18,289,302.71,339.04,824088.34,988681.9
106,2024-10-19,290,302.71,339.04,824391.05,989020.94
106,2024-10-20,291,302.71,339.04,824693.77,989359.98
106,2024-10-21,292,302.71,339.04,824996.48,989699.02
107,2024-02-18,1,192.76,225.53,825189.24,989924.54
107,2024-02-19,2,192.76,225.53,825382,990150.07
107,2024-02-20,3,192.76,225.53,825574.76,990375.6
107,2024-02-21,4,192.76,225.53,825767.51,990601.13
107,2024-02-22,5,192.76,225.53,825960.27,990826.65
107,2024-02-23,6,1143.02,1280.32,827103.29,992106.97
107,2024-02-24,7,1143.02,1280.32,828246.32,993387.29
107,2024-02-25,8,1143.02,1280.32,829389.34,994667.62
107,2024-02-26,9,1143.02,1280.32,830532.36,995947.94
107,2024-02-27,10,1143.02,1280.32,831675.38,997228.26
107,2024-02-28,11,1143.02,1280.32,832818.41,998508.58
107,2024-02-29,12,1143.02,1280.32,833961.43,999788.9
107,2024-03-01,13,1143.02,1280.32,835104.45,1001069.22
107,2024-03-02,14,1143.02,1280.32,836247.47,1002349.54
107,2024-03-03,15,1143.02,1280.32,837390.5,1003629.86
107,2024-03-04,16,1143.02,1280.32,838533.52,1004910.18
107,2024-03-05,17,1143.02,1280.32,839676.54,1006190.5
107,2024-03-06,18,1143.02,1280.32,840819.56,1007470.82
107,2024-03-07,19,1143.02,1280.32,841962.59,1008751.14
107,2024-03-08,20,1143.02,1280.32,843105.61,1010031.46
107,2024-03-09,21,1143.02,1280.32,844248.63,1011311.78
107,2024-03-10,22,1143.02,1280.32,845391.65,1012592.1
107,2024-03-11,23,1143.02,1280.32,846534.68,1013872.42
107,2024-03-12,24,1143.02,1280.32,847677.7,1015152.74
107,2024-03-13,25,1143.02,1280.32,848820.72,1016433.06
107,2024-03-14,26,1143.02,1280.32,849963.74,1017713.38
107,2024-03-15,27,1143.02,1280.32,851106.77,1018993.7
107,2024-03-16,28,1143.02,1280.32,852249.79,1020274.02
107,2024-03-17,29,1143.02,1280.32,853392.81,1021554.35
107,2024-03-18,30,1143.02,1280.32,854535.83,1022834.67
107,2024-03-19,31,1143.02,1280.32,855678.86,1024114.99
107,2024-03-20,32,1143.02,1280.32,856821.88,1025395.31
107,2024-03-21,33,1143.02,1280.32,857964.9,1026675.63
107,2024-03-22,34,1143.02,1280.32,859107.92,1027955.95
107,2024-03-23,35,1143.02,1280.32,860250.95,1029236.27
107,2024-03-24,36,1143.02,1280.32,861393.97,1030516.59
107,2024-03-25,37,1143.02,1280.32,862536.99,1031796.91
107,2024-03-26,38,1143.02,1280.32,863680.01,1033077.23
107,2024-03-27,39,1143.02,1280.32,864823.04,1034357.55
107,2024-03-28,40,1143.02,1280.32,865966.06,1035637.87
107,2024-03-29,41,1143.02,1280.32,867109.08,1036918.19
107,2024-03-30,42,1143.02,1280.32,868252.1,1038198.51
107,2024-03-31,43,1143.02,1280.32,869395.13,1039478.83
107,2024-04-01,44,1143.02,1280.32,870538.15,1040759.15
107,2024-04-02,45,1143.02,1280.32,871681.17,1042039.47
107,2024-04-03,46,1143.02,1280.32,872824.19,1043319.79
107,2024-04-04,47,1143.02,1280.32,873967.22,1044600.11
107,2024-04-05,48,1143.02,1280.32,875110.24,1045880.43
107,2024-04-06,49,1143.02,1280.32,876253.26,1047160.75
107,2024-04-07,50,1143.02,1280.32,877396.28,1048441.08
107,2024-04-08,51,1143.02,1280.32,878539.31,1049721.4
107,2024-04-09,52,1143.02,1280.32,879682.33,1051001.72
107,2024-04-10,53,1143.02,1280.32,880825.35,1052282.04
107,2024-04-11,54,1143.02,1280.32,881968.37,1053562.36
107,2024-04-12,55,1143.02,1280.32,883111.4,1054842.68
107,2024-04-13,56,1143.02,1280.32,884254.42,1056123
107,2024-04-14,57,1143.02,1280.32,885397.44,1057403.32
107,2024-04-15,58,2654.64,2973.33,888052.08,1060376.65
107,2024-04-16,59,1704.37,1918.53,889756.45,1062295.18
107,2024-04-17,60,1704.37,1918.53,891460.82,1064213.71
107,2024-04-18,61,1704.37,1918.53,893165.19,1066132.25
107,2024-04-19,62,1704.37,1918.53,894869.56,1068050.78
107,2024-04-20,63,1704.37,1918.53,896573.93,1069969.31
107,2024-04-21,64,1704.37,1918.53,898278.3,1071887.85
107,2024-04-22,65,1704.37,1918.53,899982.68,1073806.38
107,2024-04-23,66,1704.37,1918.53,901687.05,1075724.92
107,2024-04-24,67,1704.37,1918.53,903391.42,1077643.45
107,2024-04-25,68,1704.37,1918.53,905095.79,1079561.98
107,2024-04-26,69,1704.37,1918.53,906800.16,1081480.52
107,2024-04-27,70,1704.37,1918.53,908504.53,1083399.05
107,2024-04-28,71,1704.37,1918.53,910208.9,1085317.58
107,2024-04-29,72,1704.37,1918.53,911913.27,1087236.12
107,2024-04-30,73,1704.37,1918.53,913617.65,1089154.65
107,2024-05-01,74,1704.37,1918.53,915322.02,1091073.19
107,2024-05-02,75,1704.37,1918.53,917026.39,1092991.72
107,2024-05-03,76,1704.37,1918.53,918730.76,1094910.25
107,2024-05-04,77,1704.37,1918.53,920435.13,1096828.79
107,2024-05-05,78,1704.37,1918.53,922139.5,1098747.32
107,2024-05-06,79,1704.37,1918.53,923843.87,1100665.85
107,2024-05-07,80,1704.37,1918.53,925548.24,1102584.39
107,2024-05-08,81,1704.37,1918.53,927252.62,1104502.92
107,2024-05-09,82,1704.37,1918.53,928956.99,1106421.45
107,2024-05-10,83,1704.37,1918.53,930661.36,1108339.99
107,2024-05-11,84,1704.37,1918.53,932365.73,1110258.52
107,2024-05-12,85,1704.37,1918.53,934070.1,1112177.06
107,2024-05-13,86,1704.37,1918.53,935774.47,1114095.59
107,2024-05-14,87,1704.37,1918.53,937478.84,1116014.12
107,2024-05-15,88,1704.37,1918.53,939183.21,1117932.66
107,2024-05-16,89,1704.37,1918.53,940887.59,1119851.19
107,2024-05-17,90,1704.37,1918.53,942591.96,1121769.72
107,2024-05-18,91,1704.37,1918.53,944296.33,1123688.26
107,2024-05-19,92,1704.37,1918.53,946000.7,1125606.79
107,2024-05-20,93,1704.37,1918.53,947705.07,1127525.33
107,2024-05-21,94,1704.37,1918.53,949409.44,1129443.86
107,2024-05-22,95,1704.37,1918.53,951113.81,1131362.39
107,2024-05-23,96,1704.37,1918.53,952818.18,1133280.93
107,2024-05-24,97,1704.37,1918.53,954522.56,1135199.46
107,2024-05-25,98,1704.37,1918.53,956226.93,1137117.99
107,2024-05-26,99,1704.37,1918.53,957931.3,1139036.53
107,2024-05-27,100,1704.37,1918.53,959635.67,1140955.06
107,2024-05-28,101,1704.37,1918.53,961340.04,1142873.6
107,2024-05-29,102,1704.37,1918.53,963044.41,1144792.13
107,2024-05-30,103,1704.37,1918.53,964748.78,1146710.66
107,2024-05-31,104,1704.37,1918.53,966453.15,1148629.2
107,2024-06-01,105,1704.37,1918.53,968157.53,1150547.73
107,2024-06-02,106,1704.37,1918.53,969861.9,1152466.26
107,2024-06-03,107,1704.37,1918.53,971566.27,1154384.8
107,2024-06-04,108,1704.37,1918.53,973270.64,1156303.33
107,2024-06-05,109,1704.37,1918.53,974975.01,1158221.87
107,2024-06-06,110,1704.37,1918.53,976679.38,1160140.4
107,2024-06-07,111,1704.37,1918.53,978383.75,1162058.93
107,2024-06-08,112,1704.37,1918.53,980088.12,1163977.47
107,2024-06-09,113,1704.37,1918.53,981792.5,1165896
107,2024-06-10,114,1704.37,1918.53,983496.87,1167814.53
107,2024-06-11,115,1704.37,1918.53,985201.24,1169733.07
107,2024-06-12,116,1704.37,1918.53,986905.61,1171651.6
107,2024-06-13,117,1704.37,1918.53,988609.98,1173570.14
107,2024-06-14,118,1704.37,1918.53,990314.35,1175488.67
107,2024-06-15,119,1704.37,1918.53,992018.72,1177407.2
107,2024-06-16,120,1704.37,1918.53,993723.09,1179325.74
107,2024-06-17,121,1704.37,1918.53,995427.47,1181244.27
107,2024-06-18,122,1704.37,1918.53,997131.84,1183162.8
107,2024-06-19,123,1704.37,1918.53,998836.21,1185081.34
107,2024-06-20,124,1704.37,1918.53,1000540.58,1186999.87
107,2024-06-21,125,1704.37,1918.53,1002244.95,1188918.4
107,2024-06-22,126,1704.37,1918.53,1003949.32,1190836.94
107,2024-06-23,127,1704.37,1918.53,1005653.69,1192755.47
107,2024-06-24,128,1704.37,1918.53,1007358.06,1194674.01
107,2024-06-25,129,1704.37,1918.53,1009062.44,1196592.54
107,2024-06-26,130,3438.37,4016.67,1012500.81,1200609.21
107,2024-06-27,131,3438.37,4016.67,1015939.18,1204625.89
107,2024-06-28,132,3438.37,4016.67,1019377.55,1208642.56
107,2024-06-29,133,3438.37,4016.67,1022815.92,1212659.23
107,2024-06-30,134,3438.37,4016.67,1026254.29,1216675.91
107,2024-07-01,135,3438.37,4016.67,1029692.66,1220692.58
107,2024-07-02,136,3438.37,4016.67,1033131.03,1224709.26
107,2024-07-03,137,3438.37,4016.67,1036569.41,1228725.93
107,2024-07-04,138,3438.37,4016.67,1040007.78,1232742.6
107,2024-07-05,139,3438.37,4016.67,1043446.15,1236759.28
107,2024-07-06,140,5107.52,6053.03,1048553.67,1242812.31
107,2024-07-07,141,5107.52,6053.03,1053661.18,1248865.34
107,2024-07-08,142,5107.52,6053.03,1058768.7,1254918.37
107,2024-07-09,143,5107.52,6053.03,1063876.22,1260971.4
107,2024-07-10,144,5107.52,6053.03,1068983.74,1267024.44
107,2024-07-11,145,5107.52,6053.03,1074091.25,1273077.47
107,2024-07-12,146,5107.52,6053.03,1079198.77,1279130.5
107,2024-07-13,147,5107.52,6053.03,1084306.29,1285183.53
107,2024-07-14,148,5107.52,6053.03,1089413.8,1291236.56
107,2024-07-15,149,5107.52,6053.03,1094521.32,1297289.6
107,2024-07-16,150,5107.52,6053.03,1099628.84,1303342.63
107,2024-07-17,151,3595.9,4360.03,1103224.74,1307702.65
107,2024-07-18,152,3595.9,4360.03,1106820.65,1312062.68
107,2024-07-19,153,3595.9,4360.03,1110416.55,1316422.7
107,2024-07-20,154,3595.9,4360.03,1114012.46,1320782.73
107,2024-07-21,155,3595.9,4360.03,1117608.36,1325142.76
107,2024-07-22,156,3595.9,4360.03,1121204.27,1329502.78
107,2024-07-23,157,3595.9,4360.03,1124800.17,1333862.81
107,2024-07-24,158,3595.9,4360.03,1128396.07,1338222.83
107,2024-07-25,159,3595.9,4360.03,1131991.98,1342582.86
107,2024-07-26,160,3595.9,4360.03,1135587.88,1346942.88
107,2024-07-27,161,3595.9,4360.03,1139183.79,1351302.91
107,2024-07-28,162,3595.9,4360.03,1142779.69,1355662.93
107,2024-07-29,163,3595.9,4360.03,1146375.6,1360022.96
107,2024-07-30,164,3595.9,4360.03,1149971.5,1364382.98
107,2024-07-31,165,3595.9,4360.03,1153567.41,1368743.01
107,2024-08-01,166,3595.9,4360.03,1157163.31,1373103.04
107,2024-08-02,167,3595.9,4360.03,1160759.21,1377463.06
107,2024-08-03,168,3595.9,4360.03,1164355.12,1381823.09
107,2024-08-04,169,3595.9,4360.03,1167951.02,1386183.11
107,2024-08-05,170,3595.9,4360.03,1171546.93,1390543.14
107,2024-08-06,171,3595.9,4360.03,1175142.83,1394903.16
107,2024-08-07,172,3595.9,4360.03,1178738.74,1399263.19
107,2024-08-08,173,3595.9,4360.03,1182334.64,1403623.21
107,2024-08-09,174,3595.9,4360.03,1185930.55,1407983.24
107,2024-08-10,175,3595.9,4360.03,1189526.45,1412343.26
107,2024-08-11,176,3595.9,4360.03,1193122.35,1416703.29
107,2024-08-12,177,3595.9,4360.03,1196718.26,1421063.32
107,2024-08-13,178,3595.9,4360.03,1200314.16,1425423.34
107,2024-08-14,179,1861.9,2261.89,1202176.07,1427685.23
107,2024-08-15,180,1861.9,2261.89,1204037.97,1429947.11
107,2024-08-16,181,1861.9,2261.89,1205899.88,1432209
107,2024-08-17,182,1861.9,2261.89,1207761.78,1434470.88
107,2024-08-18,183,1861.9,2261.89,1209623.68,1436732.77
107,2024-08-19,184,1861.9,2261.89,1211485.59,1438994.65
107,2024-08-20,185,1861.9,2261.89,1213347.49,1441256.54
107,2024-08-21,186,1861.9,2261.89,1215209.4,1443518.42
107,2024-08-22,187,1861.9,2261.89,1217071.3,1445780.31
107,2024-08-23,188,1861.9,2261.89,1218933.21,1448042.2
107,2024-08-24,189,1861.9,2261.89,1220795.11,1450304.08
107,2024-08-25,190,1861.9,2261.89,1222657.02,1452565.97
107,2024-08-26,191,1861.9,2261.89,1224518.92,1454827.85
107,2024-08-27,192,1861.9,2261.89,1226380.82,1457089.74
107,2024-08-28,193,1861.9,2261.89,1228242.73,1459351.62
107,2024-08-29,194,1861.9,2261.89,1230104.63,1461613.51
107,2024-08-30,195,1861.9,2261.89,1231966.54,1463875.39
107,2024-08-31,196,1861.9,2261.89,1233828.44,1466137.28
107,2024-09-01,197,1861.9,2261.89,1235690.35,1468399.17
107,2024-09-02,198,1861.9,2261.89,1237552.25,1470661.05
107,2024-09-03,199,1861.9,2261.89,1239414.16,1472922.94
107,2024-09-04,200,1861.9,2261.89,1241276.06,1475184.82
107,2024-09-05,201,1861.9,2261.89,1243137.96,1477446.71
107,2024-09-06,202,1861.9,2261.89,1244999.87,1479708.59
107,2024-09-07,203,1861.9,2261.89,1246861.77,1481970.48
107,2024-09-08,204,1861.9,2261.89,1248723.68,1484232.36
107,2024-09-09,205,1861.9,2261.89,1250585.58,1486494.25
107,2024-09-10,206,1861.9,2261.89,1252447.49,1488756.13
107,2024-09-11,207,1861.9,2261.89,1254309.39,1491018.02
107,2024-09-12,208,1861.9,2261.89,1256171.3,1493279.91
107,2024-09-13,209,1861.9,2261.89,1258033.2,1495541.79
107,2024-09-14,210,1861.9,2261.89,1259895.1,1497803.68
107,2024-09-15,211,1861.9,2261.89,1261757.01,1500065.56
107,2024-09-16,212,1861.9,2261.89,1263618.91,1502327.45
107,2024-09-17,213,1861.9,2261.89,1265480.82,1504589.33
107,2024-09-18,214,1861.9,2261.89,1267342.72,1506851.22
107,2024-09-19,215,1861.9,2261.89,1269204.63,1509113.1
107,2024-09-20,216,1861.9,2261.89,1271066.53,1511374.99
107,2024-09-21,217,1861.9,2261.89,1272928.43,1513636.87
107,2024-09-22,218,1861.9,2261.89,1274790.34,1515898.76
107,2024-09-23,219,1861.9,2261.89,1276652.24,1518160.65
107,2024-09-24,220,1861.9,2261.89,1278514.15,1520422.53
107,2024-09-25,221,1861.9,2261.89,1280376.05,1522684.42
107,2024-09-26,222,1861.9,2261.89,1282237.96,1524946.3
107,2024-09-27,223,1861.9,2261.89,1284099.86,1527208.19
107,2024-09-28,224,1861.9,2261.89,1285961.77,1529470.07
107,2024-09-29,225,1861.9,2261.89,1287823.67,1531731.96
107,2024-09-30,226,1861.9,2261.89,1289685.57,1533993.84
107,2024-10-01,227,1861.9,2261.89,1291547.48,1536255.73
107,2024-10-02,228,1861.9,2261.89,1293409.38,1538517.61
107,2024-10-03,229,1861.9,2261.89,1295271.29,1540779.5
107,2024-10-04,230,1861.9,2261.89,1297133.19,1543041.39
107,2024-10-05,231,1861.9,2261.89,1298995.1,1545303.27
107,2024-10-06,232,1861.9,2261.89,1300857,1547565.16
107,2024-10-07,233,1861.9,2261.89,1302718.91,1549827.04
107,2024-10-08,234,1861.9,2261.89,1304580.81,1552088.93
107,2024-10-09,235,1861.9,2261.89,1306442.71,1554350.81
107,2024-10-10,236,1861.9,2261.89,1308304.62,1556612.7
107,2024-10-11,237,1861.9,2261.89,1310166.52,1558874.58
107,2024-10-12,238,1861.9,2261.89,1312028.43,1561136.47
107,2024-10-13,239,1861.9,2261.89,1313890.33,1563398.35
107,2024-10-14,240,1861.9,2261.89,1315752.24,1565660.24
107,2024-10-15,241,1861.9,2261.89,1317614.14,1567922.13
107,2024-10-16,242,1861.9,2261.89,1319476.05,1570184.01
107,2024-10-17,243,1861.9,2261.89,1321337.95,1572445.9
107,2024-10-18,244,1861.9,2261.89,1323199.85,1574707.78
107,2024-10-19,245,1861.9,2261.89,1325061.76,1576969.67
107,2024-10-20,246,1861.9,2261.89,1326923.66,1579231.55
107,2024-10-21,247,1861.9,2261.89,1328785.57,1581493.44
107,2024-10-22,248,1861.9,2261.89,1330647.47,1583755.32
107,2024-10-23,249,1861.9,2261.89,1332509.38,1586017.21
107,2024-10-24,250,1861.9,2261.89,1334371.28,1588279.1
107,2024-10-25,251,1861.9,2261.89,1336233.19,1590540.98
107,2024-10-26,252,1861.9,2261.89,1338095.09,1592802.87
107,2024-10-27,253,1861.9,2261.89,1339956.99,1595064.75
107,2024-10-28,254,1861.9,2261.89,1341818.9,1597326.64
107,2024-10-29,255,1861.9,2261.89,1343680.8,1599588.52
107,2024-10-30,256,1861.9,2261.89,1345542.71,1601850.41
107,2024-10-31,257,1861.9,2261.89,1347404.61,1604112.29
107,2024-11-01,258,1861.9,2261.89,1349266.52,1606374.18
107,2024-11-02,259,1861.9,2261.89,1351128.42,1608636.06
107,2024-11-03,260,1861.9,2261.89,1352990.32,1610897.95
107,2024-11-04,261,1861.9,2261.89,1354852.23,1613159.84
107,2024-11-05,262,1861.9,2261.89,1356714.13,1615421.72
107,2024-11-06,263,1861.9,2261.89,1358576.04,1617683.61
107,2024-11-07,264,1861.9,2261.89,1360437.94,1619945.49
107,2024-11-08,265,1861.9,2261.89,1362299.85,1622207.38
107,2024-11-09,266,1861.9,2261.89,1364161.75,1624469.26
107,2024-11-10,267,1861.9,2261.89,1366023.66,1626731.15
107,2024-11-11,268,1861.9,2261.89,1367885.56,1628993.03
107,2024-11-12,269,1861.9,2261.89,1369747.46,1631254.92
107,2024-11-13,270,1861.9,2261.89,1371609.37,1633516.8
107,2024-11-14,271,1861.9,2261.89,1373471.27,1635778.69
107,2024-11-15,272,1861.9,2261.89,1375333.18,1638040.58
107,2024-11-16,273,1861.9,2261.89,1377195.08,1640302.46
107,2024-11-17,274,1861.9,2261.89,1379056.99,1642564.35
107,2024-11-18,275,1861.9,2261.89,1380918.89,1644826.23
107,2024-11-19,276,1861.9,2261.89,1382780.8,1647088.12
107,2024-11-20,277,1861.9,2261.89,1384642.7,1649350
107,2024-11-21,278,1861.9,2261.89,1386504.6,1651611.89
107,2024-11-22,279,1861.9,2261.89,1388366.51,1653873.77
107,2024-11-23,280,1861.9,2261.89,1390228.41,1656135.66
107,2024-11-24,281,1861.9,2261.89,1392090.32,1658397.54
107,2024-11-25,282,1861.9,2261.89,1393952.22,1660659.43
107,2024-11-26,283,1861.9,2261.89,1395814.13,1662921.32
107,2024-11-27,284,1861.9,2261.89,1397676.03,1665183.2
107,2024-11-28,285,1861.9,2261.89,1399537.94,1667445.09
107,2024-11-29,286,1861.9,2261.89,1401399.84,1669706.97
107,2024-11-30,287,1861.9,2261.89,1403261.74,1671968.86
107,2024-12-01,288,1861.9,2261.89,1405123.65,1674230.74
107,2024-12-02,289,1861.9,2261.89,1406985.55,1676492.63
107,2024-12-03,290,1861.9,2261.89,1408847.46,1678754.51
107,2024-12-04,291,1861.9,2261.89,1410709.36,1681016.4
107,2024-12-05,292,1861.9,2261.89,1412571.27,1683278.28
107,2024-12-06,293,1861.9,2261.89,1414433.17,1685540.17
107,2024-12-07,294,1861.9,2261.89,1416295.07,1687802.06
107,2024-12-08,295,1861.9,2261.89,1418156.98,1690063.94
107,2024-12-09,296,1861.9,2261.89,1420018.88,1692325.83
107,2024-12-10,297,1861.9,2261.89,1421880.79,1694587.71
107,2024-12-11,298,1861.9,2261.89,1423742.69,1696849.6
107,2024-12-12,299,1861.9,2261.89,1425604.6,1699111.48
107,2024-12-13,300,1861.9,2261.89,1427466.5,1701373.37
107,2024-12-14,301,1861.9,2261.89,1429328.41,1703635.25
107,2024-12-15,302,1861.9,2261.89,1431190.31,1705897.14
107,2024-12-16,303,1861.9,2261.89,1433052.21,1708159.02
107,2024-12-17,304,1861.9,2261.89,1434914.12,1710420.91
107,2024-12-18,305,1861.9,2261.89,1436776.02,1712682.8
107,2024-12-19,306,1861.9,2261.89,1438637.93,1714944.68
107,2024-12-20,307,1861.9,2261.89,1440499.83,1717206.57
107,2024-12-21,308,1861.9,2261.89,1442361.74,1719468.45
107,2024-12-22,309,1861.9,2261.89,1444223.64,1721730.34
107,2024-12-23,310,1861.9,2261.89,1446085.55,1723992.22
107,2024-12-24,311,1861.9,2261.89,1447947.45,1726254.11
107,2024-12-25,312,1861.9,2261.89,1449809.35,1728515.99
107,2024-12-26,313,1861.9,2261.89,1451671.26,1730777.88
107,2024-12-27,314,1861.9,2261.89,1453533.16,1733039.77
107,2024-12-28,315,1861.9,2261.89,1455395.07,1735301.65
107,2024-12-29,316,1861.9,2261.89,1457256.97,1737563.54
107,2024-12-30,317,1861.9,2261.89,1459118.88,1739825.42
107,2024-12-31,318,192.76,225.53,1459311.63,1740050.95
107,2025-01-01,319,192.76,225.53,1459504.39,1740276.48
107,2025-01-02,320,192.76,225.53,1459697.15,1740502
107,2025-01-03,321,192.76,225.53,1459889.91,1740727.53
107,2025-01-04,322,192.76,225.53,1460082.67,1740953.06
107,2025-01-05,323,192.76,225.53,1460275.43,1741178.59
107,2025-01-06,324,192.76,225.53,1460468.18,1741404.11
107,2025-01-07,325,192.76,225.53,1460660.94,1741629.64
107,2025-01-08,326,192.76,225.53,1460853.7,1741855.17
107,2025-01-09,327,192.76,225.53,1461046.46,1742080.69
109,2024-04-12,1,197.87,217.65,1461244.33,1742298.35
109,2024-04-13,2,197.87,217.65,1461442.19,1742516
109,2024-04-14,3,197.87,217.65,1461640.06,1742733.66
109,2024-04-15,4,197.87,217.65,1461837.93,1742951.31
109,2024-04-16,5,197.87,217.65,1462035.8,1743168.97
109,2024-04-17,6,1175.47,1361.45,1463211.26,1744530.41
109,2024-04-18,7,1175.47,1361.45,1464386.73,1745891.86
109,2024-04-19,8,1175.47,1361.45,1465562.2,1747253.3
109,2024-04-20,9,1175.47,1361.45,1466737.67,1748614.75
109,2024-04-21,10,1175.47,1361.45,1467913.13,1749976.2
109,2024-04-22,11,1175.47,1361.45,1469088.6,1751337.64
109,2024-04-23,12,1175.47,1361.45,1470264.07,1752699.09
109,2024-04-24,13,1175.47,1361.45,1471439.54,1754060.53
109,2024-04-25,14,1175.47,1361.45,1472615,1755421.98
109,2024-04-26,15,1175.47,1361.45,1473790.47,1756783.43
109,2024-04-27,16,1175.47,1361.45,1474965.94,1758144.87
109,2024-04-28,17,1175.47,1361.45,1476141.41,1759506.32
109,2024-04-29,18,1175.47,1361.45,1477316.87,1760867.77
109,2024-04-30,19,1175.47,1361.45,1478492.34,1762229.21
109,2024-05-01,20,1175.47,1361.45,1479667.81,1763590.66
109,2024-05-02,21,1175.47,1361.45,1480843.28,1764952.1
109,2024-05-03,22,1175.47,1361.45,1482018.74,1766313.55
109,2024-05-04,23,1175.47,1361.45,1483194.21,1767675
109,2024-05-05,24,1175.47,1361.45,1484369.68,1769036.44
109,2024-05-06,25,2332.33,2691.84,1486702.01,1771728.28
109,2024-05-07,26,1354.73,1548.04,1488056.73,1773276.32
109,2024-05-08,27,1354.73,1548.04,1489411.46,1774824.37
109,2024-05-09,28,1354.73,1548.04,1490766.19,1776372.41
109,2024-05-10,29,1354.73,1548.04,1492120.92,1777920.45
109,2024-05-11,30,1354.73,1548.04,1493475.65,1779468.5
109,2024-05-12,31,1354.73,1548.04,1494830.38,1781016.54
109,2024-05-13,32,1354.73,1548.04,1496185.1,1782564.59
109,2024-05-14,33,1354.73,1548.04,1497539.83,1784112.63
109,2024-05-15,34,1354.73,1548.04,1498894.56,1785660.67
109,2024-05-16,35,1354.73,1548.04,1500249.29,1787208.72
109,2024-05-17,36,1354.73,1548.04,1501604.02,1788756.76
109,2024-05-18,37,1354.73,1548.04,1502958.74,1790304.81
109,2024-05-19,38,1354.73,1548.04,1504313.47,1791852.85
109,2024-05-20,39,1354.73,1548.04,1505668.2,1793400.89
109,2024-05-21,40,1354.73,1548.04,1507022.93,1794948.94
109,2024-05-22,41,1354.73,1548.04,1508377.66,1796496.98
109,2024-05-23,42,1354.73,1548.04,1509732.39,1798045.03
109,2024-05-24,43,1354.73,1548.04,1511087.11,1799593.07
109,2024-05-25,44,1354.73,1548.04,1512441.84,1801141.12
109,2024-05-26,45,1354.73,1548.04,1513796.57,1802689.16
109,2024-05-27,46,1354.73,1548.04,1515151.3,1804237.2
109,2024-05-28,47,1354.73,1548.04,1516506.03,1805785.25
109,2024-05-29,48,1354.73,1548.04,1517860.75,1807333.29
109,2024-05-30,49,1354.73,1548.04,1519215.48,1808881.34
109,2024-05-31,50,1354.73,1548.04,1520570.21,1810429.38
109,2024-06-01,51,1354.73,1548.04,1521924.94,1811977.42
109,2024-06-02,52,1354.73,1548.04,1523279.67,1813525.47
109,2024-06-03,53,1354.73,1548.04,1524634.4,1815073.51
109,2024-06-04,54,1354.73,1548.04,1525989.12,1816621.56
109,2024-06-05,55,1354.73,1548.04,1527343.85,1818169.6
109,2024-06-06,56,1354.73,1548.04,1528698.58,1819717.64
109,2024-06-07,57,1354.73,1548.04,1530053.31,1821265.69
109,2024-06-08,58,1354.73,1548.04,1531408.04,1822813.73
109,2024-06-09,59,1354.73,1548.04,1532762.76,1824361.78
109,2024-06-10,60,1354.73,1548.04,1534117.49,1825909.82
109,2024-06-11,61,1354.73,1548.04,1535472.22,1827457.86
109,2024-06-12,62,1354.73,1548.04,1536826.95,1829005.91
109,2024-06-13,63,1354.73,1548.04,1538181.68,1830553.95
109,2024-06-14,64,1354.73,1548.04,1539536.41,1832102
109,2024-06-15,65,1354.73,1548.04,1540891.13,1833650.04
109,2024-06-16,66,1354.73,1548.04,1542245.86,1835198.08
109,2024-06-17,67,1354.73,1548.04,1543600.59,1836746.13
109,2024-06-18,68,1354.73,1548.04,1544955.32,1838294.17
109,2024-06-19,69,1354.73,1548.04,1546310.05,1839842.22
109,2024-06-20,70,1354.73,1548.04,1547664.77,1841390.26
109,2024-06-21,71,1354.73,1548.04,1549019.5,1842938.3
109,2024-06-22,72,1354.73,1548.04,1550374.23,1844486.35
109,2024-06-23,73,1354.73,1548.04,1551728.96,1846034.39
109,2024-06-24,74,1354.73,1548.04,1553083.69,1847582.44
109,2024-06-25,75,1354.73,1548.04,1554438.42,1849130.48
109,2024-06-26,76,1354.73,1548.04,1555793.14,1850678.52
109,2024-06-27,77,1354.73,1548.04,1557147.87,1852226.57
109,2024-06-28,78,1354.73,1548.04,1558502.6,1853774.61
109,2024-06-29,79,1354.73,1548.04,1559857.33,1855322.66
109,2024-06-30,80,1354.73,1548.04,1561212.06,1856870.7
109,2024-07-01,81,1354.73,1548.04,1562566.79,1858418.74
109,2024-07-02,82,1354.73,1548.04,1563921.51,1859966.79
109,2024-07-03,83,3146.05,3840.93,1567067.56,1863807.72
109,2024-07-04,84,3146.05,3840.93,1570213.6,1867648.65
109,2024-07-05,85,3146.05,3840.93,1573359.65,1871489.58
109,2024-07-06,86,3146.05,3840.93,1576505.69,1875330.51
109,2024-07-07,87,3146.05,3840.93,1579651.74,1879171.44
109,2024-07-08,88,3146.05,3840.93,1582797.78,1883012.37
109,2024-07-09,89,3146.05,3840.93,1585943.83,1886853.3
109,2024-07-10,90,3146.05,3840.93,1589089.88,1890694.23
109,2024-07-11,91,3146.05,3840.93,1592235.92,1894535.16
109,2024-07-12,92,3146.05,3840.93,1595381.97,1898376.09
109,2024-07-13,93,4644.93,5489.71,1600026.9,1903865.8
109,2024-07-14,94,4644.93,5489.71,1604671.83,1909355.5
109,2024-07-15,95,4644.93,5489.71,1609316.77,1914845.21
109,2024-07-16,96,4644.93,5489.71,1613961.7,1920334.92
109,2024-07-17,97,4644.93,5489.71,1618606.64,1925824.63
109,2024-07-18,98,4644.93,5489.71,1623251.57,1931314.33
109,2024-07-19,99,4644.93,5489.71,1627896.5,1936804.04
109,2024-07-20,100,4644.93,5489.71,1632541.44,1942293.75
109,2024-07-21,101,4644.93,5489.71,1637186.37,1947783.46
109,2024-07-22,102,4644.93,5489.71,1641831.31,1953273.16
109,2024-07-23,103,4644.93,5489.71,1646476.24,1958762.87
109,2024-07-24,104,3488.07,4159.32,1649964.31,1962922.19
109,2024-07-25,105,3488.07,4159.32,1653452.39,1967081.51
109,2024-07-26,106,3488.07,4159.32,1656940.46,1971240.83
109,2024-07-27,107,3488.07,4159.32,1660428.54,1975400.14
109,2024-07-28,108,3488.07,4159.32,1663916.61,1979559.46
109,2024-07-29,109,3488.07,4159.32,1667404.68,1983718.78
109,2024-07-30,110,3488.07,4159.32,1670892.76,1987878.1
109,2024-07-31,111,3488.07,4159.32,1674380.83,1992037.41
109,2024-08-01,112,3488.07,4159.32,1677868.9,1996196.73
109,2024-08-02,113,3488.07,4159.32,1681356.98,2000356.05
109,2024-08-03,114,3488.07,4159.32,1684845.05,2004515.37
109,2024-08-04,115,3488.07,4159.32,1688333.12,2008674.69
109,2024-08-05,116,3488.07,4159.32,1691821.2,2012834
109,2024-08-06,117,3488.07,4159.32,1695309.27,2016993.32
109,2024-08-07,118,3488.07,4159.32,1698797.34,2021152.64
109,2024-08-08,119,3488.07,4159.32,1702285.42,2025311.96
109,2024-08-09,120,3488.07,4159.32,1705773.49,2029471.27
109,2024-08-10,121,3488.07,4159.32,1709261.56,2033630.59
109,2024-08-11,122,3488.07,4159.32,1712749.64,2037789.91
109,2024-08-12,123,3488.07,4159.32,1716237.71,2041949.23
109,2024-08-13,124,1696.76,1866.43,1717934.47,2043815.66
109,2024-08-14,125,1696.76,1866.43,1719631.22,2045682.09
109,2024-08-15,126,1696.76,1866.43,1721327.98,2047548.52
109,2024-08-16,127,1696.76,1866.43,1723024.73,2049414.96
109,2024-08-17,128,1696.76,1866.43,1724721.49,2051281.39
109,2024-08-18,129,1696.76,1866.43,1726418.25,2053147.82
109,2024-08-19,130,1696.76,1866.43,1728115,2055014.25
109,2024-08-20,131,1696.76,1866.43,1729811.76,2056880.68
109,2024-08-21,132,1696.76,1866.43,1731508.52,2058747.12
109,2024-08-22,133,1696.76,1866.43,1733205.27,2060613.55
109,2024-08-23,134,1696.76,1866.43,1734902.03,2062479.98
109,2024-08-24,135,1696.76,1866.43,1736598.79,2064346.41
109,2024-08-25,136,1696.76,1866.43,1738295.54,2066212.84
109,2024-08-26,137,1696.76,1866.43,1739992.3,2068079.28
109,2024-08-27,138,1696.76,1866.43,1741689.05,2069945.71
109,2024-08-28,139,1696.76,1866.43,1743385.81,2071812.14
109,2024-08-29,140,1696.76,1866.43,1745082.57,2073678.57
109,2024-08-30,141,1696.76,1866.43,1746779.32,2075545
109,2024-08-31,142,1696.76,1866.43,1748476.08,2077411.44
109,2024-09-01,143,1696.76,1866.43,1750172.84,2079277.87
109,2024-09-02,144,1696.76,1866.43,1751869.59,2081144.3
109,2024-09-03,145,1696.76,1866.43,1753566.35,2083010.73
109,2024-09-04,146,1696.76,1866.43,1755263.1,2084877.16
109,2024-09-05,147,1696.76,1866.43,1756959.86,2086743.6
109,2024-09-06,148,1696.76,1866.43,1758656.62,2088610.03
109,2024-09-07,149,1696.76,1866.43,1760353.37,2090476.46
109,2024-09-08,150,1696.76,1866.43,1762050.13,2092342.89
109,2024-09-09,151,1696.76,1866.43,1763746.89,2094209.32
109,2024-09-10,152,1696.76,1866.43,1765443.64,2096075.75
109,2024-09-11,153,1696.76,1866.43,1767140.4,2097942.19
109,2024-09-12,154,1696.76,1866.43,1768837.16,2099808.62
109,2024-09-13,155,1696.76,1866.43,1770533.91,2101675.05
109,2024-09-14,156,1696.76,1866.43,1772230.67,2103541.48
109,2024-09-15,157,1696.76,1866.43,1773927.42,2105407.91
109,2024-09-16,158,1696.76,1866.43,1775624.18,2107274.35
109,2024-09-17,159,1696.76,1866.43,1777320.94,2109140.78
109,2024-09-18,160,1696.76,1866.43,1779017.69,2111007.21
109,2024-09-19,161,1696.76,1866.43,1780714.45,2112873.64
109,2024-09-20,162,1696.76,1866.43,1782411.21,2114740.07
109,2024-09-21,163,1696.76,1866.43,1784107.96,2116606.51
109,2024-09-22,164,1696.76,1866.43,1785804.72,2118472.94
109,2024-09-23,165,1696.76,1866.43,1787501.47,2120339.37
109,2024-09-24,166,1696.76,1866.43,1789198.23,2122205.8
109,2024-09-25,167,1696.76,1866.43,1790894.99,2124072.23
109,2024-09-26,168,1696.76,1866.43,1792591.74,2125938.67
109,2024-09-27,169,1696.76,1866.43,1794288.5,2127805.1
109,2024-09-28,170,1696.76,1866.43,1795985.26,2129671.53
109,2024-09-29,171,1696.76,1866.43,1797682.01,2131537.96
109,2024-09-30,172,1696.76,1866.43,1799378.77,2133404.39
109,2024-10-01,173,1696.76,1866.43,1801075.53,2135270.83
109,2024-10-02,174,1696.76,1866.43,1802772.28,2137137.26
109,2024-10-03,175,1696.76,1866.43,1804469.04,2139003.69
109,2024-10-04,176,1696.76,1866.43,1806165.79,2140870.12
109,2024-10-05,177,1696.76,1866.43,1807862.55,2142736.55
109,2024-10-06,178,1696.76,1866.43,1809559.31,2144602.99
109,2024-10-07,179,1696.76,1866.43,1811256.06,2146469.42
109,2024-10-08,180,1696.76,1866.43,1812952.82,2148335.85
109,2024-10-09,181,1696.76,1866.43,1814649.58,2150202.28
109,2024-10-10,182,1696.76,1866.43,1816346.33,2152068.71
109,2024-10-11,183,1696.76,1866.43,1818043.09,2153935.15
109,2024-10-12,184,1696.76,1866.43,1819739.84,2155801.58
109,2024-10-13,185,1696.76,1866.43,1821436.6,2157668.01
109,2024-10-14,186,1696.76,1866.43,1823133.36,2159534.44
109,2024-10-15,187,1696.76,1866.43,1824830.11,2161400.87
109,2024-10-16,188,1696.76,1866.43,1826526.87,2163267.31
109,2024-10-17,189,1696.76,1866.43,1828223.63,2165133.74
109,2024-10-18,190,1696.76,1866.43,1829920.38,2167000.17
109,2024-10-19,191,1696.76,1866.43,1831617.14,2168866.6
109,2024-10-20,192,1696.76,1866.43,1833313.9,2170733.03
109,2024-10-21,193,1696.76,1866.43,1835010.65,2172599.46
109,2024-10-22,194,1696.76,1866.43,1836707.41,2174465.9
109,2024-10-23,195,1696.76,1866.43,1838404.16,2176332.33
109,2024-10-24,196,1696.76,1866.43,1840100.92,2178198.76
109,2024-10-25,197,1696.76,1866.43,1841797.68,2180065.19
109,2024-10-26,198,1696.76,1866.43,1843494.43,2181931.62
109,2024-10-27,199,1696.76,1866.43,1845191.19,2183798.06
109,2024-10-28,200,1696.76,1866.43,1846887.95,2185664.49
109,2024-10-29,201,197.87,217.65,1847085.81,2185882.14
109,2024-10-30,202,197.87,217.65,1847283.68,2186099.8
109,2024-10-31,203,197.87,217.65,1847481.55,2186317.45
109,2024-11-01,204,197.87,217.65,1847679.42,2186535.11
109,2024-11-02,205,197.87,217.65,1847877.28,2186752.76
109,2024-11-03,206,197.87,217.65,1848075.15,2186970.41
109,2024-11-04,207,197.87,217.65,1848273.02,2187188.07
109,2024-11-05,208,197.87,217.65,1848470.89,2187405.72
109,2024-11-06,209,197.87,217.65,1848668.75,2187623.38
109,2024-11-07,210,197.87,217.65,1848866.62,2187841.03
110,2024-02-27,1,279.82,341.38,1849146.44,2188182.41
110,2024-02-28,2,279.82,341.38,1849426.25,2188523.78
110,2024-02-29,3,279.82,341.38,1849706.07,2188865.16
110,2024-03-01,4,279.82,341.38,1849985.89,2189206.54
110,2024-03-02,5,279.82,341.38,1850265.7,2189547.91
110,2024-03-03,6,2830.03,3401.63,1853095.73,2192949.54
110,2024-03-04,7,2830.03,3401.63,1855925.76,2196351.17
110,2024-03-05,8,2830.03,3401.63,1858755.79,2199752.8
110,2024-03-06,9,2830.03,3401.63,1861585.81,2203154.43
110,2024-03-07,10,2830.03,3401.63,1864415.84,2206556.06
110,2024-03-08,11,2830.03,3401.63,1867245.87,2209957.69
110,2024-03-09,12,2830.03,3401.63,1870075.9,2213359.32
110,2024-03-10,13,2830.03,3401.63,1872905.92,2216760.95
110,2024-03-11,14,2830.03,3401.63,1875735.95,2220162.58
110,2024-03-12,15,2830.03,3401.63,1878565.98,2223564.2
110,2024-03-13,16,2830.03,3401.63,1881396.01,2226965.83
110,2024-03-14,17,2830.03,3401.63,1884226.03,2230367.46
110,2024-03-15,18,2830.03,3401.63,1887056.06,2233769.09
110,2024-03-16,19,2830.03,3401.63,1889886.09,2237170.72
110,2024-03-17,20,2830.03,3401.63,1892716.11,2240572.35
110,2024-03-18,21,2830.03,3401.63,1895546.14,2243973.98
110,2024-03-19,22,2830.03,3401.63,1898376.17,2247375.61
110,2024-03-20,23,2830.03,3401.63,1901206.2,2250777.24
110,2024-03-21,24,5669.03,6893.6,1906875.22,2257670.84
110,2024-03-22,25,3118.82,3833.35,1909994.04,2261504.18
110,2024-03-23,26,3118.82,3833.35,1913112.86,2265337.53
110,2024-03-24,27,3118.82,3833.35,1916231.67,2269170.88
110,2024-03-25,28,3118.82,3833.35,1919350.49,2273004.22
110,2024-03-26,29,3118.82,3833.35,1922469.31,2276837.57
110,2024-03-27,30,3118.82,3833.35,1925588.13,2280670.92
110,2024-03-28,31,3118.82,3833.35,1928706.94,2284504.26
110,2024-03-29,32,3118.82,3833.35,1931825.76,2288337.61
110,2024-03-30,33,3118.82,3833.35,1934944.58,2292170.96
110,2024-03-31,34,3118.82,3833.35,1938063.39,2296004.3
110,2024-04-01,35,3118.82,3833.35,1941182.21,2299837.65
110,2024-04-02,36,3118.82,3833.35,1944301.03,2303671
110,2024-04-03,37,3118.82,3833.35,1947419.84,2307504.34
110,2024-04-04,38,3118.82,3833.35,1950538.66,2311337.69
110,2024-04-05,39,3118.82,3833.35,1953657.48,2315171.04
110,2024-04-06,40,3118.82,3833.35,1956776.29,2319004.38
110,2024-04-07,41,3118.82,3833.35,1959895.11,2322837.73
110,2024-04-08,42,3118.82,3833.35,1963013.93,2326671.08
110,2024-04-09,43,3118.82,3833.35,1966132.74,2330504.42
110,2024-04-10,44,3118.82,3833.35,1969251.56,2334337.77
110,2024-04-11,45,3118.82,3833.35,1972370.38,2338171.12
110,2024-04-12,46,3118.82,3833.35,1975489.2,2342004.46
110,2024-04-13,47,3118.82,3833.35,1978608.01,2345837.81
110,2024-04-14,48,3118.82,3833.35,1981726.83,2349671.15
110,2024-04-15,49,3118.82,3833.35,1984845.65,2353504.5
110,2024-04-16,50,3118.82,3833.35,1987964.46,2357337.85
110,2024-04-17,51,3118.82,3833.35,1991083.28,2361171.19
110,2024-04-18,52,3118.82,3833.35,1994202.1,2365004.54
110,2024-04-19,53,3118.82,3833.35,1997320.91,2368837.89
110,2024-04-20,54,3118.82,3833.35,2000439.73,2372671.23
110,2024-04-21,55,3118.82,3833.35,2003558.55,2376504.58
110,2024-04-22,56,3118.82,3833.35,2006677.36,2380337.93
110,2024-04-23,57,3118.82,3833.35,2009796.18,2384171.27
110,2024-04-24,58,3118.82,3833.35,2012915,2388004.62
110,2024-04-25,59,3118.82,3833.35,2016033.81,2391837.97
110,2024-04-26,60,3118.82,3833.35,2019152.63,2395671.31
110,2024-04-27,61,3118.82,3833.35,2022271.45,2399504.66
110,2024-04-28,62,3118.82,3833.35,2025390.26,2403338.01
110,2024-04-29,63,3118.82,3833.35,2028509.08,2407171.35
110,2024-04-30,64,3118.82,3833.35,2031627.9,2411004.7
110,2024-05-01,65,3118.82,3833.35,2034746.72,2414838.05
110,2024-05-02,66,3118.82,3833.35,2037865.53,2418671.39
110,2024-05-03,67,3118.82,3833.35,2040984.35,2422504.74
110,2024-05-04,68,3118.82,3833.35,2044103.17,2426338.09
110,2024-05-05,69,3118.82,3833.35,2047221.98,2430171.43
110,2024-05-06,70,3118.82,3833.35,2050340.8,2434004.78
110,2024-05-07,71,3118.82,3833.35,2053459.62,2437838.13
110,2024-05-08,72,3118.82,3833.35,2056578.43,2441671.47
110,2024-05-09,73,3118.82,3833.35,2059697.25,2445504.82
110,2024-05-10,74,3118.82,3833.35,2062816.07,2449338.17
110,2024-05-11,75,3118.82,3833.35,2065934.88,2453171.51
110,2024-05-12,76,3118.82,3833.35,2069053.7,2457004.86
110,2024-05-13,77,3118.82,3833.35,2072172.52,2460838.21
110,2024-05-14,78,3118.82,3833.35,2075291.33,2464671.55
110,2024-05-15,79,3118.82,3833.35,2078410.15,2468504.9
110,2024-05-16,80,3118.82,3833.35,2081528.97,2472338.24
110,2024-05-17,81,3118.82,3833.35,2084647.78,2476171.59
110,2024-05-18,82,3118.82,3833.35,2087766.6,2480004.94
110,2024-05-19,83,3118.82,3833.35,2090885.42,2483838.28
110,2024-05-20,84,3118.82,3833.35,2094004.24,2487671.63
110,2024-05-21,85,3118.82,3833.35,2097123.05,2491504.98
110,2024-05-22,86,3118.82,3833.35,2100241.87,2495338.32
110,2024-05-23,87,3118.82,3833.35,2103360.69,2499171.67
110,2024-05-24,88,3118.82,3833.35,2106479.5,2503005.02
110,2024-05-25,89,3118.82,3833.35,2109598.32,2506838.36
110,2024-05-26,90,3118.82,3833.35,2112717.14,2510671.71
110,2024-05-27,91,3118.82,3833.35,2115835.95,2514505.06
110,2024-05-28,92,3118.82,3833.35,2118954.77,2518338.4
110,2024-05-29,93,3118.82,3833.35,2122073.59,2522171.75
110,2024-05-30,94,3118.82,3833.35,2125192.4,2526005.1
110,2024-05-31,95,3118.82,3833.35,2128311.22,2529838.44
110,2024-06-01,96,3118.82,3833.35,2131430.04,2533671.79
110,2024-06-02,97,3118.82,3833.35,2134548.85,2537505.14
110,2024-06-03,98,3118.82,3833.35,2137667.67,2541338.48
110,2024-06-04,99,3118.82,3833.35,2140786.49,2545171.83
110,2024-06-05,100,3118.82,3833.35,2143905.31,2549005.18
110,2024-06-06,101,3118.82,3833.35,2147024.12,2552838.52
110,2024-06-07,102,3118.82,3833.35,2150142.94,2556671.87
110,2024-06-08,103,3118.82,3833.35,2153261.76,2560505.22
110,2024-06-09,104,3118.82,3833.35,2156380.57,2564338.56
110,2024-06-10,105,3118.82,3833.35,2159499.39,2568171.91
110,2024-06-11,106,3118.82,3833.35,2162618.21,2572005.26
110,2024-06-12,107,3118.82,3833.35,2165737.02,2575838.6
110,2024-06-13,108,3118.82,3833.35,2168855.84,2579671.95
110,2024-06-14,109,3118.82,3833.35,2171974.66,2583505.3
110,2024-06-15,110,3118.82,3833.35,2175093.47,2587338.64
110,2024-06-16,111,3118.82,3833.35,2178212.29,2591171.99
110,2024-06-17,112,3118.82,3833.35,2181331.11,2595005.33
110,2024-06-18,113,3118.82,3833.35,2184449.92,2598838.68
110,2024-06-19,114,3118.82,3833.35,2187568.74,2602672.03
110,2024-06-20,115,3118.82,3833.35,2190687.56,2606505.37
110,2024-06-21,116,3118.82,3833.35,2193806.37,2610338.72
110,2024-06-22,117,3118.82,3833.35,2196925.19,2614172.07
110,2024-06-23,118,3118.82,3833.35,2200044.01,2618005.41
110,2024-06-24,119,3118.82,3833.35,2203162.83,2621838.76
110,2024-06-25,120,3118.82,3833.35,2206281.64,2625672.11
110,2024-06-26,121,3118.82,3833.35,2209400.46,2629505.45
110,2024-06-27,122,3118.82,3833.35,2212519.28,2633338.8
110,2024-06-28,123,6498.02,7787.01,2219017.29,2641125.81
110,2024-06-29,124,6498.02,7787.01,2225515.31,2648912.82
110,2024-06-30,125,6498.02,7787.01,2232013.33,2656699.83
110,2024-07-01,126,6498.02,7787.01,2238511.34,2664486.84
110,2024-07-02,127,6498.02,7787.01,2245009.36,2672273.85
110,2024-07-03,128,6498.02,7787.01,2251507.38,2680060.86
110,2024-07-04,129,6498.02,7787.01,2258005.39,2687847.87
110,2024-07-05,130,6498.02,7787.01,2264503.41,2695634.88
110,2024-07-06,131,6498.02,7787.01,2271001.43,2703421.9
110,2024-07-07,132,6498.02,7787.01,2277499.44,2711208.91
110,2024-07-08,133,9880.34,11676.68,2287379.78,2722885.59
110,2024-07-09,134,9880.34,11676.68,2297260.12,2734562.27
110,2024-07-10,135,9880.34,11676.68,2307140.46,2746238.95
110,2024-07-11,136,9880.34,11676.68,2317020.8,2757915.63
110,2024-07-12,137,9880.34,11676.68,2326901.14,2769592.31
110,2024-07-13,138,9880.34,11676.68,2336781.48,2781269
110,2024-07-14,139,9880.34,11676.68,2346661.82,2792945.68
110,2024-07-15,140,9880.34,11676.68,2356542.16,2804622.36
110,2024-07-16,141,9880.34,11676.68,2366422.5,2816299.04
110,2024-07-17,142,9880.34,11676.68,2376302.84,2827975.72
110,2024-07-18,143,9880.34,11676.68,2386183.18,2839652.4
110,2024-07-19,144,7041.34,8184.71,2393224.52,2847837.11
110,2024-07-20,145,7041.34,8184.71,2400265.86,2856021.83
110,2024-07-21,146,7041.34,8184.71,2407307.2,2864206.54
110,2024-07-22,147,7041.34,8184.71,2414348.54,2872391.25
110,2024-07-23,148,7041.34,8184.71,2421389.88,2880575.96
110,2024-07-24,149,7041.34,8184.71,2428431.21,2888760.67
110,2024-07-25,150,7041.34,8184.71,2435472.55,2896945.38
110,2024-07-26,151,7041.34,8184.71,2442513.89,2905130.09
110,2024-07-27,152,7041.34,8184.71,2449555.23,2913314.81
110,2024-07-28,153,7041.34,8184.71,2456596.57,2921499.52
110,2024-07-29,154,7041.34,8184.71,2463637.91,2929684.23
110,2024-07-30,155,7041.34,8184.71,2470679.25,2937868.94
110,2024-07-31,156,7041.34,8184.71,2477720.59,2946053.65
110,2024-08-01,157,7041.34,8184.71,2484761.93,2954238.36
110,2024-08-02,158,3662.14,4231.05,2488424.07,2958469.41
110,2024-08-03,159,3662.14,4231.05,2492086.21,2962700.46
110,2024-08-04,160,3662.14,4231.05,2495748.35,2966931.51
110,2024-08-05,161,3662.14,4231.05,2499410.49,2971162.55
110,2024-08-06,162,3662.14,4231.05,2503072.63,2975393.6
110,2024-08-07,163,3662.14,4231.05,2506734.77,2979624.65
110,2024-08-08,164,3662.14,4231.05,2510396.91,2983855.7
110,2024-08-09,165,3662.14,4231.05,2514059.05,2988086.74
110,2024-08-10,166,3662.14,4231.05,2517721.19,2992317.79
110,2024-08-11,167,3662.14,4231.05,2521383.32,2996548.84
110,2024-08-12,168,3662.14,4231.05,2525045.46,3000779.89
110,2024-08-13,169,3662.14,4231.05,2528707.6,3005010.93
110,2024-08-14,170,3662.14,4231.05,2532369.74,3009241.98
110,2024-08-15,171,3662.14,4231.05,2536031.88,3013473.03
110,2024-08-16,172,3662.14,4231.05,2539694.02,3017704.08
110,2024-08-17,173,3662.14,4231.05,2543356.16,3021935.12
110,2024-08-18,174,3662.14,4231.05,2547018.3,3026166.17
110,2024-08-19,175,3662.14,4231.05,2550680.44,3030397.22
110,2024-08-20,176,3662.14,4231.05,2554342.58,3034628.27
110,2024-08-21,177,3662.14,4231.05,2558004.72,3038859.31
110,2024-08-22,178,3662.14,4231.05,2561666.86,3043090.36
110,2024-08-23,179,3662.14,4231.05,2565329,3047321.41
110,2024-08-24,180,3662.14,4231.05,2568991.14,3051552.46
110,2024-08-25,181,3662.14,4231.05,2572653.28,3055783.5
110,2024-08-26,182,3662.14,4231.05,2576315.42,3060014.55
110,2024-08-27,183,3662.14,4231.05,2579977.56,3064245.6
110,2024-08-28,184,3662.14,4231.05,2583639.69,3068476.65
110,2024-08-29,185,3662.14,4231.05,2587301.83,3072707.69
110,2024-08-30,186,3662.14,4231.05,2590963.97,3076938.74
110,2024-08-31,187,3662.14,4231.05,2594626.11,3081169.79
110,2024-09-01,188,3662.14,4231.05,2598288.25,3085400.84
110,2024-09-02,189,3662.14,4231.05,2601950.39,3089631.88
110,2024-09-03,190,3662.14,4231.05,2605612.53,3093862.93
110,2024-09-04,191,3662.14,4231.05,2609274.67,3098093.98
110,2024-09-05,192,3662.14,4231.05,2612936.81,3102325.03
110,2024-09-06,193,3662.14,4231.05,2616598.95,3106556.07
110,2024-09-07,194,3662.14,4231.05,2620261.09,3110787.12
110,2024-09-08,195,3662.14,4231.05,2623923.23,3115018.17
110,2024-09-09,196,3662.14,4231.05,2627585.37,3119249.22
110,2024-09-10,197,3662.14,4231.05,2631247.51,3123480.27
110,2024-09-11,198,3662.14,4231.05,2634909.65,3127711.31
110,2024-09-12,199,3662.14,4231.05,2638571.79,3131942.36
110,2024-09-13,200,3662.14,4231.05,2642233.93,3136173.41
110,2024-09-14,201,3662.14,4231.05,2645896.07,3140404.46
110,2024-09-15,202,3662.14,4231.05,2649558.2,3144635.5
110,2024-09-16,203,3662.14,4231.05,2653220.34,3148866.55
110,2024-09-17,204,3662.14,4231.05,2656882.48,3153097.6
110,2024-09-18,205,3662.14,4231.05,2660544.62,3157328.65
110,2024-09-19,206,3662.14,4231.05,2664206.76,3161559.69
110,2024-09-20,207,3662.14,4231.05,2667868.9,3165790.74
110,2024-09-21,208,3662.14,4231.05,2671531.04,3170021.79
110,2024-09-22,209,3662.14,4231.05,2675193.18,3174252.84
110,2024-09-23,210,3662.14,4231.05,2678855.32,3178483.88
110,2024-09-24,211,3662.14,4231.05,2682517.46,3182714.93
110,2024-09-25,212,3662.14,4231.05,2686179.6,3186945.98
110,2024-09-26,213,3662.14,4231.05,2689841.74,3191177.03
110,2024-09-27,214,3662.14,4231.05,2693503.88,3195408.07
110,2024-09-28,215,3662.14,4231.05,2697166.02,3199639.12
110,2024-09-29,216,3662.14,4231.05,2700828.16,3203870.17
110,2024-09-30,217,3662.14,4231.05,2704490.3,3208101.22
110,2024-10-01,218,3662.14,4231.05,2708152.44,3212332.26
110,2024-10-02,219,3662.14,4231.05,2711814.57,3216563.31
110,2024-10-03,220,3662.14,4231.05,2715476.71,3220794.36
110,2024-10-04,221,3662.14,4231.05,2719138.85,3225025.41
110,2024-10-05,222,3662.14,4231.05,2722800.99,3229256.45
110,2024-10-06,223,3662.14,4231.05,2726463.13,3233487.5
110,2024-10-07,224,3662.14,4231.05,2730125.27,3237718.55
110,2024-10-08,225,3662.14,4231.05,2733787.41,3241949.6
110,2024-10-09,226,279.82,341.38,2734067.23,3242290.97
110,2024-10-10,227,279.82,341.38,2734347.05,3242632.35
110,2024-10-11,228,279.82,341.38,2734626.86,3242973.73
110,2024-10-12,229,279.82,341.38,2734906.68,3243315.1
110,2024-10-13,230,279.82,341.38,2735186.5,3243656.48
110,2024-10-14,231,279.82,341.38,2735466.31,3243997.86
110,2024-10-15,232,279.82,341.38,2735746.13,3244339.23
110,2024-10-16,233,279.82,341.38,2736025.95,3244680.61
110,2024-10-17,234,279.82,341.38,2736305.76,3245021.98
110,2024-10-18,235,279.82,341.38,2736585.58,3245363.36
111,2024-04-11,1,308.47,345.49,2736894.05,3245708.85
111,2024-04-12,2,308.47,345.49,2737202.52,3246054.34
111,2024-04-13,3,308.47,345.49,2737510.99,3246399.82
111,2024-04-14,4,308.47,345.49,2737819.46,3246745.31
111,2024-04-15,5,308.47,345.49,2738127.94,3247090.8
111,2024-04-16,6,1721.44,2097.57,2739849.37,3249188.37
111,2024-04-17,7,1721.44,2097.57,2741570.81,3251285.93
111,2024-04-18,8,1721.44,2097.57,2743292.25,3253383.5
111,2024-04-19,9,1721.44,2097.57,2745013.69,3255481.07
111,2024-04-20,10,1721.44,2097.57,2746735.13,3257578.64
111,2024-04-21,11,1721.44,2097.57,2748456.57,3259676.21
111,2024-04-22,12,1721.44,2097.57,2750178.01,3261773.77
111,2024-04-23,13,1721.44,2097.57,2751899.45,3263871.34
111,2024-04-24,14,1721.44,2097.57,2753620.88,3265968.91
111,2024-04-25,15,1721.44,2097.57,2755342.32,3268066.48
111,2024-04-26,16,1721.44,2097.57,2757063.76,3270164.04
111,2024-04-27,17,1721.44,2097.57,2758785.2,3272261.61
111,2024-04-28,18,1721.44,2097.57,2760506.64,3274359.18
111,2024-04-29,19,1721.44,2097.57,2762228.08,3276456.75
111,2024-04-30,20,1721.44,2097.57,2763949.52,3278554.31
111,2024-05-01,21,1721.44,2097.57,2765670.96,3280651.88
111,2024-05-02,22,1721.44,2097.57,2767392.4,3282749.45
111,2024-05-03,23,1721.44,2097.57,2769113.83,3284847.02
111,2024-05-04,24,1721.44,2097.57,2770835.27,3286944.58
111,2024-05-05,25,1721.44,2097.57,2772556.71,3289042.15
111,2024-05-06,26,1721.44,2097.57,2774278.15,3291139.72
111,2024-05-07,27,1721.44,2097.57,2775999.59,3293237.29
111,2024-05-08,28,1721.44,2097.57,2777721.03,3295334.85
111,2024-05-09,29,1721.44,2097.57,2779442.47,3297432.42
111,2024-05-10,30,1721.44,2097.57,2781163.91,3299529.99
111,2024-05-11,31,1721.44,2097.57,2782885.34,3301627.56
111,2024-05-12,32,1721.44,2097.57,2784606.78,3303725.12
111,2024-05-13,33,1721.44,2097.57,2786328.22,3305822.69
111,2024-05-14,34,1721.44,2097.57,2788049.66,3307920.26
111,2024-05-15,35,1721.44,2097.57,2789771.1,3310017.83
111,2024-05-16,36,3652.43,4511.31,2793423.53,3314529.13
111,2024-05-17,37,2239.46,2759.23,2795662.99,3317288.36
111,2024-05-18,38,2239.46,2759.23,2797902.45,3320047.58
111,2024-05-19,39,2239.46,2759.23,2800141.91,3322806.81
111,2024-05-20,40,2239.46,2759.23,2802381.38,3325566.04
111,2024-05-21,41,2239.46,2759.23,2804620.84,3328325.26
111,2024-05-22,42,2239.46,2759.23,2806860.3,3331084.49
111,2024-05-23,43,2239.46,2759.23,2809099.76,3333843.71
111,2024-05-24,44,2239.46,2759.23,2811339.22,3336602.94
111,2024-05-25,45,2239.46,2759.23,2813578.68,3339362.16
111,2024-05-26,46,2239.46,2759.23,2815818.14,3342121.39
111,2024-05-27,47,2239.46,2759.23,2818057.61,3344880.61
111,2024-05-28,48,2239.46,2759.23,2820297.07,3347639.84
111,2024-05-29,49,2239.46,2759.23,2822536.53,3350399.07
111,2024-05-30,50,2239.46,2759.23,2824775.99,3353158.29
111,2024-05-31,51,2239.46,2759.23,2827015.45,3355917.52
111,2024-06-01,52,2239.46,2759.23,2829254.91,3358676.74
111,2024-06-02,53,2239.46,2759.23,2831494.37,3361435.97
111,2024-06-03,54,2239.46,2759.23,2833733.84,3364195.19
111,2024-06-04,55,2239.46,2759.23,2835973.3,3366954.42
111,2024-06-05,56,2239.46,2759.23,2838212.76,3369713.65
111,2024-06-06,57,2239.46,2759.23,2840452.22,3372472.87
111,2024-06-07,58,2239.46,2759.23,2842691.68,3375232.1
111,2024-06-08,59,2239.46,2759.23,2844931.14,3377991.32
111,2024-06-09,60,2239.46,2759.23,2847170.6,3380750.55
111,2024-06-10,61,2239.46,2759.23,2849410.07,3383509.77
111,2024-06-11,62,2239.46,2759.23,2851649.53,3386269
111,2024-06-12,63,2239.46,2759.23,2853888.99,3389028.22
111,2024-06-13,64,2239.46,2759.23,2856128.45,3391787.45
111,2024-06-14,65,2239.46,2759.23,2858367.91,3394546.68
111,2024-06-15,66,2239.46,2759.23,2860607.37,3397305.9
111,2024-06-16,67,2239.46,2759.23,2862846.83,3400065.13
111,2024-06-17,68,2239.46,2759.23,2865086.3,3402824.35
111,2024-06-18,69,2239.46,2759.23,2867325.76,3405583.58
111,2024-06-19,70,2239.46,2759.23,2869565.22,3408342.8
111,2024-06-20,71,2239.46,2759.23,2871804.68,3411102.03
111,2024-06-21,72,2239.46,2759.23,2874044.14,3413861.25
111,2024-06-22,73,2239.46,2759.23,2876283.6,3416620.48
111,2024-06-23,74,2239.46,2759.23,2878523.06,3419379.71
111,2024-06-24,75,2239.46,2759.23,2880762.53,3422138.93
111,2024-06-25,76,2239.46,2759.23,2883001.99,3424898.16
111,2024-06-26,77,2239.46,2759.23,2885241.45,3427657.38
111,2024-06-27,78,2239.46,2759.23,2887480.91,3430416.61
111,2024-06-28,79,2239.46,2759.23,2889720.37,3433175.83
111,2024-06-29,80,2239.46,2759.23,2891959.83,3435935.06
111,2024-06-30,81,2239.46,2759.23,2894199.3,3438694.28
111,2024-07-01,82,2239.46,2759.23,2896438.76,3441453.51
111,2024-07-02,83,2239.46,2759.23,2898678.22,3444212.74
111,2024-07-03,84,2239.46,2759.23,2900917.68,3446971.96
111,2024-07-04,85,2239.46,2759.23,2903157.14,3449731.19
111,2024-07-05,86,2239.46,2759.23,2905396.6,3452490.41
111,2024-07-06,87,2239.46,2759.23,2907636.06,3455249.64
111,2024-07-07,88,2239.46,2759.23,2909875.53,3458008.86
111,2024-07-08,89,2239.46,2759.23,2912114.99,3460768.09
111,2024-07-09,90,2239.46,2759.23,2914354.45,3463527.32
111,2024-07-10,91,2239.46,2759.23,2916593.91,3466286.54
111,2024-07-11,92,2239.46,2759.23,2918833.37,3469045.77
111,2024-07-12,93,2239.46,2759.23,2921072.83,3471804.99
111,2024-07-13,94,2239.46,2759.23,2923312.29,3474564.22
111,2024-07-14,95,2239.46,2759.23,2925551.76,3477323.44
111,2024-07-15,96,2239.46,2759.23,2927791.22,3480082.67
111,2024-07-16,97,2239.46,2759.23,2930030.68,3482841.89
111,2024-07-17,98,2239.46,2759.23,2932270.14,3485601.12
111,2024-07-18,99,2239.46,2759.23,2934509.6,3488360.35
111,2024-07-19,100,2239.46,2759.23,2936749.06,3491119.57
111,2024-07-20,101,2239.46,2759.23,2938988.52,3493878.8
111,2024-07-21,102,2239.46,2759.23,2941227.99,3496638.02
111,2024-07-22,103,2239.46,2759.23,2943467.45,3499397.25
111,2024-07-23,104,2239.46,2759.23,2945706.91,3502156.47
111,2024-07-24,105,2239.46,2759.23,2947946.37,3504915.7
111,2024-07-25,106,2239.46,2759.23,2950185.83,3507674.92
111,2024-07-26,107,2239.46,2759.23,2952425.29,3510434.15
111,2024-07-27,108,2239.46,2759.23,2954664.75,3513193.38
111,2024-07-28,109,2239.46,2759.23,2956904.22,3515952.6
111,2024-07-29,110,2239.46,2759.23,2959143.68,3518711.83
111,2024-07-30,111,2239.46,2759.23,2961383.14,3521471.05
111,2024-07-31,112,2239.46,2759.23,2963622.6,3524230.28
111,2024-08-01,113,2239.46,2759.23,2965862.06,3526989.5
111,2024-08-02,114,2239.46,2759.23,2968101.52,3529748.73
111,2024-08-03,115,2239.46,2759.23,2970340.99,3532507.96
111,2024-08-04,116,2239.46,2759.23,2972580.45,3535267.18
111,2024-08-05,117,2239.46,2759.23,2974819.91,3538026.41
111,2024-08-06,118,2239.46,2759.23,2977059.37,3540785.63
111,2024-08-07,119,4803.13,6015.09,2981862.5,3546800.72
111,2024-08-08,120,4803.13,6015.09,2986665.64,3552815.81
111,2024-08-09,121,4803.13,6015.09,2991468.77,3558830.9
111,2024-08-10,122,4803.13,6015.09,2996271.91,3564845.99
111,2024-08-11,123,4803.13,6015.09,3001075.04,3570861.08
111,2024-08-12,124,4803.13,6015.09,3005878.18,3576876.17
111,2024-08-13,125,4803.13,6015.09,3010681.31,3582891.26
111,2024-08-14,126,4803.13,6015.09,3015484.45,3588906.35
111,2024-08-15,127,4803.13,6015.09,3020287.58,3594921.45
111,2024-08-16,128,4803.13,6015.09,3025090.71,3600936.54
111,2024-08-17,129,7648.02,9229.81,3032738.74,3610166.35
111,2024-08-18,130,7648.02,9229.81,3040386.76,3619396.16
111,2024-08-19,131,7648.02,9229.81,3048034.78,3628625.98
111,2024-08-20,132,7648.02,9229.81,3055682.8,3637855.79
111,2024-08-21,133,7648.02,9229.81,3063330.83,3647085.6
111,2024-08-22,134,7648.02,9229.81,3070978.85,3656315.42
111,2024-08-23,135,7648.02,9229.81,3078626.87,3665545.23
111,2024-08-24,136,7648.02,9229.81,3086274.89,3674775.05
111,2024-08-25,137,7648.02,9229.81,3093922.92,3684004.86
111,2024-08-26,138,7648.02,9229.81,3101570.94,3693234.67
111,2024-08-27,139,7648.02,9229.81,3109218.96,3702464.49
111,2024-08-28,140,5717.03,6816.08,3114935.99,3709280.56
111,2024-08-29,141,5717.03,6816.08,3120653.03,3716096.64
111,2024-08-30,142,5717.03,6816.08,3126370.06,3722912.71
111,2024-08-31,143,5717.03,6816.08,3132087.09,3729728.79
111,2024-09-01,144,5717.03,6816.08,3137804.12,3736544.87
111,2024-09-02,145,5717.03,6816.08,3143521.15,3743360.94
111,2024-09-03,146,5717.03,6816.08,3149238.19,3750177.02
111,2024-09-04,147,5717.03,6816.08,3154955.22,3756993.09
111,2024-09-05,148,5717.03,6816.08,3160672.25,3763809.17
111,2024-09-06,149,5717.03,6816.08,3166389.28,3770625.24
111,2024-09-07,150,5717.03,6816.08,3172106.31,3777441.32
111,2024-09-08,151,5717.03,6816.08,3177823.35,3784257.4
111,2024-09-09,152,5717.03,6816.08,3183540.38,3791073.47
111,2024-09-10,153,5717.03,6816.08,3189257.41,3797889.55
111,2024-09-11,154,5717.03,6816.08,3194974.44,3804705.62
111,2024-09-12,155,5717.03,6816.08,3200691.47,3811521.7
111,2024-09-13,156,5717.03,6816.08,3206408.51,3818337.77
111,2024-09-14,157,5717.03,6816.08,3212125.54,3825153.85
111,2024-09-15,158,5717.03,6816.08,3217842.57,3831969.93
111,2024-09-16,159,5717.03,6816.08,3223559.6,3838786
111,2024-09-17,160,5717.03,6816.08,3229276.63,3845602.08
111,2024-09-18,161,5717.03,6816.08,3234993.67,3852418.15
111,2024-09-19,162,5717.03,6816.08,3240710.7,3859234.23
111,2024-09-20,163,5717.03,6816.08,3246427.73,3866050.3
111,2024-09-21,164,5717.03,6816.08,3252144.76,3872866.38
111,2024-09-22,165,5717.03,6816.08,3257861.79,3879682.46
111,2024-09-23,166,5717.03,6816.08,3263578.83,3886498.53
111,2024-09-24,167,5717.03,6816.08,3269295.86,3893314.61
111,2024-09-25,168,5717.03,6816.08,3275012.89,3900130.68
111,2024-09-26,169,5717.03,6816.08,3280729.92,3906946.76
111,2024-09-27,170,5717.03,6816.08,3286446.96,3913762.83
111,2024-09-28,171,3153.36,3560.21,3289600.31,3917323.05
111,2024-09-29,172,3153.36,3560.21,3292753.67,3920883.26
111,2024-09-30,173,3153.36,3560.21,3295907.03,3924443.47
111,2024-10-01,174,3153.36,3560.21,3299060.39,3928003.68
111,2024-10-02,175,3153.36,3560.21,3302213.75,3931563.89
111,2024-10-03,176,3153.36,3560.21,3305367.11,3935124.1
111,2024-10-04,177,3153.36,3560.21,3308520.47,3938684.31
111,2024-10-05,178,3153.36,3560.21,3311673.83,3942244.52
111,2024-10-06,179,3153.36,3560.21,3314827.19,3945804.73
111,2024-10-07,180,3153.36,3560.21,3317980.54,3949364.94
111,2024-10-08,181,3153.36,3560.21,3321133.9,3952925.15
111,2024-10-09,182,3153.36,3560.21,3324287.26,3956485.37
111,2024-10-10,183,3153.36,3560.21,3327440.62,3960045.58
111,2024-10-11,184,3153.36,3560.21,3330593.98,3963605.79
111,2024-10-12,185,3153.36,3560.21,3333747.34,3967166
111,2024-10-13,186,3153.36,3560.21,3336900.7,3970726.21
111,2024-10-14,187,3153.36,3560.21,3340054.06,3974286.42
111,2024-10-15,188,3153.36,3560.21,3343207.42,3977846.63
111,2024-10-16,189,3153.36,3560.21,3346360.78,3981406.84
111,2024-10-17,190,3153.36,3560.21,3349514.13,3984967.05
111,2024-10-18,191,3153.36,3560.21,3352667.49,3988527.26
111,2024-10-19,192,3153.36,3560.21,3355820.85,3992087.47
111,2024-10-20,193,3153.36,3560.21,3358974.21,3995647.69
111,2024-10-21,194,3153.36,3560.21,3362127.57,3999207.9
111,2024-10-22,195,3153.36,3560.21,3365280.93,4002768.11
111,2024-10-23,196,3153.36,3560.21,3368434.29,4006328.32
111,2024-10-24,197,3153.36,3560.21,3371587.65,4009888.53
111,2024-10-25,198,3153.36,3560.21,3374741.01,4013448.74
111,2024-10-26,199,3153.36,3560.21,3377894.37,4017008.95
111,2024-10-27,200,3153.36,3560.21,3381047.72,4020569.16
111,2024-10-28,201,3153.36,3560.21,3384201.08,4024129.37
111,2024-10-29,202,3153.36,3560.21,3387354.44,4027689.58
111,2024-10-30,203,3153.36,3560.21,3390507.8,4031249.8
111,2024-10-31,204,3153.36,3560.21,3393661.16,4034810.01
111,2024-11-01,205,3153.36,3560.21,3396814.52,4038370.22
111,2024-11-02,206,3153.36,3560.21,3399967.88,4041930.43
111,2024-11-03,207,3153.36,3560.21,3403121.24,4045490.64
111,2024-11-04,208,3153.36,3560.21,3406274.6,4049050.85
111,2024-11-05,209,3153.36,3560.21,3409427.96,4052611.06
111,2024-11-06,210,3153.36,3560.21,3412581.31,4056171.27
111,2024-11-07,211,3153.36,3560.21,3415734.67,4059731.48
111,2024-11-08,212,3153.36,3560.21,3418888.03,4063291.69
111,2024-11-09,213,3153.36,3560.21,3422041.39,4066851.9
111,2024-11-10,214,3153.36,3560.21,3425194.75,4070412.12
111,2024-11-11,215,3153.36,3560.21,3428348.11,4073972.33
111,2024-11-12,216,3153.36,3560.21,3431501.47,4077532.54
111,2024-11-13,217,3153.36,3560.21,3434654.83,4081092.75
111,2024-11-14,218,3153.36,3560.21,3437808.19,4084652.96
111,2024-11-15,219,3153.36,3560.21,3440961.54,4088213.17
111,2024-11-16,220,3153.36,3560.21,3444114.9,4091773.38
111,2024-11-17,221,3153.36,3560.21,3447268.26,4095333.59
111,2024-11-18,222,3153.36,3560.21,3450421.62,4098893.8
111,2024-11-19,223,3153.36,3560.21,3453574.98,4102454.01
111,2024-11-20,224,3153.36,3560.21,3456728.34,4106014.22
111,2024-11-21,225,3153.36,3560.21,3459881.7,4109574.44
111,2024-11-22,226,3153.36,3560.21,3463035.06,4113134.65
111,2024-11-23,227,3153.36,3560.21,3466188.42,4116694.86
111,2024-11-24,228,3153.36,3560.21,3469341.78,4120255.07
111,2024-11-25,229,3153.36,3560.21,3472495.13,4123815.28
111,2024-11-26,230,3153.36,3560.21,3475648.49,4127375.49
111,2024-11-27,231,3153.36,3560.21,3478801.85,4130935.7
111,2024-11-28,232,3153.36,3560.21,3481955.21,4134495.91
111,2024-11-29,233,3153.36,3560.21,3485108.57,4138056.12
111,2024-11-30,234,3153.36,3560.21,3488261.93,4141616.33
111,2024-12-01,235,3153.36,3560.21,3491415.29,4145176.54
111,2024-12-02,236,3153.36,3560.21,3494568.65,4148736.76
111,2024-12-03,237,3153.36,3560.21,3497722.01,4152296.97
111,2024-12-04,238,3153.36,3560.21,3500875.37,4155857.18
111,2024-12-05,239,3153.36,3560.21,3504028.72,4159417.39
111,2024-12-06,240,3153.36,3560.21,3507182.08,4162977.6
111,2024-12-07,241,3153.36,3560.21,3510335.44,4166537.81
111,2024-12-08,242,3153.36,3560.21,3513488.8,4170098.02
111,2024-12-09,243,3153.36,3560.21,3516642.16,4173658.23
111,2024-12-10,244,3153.36,3560.21,3519795.52,4177218.44
111,2024-12-11,245,3153.36,3560.21,3522948.88,4180778.65
111,2024-12-12,246,3153.36,3560.21,3526102.24,4184338.87
111,2024-12-13,247,3153.36,3560.21,3529255.6,4187899.08
111,2024-12-14,248,3153.36,3560.21,3532408.96,4191459.29
111,2024-12-15,249,3153.36,3560.21,3535562.31,4195019.5
111,2024-12-16,250,3153.36,3560.21,3538715.67,4198579.71
111,2024-12-17,251,3153.36,3560.21,3541869.03,4202139.92
111,2024-12-18,252,3153.36,3560.21,3545022.39,4205700.13
111,2024-12-19,253,3153.36,3560.21,3548175.75,4209260.34
111,2024-12-20,254,3153.36,3560.21,3551329.11,4212820.55
111,2024-12-21,255,3153.36,3560.21,3554482.47,4216380.76
111,2024-12-22,256,3153.36,3560.21,3557635.83,4219940.97
111,2024-12-23,257,3153.36,3560.21,3560789.19,4223501.19
111,2024-12-24,258,3153.36,3560.21,3563942.54,4227061.4
111,2024-12-25,259,3153.36,3560.21,3567095.9,4230621.61
111,2024-12-26,260,3153.36,3560.21,3570249.26,4234181.82
111,2024-12-27,261,3153.36,3560.21,3573402.62,4237742.03
111,2024-12-28,262,3153.36,3560.21,3576555.98,4241302.24
111,2024-12-29,263,3153.36,3560.21,3579709.34,4244862.45
111,2024-12-30,264,3153.36,3560.21,3582862.7,4248422.66
111,2024-12-31,265,3153.36,3560.21,3586016.06,4251982.87
111,2025-01-01,266,3153.36,3560.21,3589169.42,4255543.08
111,2025-01-02,267,3153.36,3560.21,3592322.78,4259103.29
111,2025-01-03,268,3153.36,3560.21,3595476.13,4262663.51
111,2025-01-04,269,3153.36,3560.21,3598629.49,4266223.72
111,2025-01-05,270,3153.36,3560.21,3601782.85,4269783.93
111,2025-01-06,271,3153.36,3560.21,3604936.21,4273344.14
111,2025-01-07,272,3153.36,3560.21,3608089.57,4276904.35
111,2025-01-08,273,3153.36,3560.21,3611242.93,4280464.56
111,2025-01-09,274,3153.36,3560.21,3614396.29,4284024.77
111,2025-01-10,275,3153.36,3560.21,3617549.65,4287584.98
111,2025-01-11,276,3153.36,3560.21,3620703.01,4291145.19
111,2025-01-12,277,3153.36,3560.21,3623856.37,4294705.4
111,2025-01-13,278,3153.36,3560.21,3627009.72,4298265.61
111,2025-01-14,279,3153.36,3560.21,3630163.08,4301825.83
111,2025-01-15,280,3153.36,3560.21,3633316.44,4305386.04
111,2025-01-16,281,3153.36,3560.21,3636469.8,4308946.25
111,2025-01-17,282,3153.36,3560.21,3639623.16,4312506.46
111,2025-01-18,283,3153.36,3560.21,3642776.52,4316066.67
111,2025-01-19,284,3153.36,3560.21,3645929.88,4319626.88
111,2025-01-20,285,3153.36,3560.21,3649083.24,4323187.09
111,2025-01-21,286,3153.36,3560.21,3652236.6,4326747.3
111,2025-01-22,287,3153.36,3560.21,3655389.95,4330307.51
111,2025-01-23,288,3153.36,3560.21,3658543.31,4333867.72
111,2025-01-24,289,3153.36,3560.21,3661696.67,4337427.93
111,2025-01-25,290,3153.36,3560.21,3664850.03,4340988.15
111,2025-01-26,291,3153.36,3560.21,3668003.39,4344548.36
111,2025-01-27,292,3153.36,3560.21,3671156.75,4348108.57
111,2025-01-28,293,3153.36,3560.21,3674310.11,4351668.78
111,2025-01-29,294,3153.36,3560.21,3677463.47,4355228.99
111,2025-01-30,295,3153.36,3560.21,3680616.83,4358789.2
111,2025-01-31,296,3153.36,3560.21,3683770.19,4362349.41
111,2025-02-01,297,3153.36,3560.21,3686923.54,4365909.62
111,2025-02-02,298,3153.36,3560.21,3690076.9,4369469.83
111,2025-02-03,299,3153.36,3560.21,3693230.26,4373030.04
111,2025-02-04,300,3153.36,3560.21,3696383.62,4376590.26
111,2025-02-05,301,3153.36,3560.21,3699536.98,4380150.47
111,2025-02-06,302,3153.36,3560.21,3702690.34,4383710.68
111,2025-02-07,303,3153.36,3560.21,3705843.7,4387270.89
111,2025-02-08,304,3153.36,3560.21,3708997.06,4390831.1
111,2025-02-09,305,3153.36,3560.21,3712150.42,4394391.31
111,2025-02-10,306,3153.36,3560.21,3715303.78,4397951.52
111,2025-02-11,307,3153.36,3560.21,3718457.13,4401511.73
111,2025-02-12,308,3153.36,3560.21,3721610.49,4405071.94
111,2025-02-13,309,3153.36,3560.21,3724763.85,4408632.15
111,2025-02-14,310,3153.36,3560.21,3727917.21,4412192.36
111,2025-02-15,311,3153.36,3560.21,3731070.57,4415752.58
111,2025-02-16,312,3153.36,3560.21,3734223.93,4419312.79
111,2025-02-17,313,3153.36,3560.21,3737377.29,4422873
111,2025-02-18,314,3153.36,3560.21,3740530.65,4426433.21
111,2025-02-19,315,3153.36,3560.21,3743684.01,4429993.42
111,2025-02-20,316,3153.36,3560.21,3746837.37,4433553.63
111,2025-02-21,317,3153.36,3560.21,3749990.72,4437113.84
111,2025-02-22,318,3153.36,3560.21,3753144.08,4440674.05
111,2025-02-23,319,3153.36,3560.21,3756297.44,4444234.26
111,2025-02-24,320,3153.36,3560.21,3759450.8,4447794.47
111,2025-02-25,321,3153.36,3560.21,3762604.16,4451354.68
111,2025-02-26,322,3153.36,3560.21,3765757.52,4454914.9
111,2025-02-27,323,3153.36,3560.21,3768910.88,4458475.11
111,2025-02-28,324,3153.36,3560.21,3772064.24,4462035.32
111,2025-03-01,325,3153.36,3560.21,3775217.6,4465595.53
111,2025-03-02,326,3153.36,3560.21,3778370.95,4469155.74
111,2025-03-03,327,3153.36,3560.21,3781524.31,4472715.95
111,2025-03-04,328,3153.36,3560.21,3784677.67,4476276.16
111,2025-03-05,329,3153.36,3560.21,3787831.03,4479836.37
111,2025-03-06,330,3153.36,3560.21,3790984.39,4483396.58
111,2025-03-07,331,3153.36,3560.21,3794137.75,4486956.79
111,2025-03-08,332,3153.36,3560.21,3797291.11,4490517
111,2025-03-09,333,3153.36,3560.21,3800444.47,4494077.22
111,2025-03-10,334,3153.36,3560.21,3803597.83,4497637.43
111,2025-03-11,335,3153.36,3560.21,3806751.19,4501197.64
111,2025-03-12,336,3153.36,3560.21,3809904.54,4504757.85
111,2025-03-13,337,3153.36,3560.21,3813057.9,4508318.06
111,2025-03-14,338,3153.36,3560.21,3816211.26,4511878.27
111,2025-03-15,339,3153.36,3560.21,3819364.62,4515438.48
111,2025-03-16,340,3153.36,3560.21,3822517.98,4518998.69
111,2025-03-17,341,3153.36,3560.21,3825671.34,4522558.9
111,2025-03-18,342,3153.36,3560.21,3828824.7,4526119.11
111,2025-03-19,343,3153.36,3560.21,3831978.06,4529679.33
111,2025-03-20,344,3153.36,3560.21,3835131.42,4533239.54
111,2025-03-21,345,3153.36,3560.21,3838284.78,4536799.75
111,2025-03-22,346,3153.36,3560.21,3841438.13,4540359.96
111,2025-03-23,347,3153.36,3560.21,3844591.49,4543920.17
111,2025-03-24,348,3153.36,3560.21,3847744.85,4547480.38
111,2025-03-25,349,3153.36,3560.21,3850898.21,4551040.59
111,2025-03-26,350,3153.36,3560.21,3854051.57,4554600.8
111,2025-03-27,351,3153.36,3560.21,3857204.93,4558161.01
111,2025-03-28,352,308.47,345.49,3857513.4,4558506.5
111,2025-03-29,353,308.47,345.49,3857821.87,4558851.99
111,2025-03-30,354,308.47,345.49,3858130.34,4559197.48
111,2025-03-31,355,308.47,345.49,3858438.81,4559542.96
111,2025-04-01,356,308.47,345.49,3858747.28,4559888.45
111,2025-04-02,357,308.47,345.49,3859055.76,4560233.94
111,2025-04-03,358,308.47,345.49,3859364.23,4560579.43
111,2025-04-04,359,308.47,345.49,3859672.7,4560924.91
111,2025-04-05,360,308.47,345.49,3859981.17,4561270.4
111,2025-04-06,361,308.47,345.49,3860289.64,4561615.89
112,2024-05-01,1,352.12,447.2,3860641.76,4562063.09
112,2024-05-02,2,352.12,447.2,3860993.89,4562510.29
112,2024-05-03,3,352.12,447.2,3861346.01,4562957.48
112,2024-05-04,4,352.12,447.2,3861698.14,4563404.68
112,2024-05-05,5,352.12,447.2,3862050.26,4563851.88
112,2024-05-06,6,3776.21,4693.06,3865826.47,4568544.94
112,2024-05-07,7,3776.21,4693.06,3869602.68,4573238
112,2024-05-08,8,3776.21,4693.06,3873378.89,4577931.07
112,2024-05-09,9,3776.21,4693.06,3877155.1,4582624.13
112,2024-05-10,10,3776.21,4693.06,3880931.3,4587317.19
112,2024-05-11,11,3776.21,4693.06,3884707.51,4592010.25
112,2024-05-12,12,3776.21,4693.06,3888483.72,4596703.31
112,2024-05-13,13,3776.21,4693.06,3892259.93,4601396.37
112,2024-05-14,14,3776.21,4693.06,3896036.14,4606089.44
112,2024-05-15,15,3776.21,4693.06,3899812.34,4610782.5
112,2024-05-16,16,3776.21,4693.06,3903588.55,4615475.56
112,2024-05-17,17,3776.21,4693.06,3907364.76,4620168.62
112,2024-05-18,18,3776.21,4693.06,3911140.97,4624861.68
112,2024-05-19,19,3776.21,4693.06,3914917.18,4629554.74
112,2024-05-20,20,3776.21,4693.06,3918693.38,4634247.81
112,2024-05-21,21,3776.21,4693.06,3922469.59,4638940.87
112,2024-05-22,22,3776.21,4693.06,3926245.8,4643633.93
112,2024-05-23,23,3776.21,4693.06,3930022.01,4648326.99
112,2024-05-24,24,3776.21,4693.06,3933798.22,4653020.05
112,2024-05-25,25,3776.21,4693.06,3937574.42,4657713.11
112,2024-05-26,26,3776.21,4693.06,3941350.63,4662406.18
112,2024-05-27,27,3776.21,4693.06,3945126.84,4667099.24
112,2024-05-28,28,3776.21,4693.06,3948903.05,4671792.3
112,2024-05-29,29,5605.1,6741.42,3954508.14,4678533.71
112,2024-05-30,30,2181.01,2495.55,3956689.15,4681029.27
112,2024-05-31,31,2181.01,2495.55,3958870.17,4683524.82
112,2024-06-01,32,2181.01,2495.55,3961051.18,4686020.37
112,2024-06-02,33,2181.01,2495.55,3963232.19,4688515.92
112,2024-06-03,34,2181.01,2495.55,3965413.2,4691011.47
112,2024-06-04,35,2181.01,2495.55,3967594.21,4693507.03
112,2024-06-05,36,2181.01,2495.55,3969775.22,4696002.58
112,2024-06-06,37,2181.01,2495.55,3971956.24,4698498.13
112,2024-06-07,38,2181.01,2495.55,3974137.25,4700993.68
112,2024-06-08,39,2181.01,2495.55,3976318.26,4703489.23
112,2024-06-09,40,2181.01,2495.55,3978499.27,4705984.78
112,2024-06-10,41,2181.01,2495.55,3980680.28,4708480.34
112,2024-06-11,42,2181.01,2495.55,3982861.3,4710975.89
112,2024-06-12,43,2181.01,2495.55,3985042.31,4713471.44
112,2024-06-13,44,2181.01,2495.55,3987223.32,4715966.99
112,2024-06-14,45,2181.01,2495.55,3989404.33,4718462.54
112,2024-06-15,46,2181.01,2495.55,3991585.34,4720958.1
112,2024-06-16,47,2181.01,2495.55,3993766.35,4723453.65
112,2024-06-17,48,2181.01,2495.55,3995947.37,4725949.2
112,2024-06-18,49,2181.01,2495.55,3998128.38,4728444.75
112,2024-06-19,50,2181.01,2495.55,4000309.39,4730940.3
112,2024-06-20,51,2181.01,2495.55,4002490.4,4733435.86
112,2024-06-21,52,2181.01,2495.55,4004671.41,4735931.41
112,2024-06-22,53,2181.01,2495.55,4006852.42,4738426.96
112,2024-06-23,54,2181.01,2495.55,4009033.44,4740922.51
112,2024-06-24,55,2181.01,2495.55,4011214.45,4743418.06
112,2024-06-25,56,2181.01,2495.55,4013395.46,4745913.61
112,2024-06-26,57,2181.01,2495.55,4015576.47,4748409.17
112,2024-06-27,58,2181.01,2495.55,4017757.48,4750904.72
112,2024-06-28,59,2181.01,2495.55,4019938.5,4753400.27
112,2024-06-29,60,2181.01,2495.55,4022119.51,4755895.82
112,2024-06-30,61,2181.01,2495.55,4024300.52,4758391.37
112,2024-07-01,62,2181.01,2495.55,4026481.53,4760886.93
112,2024-07-02,63,2181.01,2495.55,4028662.54,4763382.48
112,2024-07-03,64,2181.01,2495.55,4030843.55,4765878.03
112,2024-07-04,65,2181.01,2495.55,4033024.57,4768373.58
112,2024-07-05,66,2181.01,2495.55,4035205.58,4770869.13
112,2024-07-06,67,2181.01,2495.55,4037386.59,4773364.69
112,2024-07-07,68,2181.01,2495.55,4039567.6,4775860.24
112,2024-07-08,69,2181.01,2495.55,4041748.61,4778355.79
112,2024-07-09,70,5600.29,6632.88,4047348.91,4784988.67
112,2024-07-10,71,5600.29,6632.88,4052949.2,4791621.56
112,2024-07-11,72,5600.29,6632.88,4058549.5,4798254.44
112,2024-07-12,73,5600.29,6632.88,4064149.79,4804887.33
112,2024-07-13,74,5600.29,6632.88,4069750.09,4811520.21
112,2024-07-14,75,5600.29,6632.88,4075350.38,4818153.09
112,2024-07-15,76,5600.29,6632.88,4080950.68,4824785.98
112,2024-07-16,77,5600.29,6632.88,4086550.97,4831418.86
112,2024-07-17,78,5600.29,6632.88,4092151.27,4838051.75
112,2024-07-18,79,5600.29,6632.88,4097751.56,4844684.63
112,2024-07-19,80,8662.12,10307.08,4106413.68,4854991.71
112,2024-07-20,81,8662.12,10307.08,4115075.8,4865298.78
112,2024-07-21,82,8662.12,10307.08,4123737.92,4875605.86
112,2024-07-22,83,8662.12,10307.08,4132400.04,4885912.93
112,2024-07-23,84,8662.12,10307.08,4141062.17,4896220.01
112,2024-07-24,85,8662.12,10307.08,4149724.29,4906527.09
112,2024-07-25,86,8662.12,10307.08,4158386.41,4916834.16
112,2024-07-26,87,8662.12,10307.08,4167048.53,4927141.24
112,2024-07-27,88,8662.12,10307.08,4175710.65,4937448.31
112,2024-07-28,89,8662.12,10307.08,4184372.77,4947755.39
112,2024-07-29,90,8662.12,10307.08,4193034.89,4958062.46
112,2024-07-30,91,6833.23,8258.72,4199868.12,4966321.19
112,2024-07-31,92,6833.23,8258.72,4206701.36,4974579.91
112,2024-08-01,93,6833.23,8258.72,4213534.59,4982838.63
112,2024-08-02,94,6833.23,8258.72,4220367.83,4991097.35
112,2024-08-03,95,6833.23,8258.72,4227201.06,4999356.07
112,2024-08-04,96,6833.23,8258.72,4234034.29,5007614.8
112,2024-08-05,97,6833.23,8258.72,4240867.53,5015873.52
112,2024-08-06,98,6833.23,8258.72,4247700.76,5024132.24
112,2024-08-07,99,6833.23,8258.72,4254533.99,5032390.96
112,2024-08-08,100,6833.23,8258.72,4261367.23,5040649.69
112,2024-08-09,101,6833.23,8258.72,4268200.46,5048908.41
112,2024-08-10,102,6833.23,8258.72,4275033.7,5057167.13
112,2024-08-11,103,6833.23,8258.72,4281866.93,5065425.85
112,2024-08-12,104,6833.23,8258.72,4288700.16,5073684.57
112,2024-08-13,105,6833.23,8258.72,4295533.4,5081943.3
112,2024-08-14,106,6833.23,8258.72,4302366.63,5090202.02
112,2024-08-15,107,6833.23,8258.72,4309199.86,5098460.74
112,2024-08-16,108,6833.23,8258.72,4316033.1,5106719.46
112,2024-08-17,109,6833.23,8258.72,4322866.33,5114978.18
112,2024-08-18,110,6833.23,8258.72,4329699.57,5123236.91
112,2024-08-19,111,6833.23,8258.72,4336532.8,5131495.63
112,2024-08-20,112,6833.23,8258.72,4343366.03,5139754.35
112,2024-08-21,113,6833.23,8258.72,4350199.27,5148013.07
112,2024-08-22,114,6833.23,8258.72,4357032.5,5156271.79
112,2024-08-23,115,6833.23,8258.72,4363865.74,5164530.52
112,2024-08-24,116,6833.23,8258.72,4370698.97,5172789.24
112,2024-08-25,117,6833.23,8258.72,4377532.2,5181047.96
112,2024-08-26,118,6833.23,8258.72,4384365.44,5189306.68
112,2024-08-27,119,6833.23,8258.72,4391198.67,5197565.4
112,2024-08-28,120,6833.23,8258.72,4398031.9,5205824.13
112,2024-08-29,121,6833.23,8258.72,4404865.14,5214082.85
112,2024-08-30,122,6833.23,8258.72,4411698.37,5222341.57
112,2024-08-31,123,3413.95,4121.39,4415112.32,5226462.96
112,2024-09-01,124,3413.95,4121.39,4418526.27,5230584.35
112,2024-09-02,125,3413.95,4121.39,4421940.22,5234705.74
112,2024-09-03,126,3413.95,4121.39,4425354.17,5238827.13
112,2024-09-04,127,3413.95,4121.39,4428768.13,5242948.52
112,2024-09-05,128,3413.95,4121.39,4432182.08,5247069.91
112,2024-09-06,129,3413.95,4121.39,4435596.03,5251191.3
112,2024-09-07,130,3413.95,4121.39,4439009.98,5255312.69
112,2024-09-08,131,3413.95,4121.39,4442423.93,5259434.08
112,2024-09-09,132,3413.95,4121.39,4445837.88,5263555.47
112,2024-09-10,133,3413.95,4121.39,4449251.83,5267676.86
112,2024-09-11,134,3413.95,4121.39,4452665.78,5271798.25
112,2024-09-12,135,3413.95,4121.39,4456079.73,5275919.64
112,2024-09-13,136,3413.95,4121.39,4459493.68,5280041.03
112,2024-09-14,137,3413.95,4121.39,4462907.63,5284162.42
112,2024-09-15,138,3413.95,4121.39,4466321.58,5288283.81
112,2024-09-16,139,3413.95,4121.39,4469735.53,5292405.19
112,2024-09-17,140,3413.95,4121.39,4473149.49,5296526.58
112,2024-09-18,141,3413.95,4121.39,4476563.44,5300647.97
112,2024-09-19,142,3413.95,4121.39,4479977.39,5304769.36
112,2024-09-20,143,3413.95,4121.39,4483391.34,5308890.75
112,2024-09-21,144,3413.95,4121.39,4486805.29,5313012.14
112,2024-09-22,145,3413.95,4121.39,4490219.24,5317133.53
112,2024-09-23,146,3413.95,4121.39,4493633.19,5321254.92
112,2024-09-24,147,3413.95,4121.39,4497047.14,5325376.31
112,2024-09-25,148,3413.95,4121.39,4500461.09,5329497.7
112,2024-09-26,149,3413.95,4121.39,4503875.04,5333619.09
112,2024-09-27,150,3413.95,4121.39,4507288.99,5337740.48
112,2024-09-28,151,3413.95,4121.39,4510702.94,5341861.87
112,2024-09-29,152,3413.95,4121.39,4514116.89,5345983.26
112,2024-09-30,153,3413.95,4121.39,4517530.84,5350104.65
112,2024-10-01,154,3413.95,4121.39,4520944.8,5354226.04
112,2024-10-02,155,3413.95,4121.39,4524358.75,5358347.43
112,2024-10-03,156,3413.95,4121.39,4527772.7,5362468.82
112,2024-10-04,157,3413.95,4121.39,4531186.65,5366590.21
112,2024-10-05,158,3413.95,4121.39,4534600.6,5370711.6
112,2024-10-06,159,3413.95,4121.39,4538014.55,5374832.99
112,2024-10-07,160,3413.95,4121.39,4541428.5,5378954.38
112,2024-10-08,161,3413.95,4121.39,4544842.45,5383075.77
112,2024-10-09,162,3413.95,4121.39,4548256.4,5387197.16
112,2024-10-10,163,3413.95,4121.39,4551670.35,5391318.55
112,2024-10-11,164,3413.95,4121.39,4555084.3,5395439.94
112,2024-10-12,165,3413.95,4121.39,4558498.25,5399561.33
112,2024-10-13,166,3413.95,4121.39,4561912.2,5403682.71
112,2024-10-14,167,3413.95,4121.39,4565326.16,5407804.1
112,2024-10-15,168,3413.95,4121.39,4568740.11,5411925.49
112,2024-10-16,169,3413.95,4121.39,4572154.06,5416046.88
112,2024-10-17,170,3413.95,4121.39,4575568.01,5420168.27
112,2024-10-18,171,3413.95,4121.39,4578981.96,5424289.66
112,2024-10-19,172,3413.95,4121.39,4582395.91,5428411.05
112,2024-10-20,173,3413.95,4121.39,4585809.86,5432532.44
112,2024-10-21,174,3413.95,4121.39,4589223.81,5436653.83
112,2024-10-22,175,3413.95,4121.39,4592637.76,5440775.22
112,2024-10-23,176,3413.95,4121.39,4596051.71,5444896.61
112,2024-10-24,177,3413.95,4121.39,4599465.66,5449018
112,2024-10-25,178,3413.95,4121.39,4602879.61,5453139.39
112,2024-10-26,179,3413.95,4121.39,4606293.56,5457260.78
112,2024-10-27,180,3413.95,4121.39,4609707.52,5461382.17
112,2024-10-28,181,3413.95,4121.39,4613121.47,5465503.56
112,2024-10-29,182,3413.95,4121.39,4616535.42,5469624.95
112,2024-10-30,183,3413.95,4121.39,4619949.37,5473746.34
112,2024-10-31,184,3413.95,4121.39,4623363.32,5477867.73
112,2024-11-01,185,3413.95,4121.39,4626777.27,5481989.12
112,2024-11-02,186,3413.95,4121.39,4630191.22,5486110.51
112,2024-11-03,187,3413.95,4121.39,4633605.17,5490231.9
112,2024-11-04,188,3413.95,4121.39,4637019.12,5494353.29
112,2024-11-05,189,3413.95,4121.39,4640433.07,5498474.68
112,2024-11-06,190,3413.95,4121.39,4643847.02,5502596.07
112,2024-11-07,191,3413.95,4121.39,4647260.97,5506717.46
112,2024-11-08,192,3413.95,4121.39,4650674.92,5510838.85
112,2024-11-09,193,3413.95,4121.39,4654088.88,5514960.24
112,2024-11-10,194,3413.95,4121.39,4657502.83,5519081.62
112,2024-11-11,195,3413.95,4121.39,4660916.78,5523203.01
112,2024-11-12,196,3413.95,4121.39,4664330.73,5527324.4
112,2024-11-13,197,3413.95,4121.39,4667744.68,5531445.79
112,2024-11-14,198,3413.95,4121.39,4671158.63,5535567.18
112,2024-11-15,199,3413.95,4121.39,4674572.58,5539688.57
112,2024-11-16,200,3413.95,4121.39,4677986.53,5543809.96
112,2024-11-17,201,3413.95,4121.39,4681400.48,5547931.35
112,2024-11-18,202,3413.95,4121.39,4684814.43,5552052.74
112,2024-11-19,203,3413.95,4121.39,4688228.38,5556174.13
112,2024-11-20,204,3413.95,4121.39,4691642.33,5560295.52
112,2024-11-21,205,3413.95,4121.39,4695056.28,5564416.91
112,2024-11-22,206,3413.95,4121.39,4698470.23,5568538.3
112,2024-11-23,207,3413.95,4121.39,4701884.19,5572659.69
112,2024-11-24,208,3413.95,4121.39,4705298.14,5576781.08
112,2024-11-25,209,3413.95,4121.39,4708712.09,5580902.47
112,2024-11-26,210,3413.95,4121.39,4712126.04,5585023.86
112,2024-11-27,211,3413.95,4121.39,4715539.99,5589145.25
112,2024-11-28,212,3413.95,4121.39,4718953.94,5593266.64
112,2024-11-29,213,3413.95,4121.39,4722367.89,5597388.03
112,2024-11-30,214,3413.95,4121.39,4725781.84,5601509.42
112,2024-12-01,215,3413.95,4121.39,4729195.79,5605630.81
112,2024-12-02,216,3413.95,4121.39,4732609.74,5609752.2
112,2024-12-03,217,3413.95,4121.39,4736023.69,5613873.59
112,2024-12-04,218,352.12,447.2,4736375.82,5614320.78
112,2024-12-05,219,352.12,447.2,4736727.94,5614767.98
112,2024-12-06,220,352.12,447.2,4737080.07,5615215.18
112,2024-12-07,221,352.12,447.2,4737432.19,5615662.38
112,2024-12-08,222,352.12,447.2,4737784.32,5616109.58
112,2024-12-09,223,352.12,447.2,4738136.44,5616556.78
112,2024-12-10,224,352.12,447.2,4738488.57,5617003.97
112,2024-12-11,225,352.12,447.2,4738840.69,5617451.17
112,2024-12-12,226,352.12,447.2,4739192.82,5617898.37
112,2024-12-13,227,352.12,447.2,4739544.94,5618345.57
113,2024-04-16,1,317.9,400.55,4739862.84,5618746.12
113,2024-04-17,2,317.9,400.55,4740180.74,5619146.68
113,2024-04-18,3,317.9,400.55,4740498.64,5619547.23
113,2024-04-19,4,317.9,400.55,4740816.54,5619947.78
113,2024-04-20,5,317.9,400.55,4741134.44,5620348.33
113,2024-04-21,6,2646.32,3194.66,4743780.76,5623542.99
113,2024-04-22,7,2646.32,3194.66,4746427.08,5626737.65
113,2024-04-23,8,2646.32,3194.66,4749073.4,5629932.31
113,2024-04-24,9,2646.32,3194.66,4751719.72,5633126.97
113,2024-04-25,10,2646.32,3194.66,4754366.04,5636321.62
113,2024-04-26,11,2646.32,3194.66,4757012.36,5639516.28
113,2024-04-27,12,2646.32,3194.66,4759658.68,5642710.94
113,2024-04-28,13,2646.32,3194.66,4762305,5645905.6
113,2024-04-29,14,2646.32,3194.66,4764951.32,5649100.26
113,2024-04-30,15,2646.32,3194.66,4767597.64,5652294.91
113,2024-05-01,16,2646.32,3194.66,4770243.96,5655489.57
113,2024-05-02,17,2646.32,3194.66,4772890.28,5658684.23
113,2024-05-03,18,2646.32,3194.66,4775536.6,5661878.89
113,2024-05-04,19,2646.32,3194.66,4778182.92,5665073.55
113,2024-05-05,20,2646.32,3194.66,4780829.24,5668268.2
113,2024-05-06,21,2646.32,3194.66,4783475.56,5671462.86
113,2024-05-07,22,2646.32,3194.66,4786121.88,5674657.52
113,2024-05-08,23,2646.32,3194.66,4788768.2,5677852.18
113,2024-05-09,24,4859.8,5917.24,4793628,5683769.42
113,2024-05-10,25,2531.38,3123.14,4796159.38,5686892.56
113,2024-05-11,26,2531.38,3123.14,4798690.77,5690015.7
113,2024-05-12,27,2531.38,3123.14,4801222.15,5693138.83
113,2024-05-13,28,2531.38,3123.14,4803753.53,5696261.97
113,2024-05-14,29,2531.38,3123.14,4806284.91,5699385.11
113,2024-05-15,30,2531.38,3123.14,4808816.3,5702508.25
113,2024-05-16,31,2531.38,3123.14,4811347.68,5705631.39
113,2024-05-17,32,2531.38,3123.14,4813879.06,5708754.52
113,2024-05-18,33,2531.38,3123.14,4816410.45,5711877.66
113,2024-05-19,34,2531.38,3123.14,4818941.83,5715000.8
113,2024-05-20,35,2531.38,3123.14,4821473.21,5718123.94
113,2024-05-21,36,2531.38,3123.14,4824004.59,5721247.08
113,2024-05-22,37,2531.38,3123.14,4826535.98,5724370.21
113,2024-05-23,38,2531.38,3123.14,4829067.36,5727493.35
113,2024-05-24,39,2531.38,3123.14,4831598.74,5730616.49
113,2024-05-25,40,2531.38,3123.14,4834130.13,5733739.63
113,2024-05-26,41,2531.38,3123.14,4836661.51,5736862.76
113,2024-05-27,42,2531.38,3123.14,4839192.89,5739985.9
113,2024-05-28,43,2531.38,3123.14,4841724.27,5743109.04
113,2024-05-29,44,2531.38,3123.14,4844255.66,5746232.18
113,2024-05-30,45,2531.38,3123.14,4846787.04,5749355.32
113,2024-05-31,46,2531.38,3123.14,4849318.42,5752478.45
113,2024-06-01,47,2531.38,3123.14,4851849.81,5755601.59
113,2024-06-02,48,2531.38,3123.14,4854381.19,5758724.73
113,2024-06-03,49,2531.38,3123.14,4856912.57,5761847.87
113,2024-06-04,50,2531.38,3123.14,4859443.95,5764971.01
113,2024-06-05,51,2531.38,3123.14,4861975.34,5768094.14
113,2024-06-06,52,2531.38,3123.14,4864506.72,5771217.28
113,2024-06-07,53,2531.38,3123.14,4867038.1,5774340.42
113,2024-06-08,54,2531.38,3123.14,4869569.49,5777463.56
113,2024-06-09,55,2531.38,3123.14,4872100.87,5780586.7
113,2024-06-10,56,2531.38,3123.14,4874632.25,5783709.83
113,2024-06-11,57,2531.38,3123.14,4877163.63,5786832.97
113,2024-06-12,58,2531.38,3123.14,4879695.02,5789956.11
113,2024-06-13,59,2531.38,3123.14,4882226.4,5793079.25
113,2024-06-14,60,2531.38,3123.14,4884757.78,5796202.38
113,2024-06-15,61,2531.38,3123.14,4887289.17,5799325.52
113,2024-06-16,62,2531.38,3123.14,4889820.55,5802448.66
113,2024-06-17,63,2531.38,3123.14,4892351.93,5805571.8
113,2024-06-18,64,2531.38,3123.14,4894883.31,5808694.94
113,2024-06-19,65,2531.38,3123.14,4897414.7,5811818.07
113,2024-06-20,66,2531.38,3123.14,4899946.08,5814941.21
113,2024-06-21,67,2531.38,3123.14,4902477.46,5818064.35
113,2024-06-22,68,2531.38,3123.14,4905008.85,5821187.49
113,2024-06-23,69,2531.38,3123.14,4907540.23,5824310.63
113,2024-06-24,70,2531.38,3123.14,4910071.61,5827433.76
113,2024-06-25,71,2531.38,3123.14,4912602.99,5830556.9
113,2024-06-26,72,2531.38,3123.14,4915134.38,5833680.04
113,2024-06-27,73,2531.38,3123.14,4917665.76,5836803.18
113,2024-06-28,74,2531.38,3123.14,4920197.14,5839926.32
113,2024-06-29,75,2531.38,3123.14,4922728.53,5843049.45
113,2024-06-30,76,2531.38,3123.14,4925259.91,5846172.59
113,2024-07-01,77,2531.38,3123.14,4927791.29,5849295.73
113,2024-07-02,78,2531.38,3123.14,4930322.67,5852418.87
113,2024-07-03,79,2531.38,3123.14,4932854.06,5855542.01
113,2024-07-04,80,2531.38,3123.14,4935385.44,5858665.14
113,2024-07-05,81,2531.38,3123.14,4937916.82,5861788.28
113,2024-07-06,82,2531.38,3123.14,4940448.21,5864911.42
113,2024-07-07,83,2531.38,3123.14,4942979.59,5868034.56
113,2024-07-08,84,2531.38,3123.14,4945510.97,5871157.69
113,2024-07-09,85,2531.38,3123.14,4948042.36,5874280.83
113,2024-07-10,86,2531.38,3123.14,4950573.74,5877403.97
113,2024-07-11,87,2531.38,3123.14,4953105.12,5880527.11
113,2024-07-12,88,2531.38,3123.14,4955636.5,5883650.25
113,2024-07-13,89,2531.38,3123.14,4958167.89,5886773.38
113,2024-07-14,90,2531.38,3123.14,4960699.27,5889896.52
113,2024-07-15,91,2531.38,3123.14,4963230.65,5893019.66
113,2024-07-16,92,2531.38,3123.14,4965762.04,5896142.8
113,2024-07-17,93,2531.38,3123.14,4968293.42,5899265.94
113,2024-07-18,94,2531.38,3123.14,4970824.8,5902389.07
113,2024-07-19,95,2531.38,3123.14,4973356.18,5905512.21
113,2024-07-20,96,5176.03,6481.84,4978532.21,5911994.05
113,2024-07-21,97,5176.03,6481.84,4983708.24,5918475.89
113,2024-07-22,98,5176.03,6481.84,4988884.27,5924957.72
113,2024-07-23,99,5176.03,6481.84,4994060.3,5931439.56
113,2024-07-24,100,5176.03,6481.84,4999236.32,5937921.4
113,2024-07-25,101,5176.03,6481.84,5004412.35,5944403.24
113,2024-07-26,102,5176.03,6481.84,5009588.38,5950885.07
113,2024-07-27,103,5176.03,6481.84,5014764.41,5957366.91
113,2024-07-28,104,5176.03,6481.84,5019940.44,5963848.75
113,2024-07-29,105,5176.03,6481.84,5025116.46,5970330.58
113,2024-07-30,106,8749.2,10912.58,5033865.67,5981243.16
113,2024-07-31,107,8749.2,10912.58,5042614.87,5992155.74
113,2024-08-01,108,8749.2,10912.58,5051364.08,6003068.31
113,2024-08-02,109,8749.2,10912.58,5060113.28,6013980.89
113,2024-08-03,110,8749.2,10912.58,5068862.49,6024893.46
113,2024-08-04,111,8749.2,10912.58,5077611.69,6035806.04
113,2024-08-05,112,8749.2,10912.58,5086360.9,6046718.62
113,2024-08-06,113,8749.2,10912.58,5095110.1,6057631.19
113,2024-08-07,114,8749.2,10912.58,5103859.3,6068543.77
113,2024-08-08,115,8749.2,10912.58,5112608.51,6079456.34
113,2024-08-09,116,8749.2,10912.58,5121357.71,6090368.92
113,2024-08-10,117,6535.72,8189.99,5127893.43,6098558.91
113,2024-08-11,118,6535.72,8189.99,5134429.15,6106748.9
113,2024-08-12,119,6535.72,8189.99,5140964.88,6114938.89
113,2024-08-13,120,6535.72,8189.99,5147500.6,6123128.88
113,2024-08-14,121,6535.72,8189.99,5154036.32,6131318.88
113,2024-08-15,122,6535.72,8189.99,5160572.04,6139508.87
113,2024-08-16,123,6535.72,8189.99,5167107.76,6147698.86
113,2024-08-17,124,6535.72,8189.99,5173643.48,6155888.85
113,2024-08-18,125,6535.72,8189.99,5180179.2,6164078.84
113,2024-08-19,126,6535.72,8189.99,5186714.92,6172268.83
113,2024-08-20,127,3891.08,4831.29,5190606,6177100.12
113,2024-08-21,128,3891.08,4831.29,5194497.07,6181931.41
113,2024-08-22,129,3891.08,4831.29,5198388.15,6186762.7
113,2024-08-23,130,3891.08,4831.29,5202279.22,6191594
113,2024-08-24,131,3891.08,4831.29,5206170.3,6196425.29
113,2024-08-25,132,3891.08,4831.29,5210061.37,6201256.58
113,2024-08-26,133,3891.08,4831.29,5213952.45,6206087.87
113,2024-08-27,134,3891.08,4831.29,5217843.52,6210919.16
113,2024-08-28,135,3891.08,4831.29,5221734.6,6215750.45
113,2024-08-29,136,3891.08,4831.29,5225625.67,6220581.75
113,2024-08-30,137,3891.08,4831.29,5229516.75,6225413.04
113,2024-08-31,138,3891.08,4831.29,5233407.83,6230244.33
113,2024-09-01,139,3891.08,4831.29,5237298.9,6235075.62
113,2024-09-02,140,3891.08,4831.29,5241189.98,6239906.91
113,2024-09-03,141,3891.08,4831.29,5245081.05,6244738.2
113,2024-09-04,142,3891.08,4831.29,5248972.13,6249569.5
113,2024-09-05,143,3891.08,4831.29,5252863.2,6254400.79
113,2024-09-06,144,3891.08,4831.29,5256754.28,6259232.08
113,2024-09-07,145,3891.08,4831.29,5260645.35,6264063.37
113,2024-09-08,146,3891.08,4831.29,5264536.43,6268894.66
113,2024-09-09,147,3891.08,4831.29,5268427.5,6273725.95
113,2024-09-10,148,3891.08,4831.29,5272318.58,6278557.24
113,2024-09-11,149,3891.08,4831.29,5276209.66,6283388.54
113,2024-09-12,150,3891.08,4831.29,5280100.73,6288219.83
113,2024-09-13,151,3891.08,4831.29,5283991.81,6293051.12
113,2024-09-14,152,3891.08,4831.29,5287882.88,6297882.41
113,2024-09-15,153,3891.08,4831.29,5291773.96,6302713.7
113,2024-09-16,154,3891.08,4831.29,5295665.03,6307544.99
113,2024-09-17,155,3891.08,4831.29,5299556.11,6312376.29
113,2024-09-18,156,3891.08,4831.29,5303447.18,6317207.58
113,2024-09-19,157,3891.08,4831.29,5307338.26,6322038.87
113,2024-09-20,158,3891.08,4831.29,5311229.33,6326870.16
113,2024-09-21,159,3891.08,4831.29,5315120.41,6331701.45
113,2024-09-22,160,3891.08,4831.29,5319011.49,6336532.74
113,2024-09-23,161,3891.08,4831.29,5322902.56,6341364.03
113,2024-09-24,162,3891.08,4831.29,5326793.64,6346195.33
113,2024-09-25,163,3891.08,4831.29,5330684.71,6351026.62
113,2024-09-26,164,3891.08,4831.29,5334575.79,6355857.91
113,2024-09-27,165,3891.08,4831.29,5338466.86,6360689.2
113,2024-09-28,166,3891.08,4831.29,5342357.94,6365520.49
113,2024-09-29,167,3891.08,4831.29,5346249.01,6370351.78
113,2024-09-30,168,3891.08,4831.29,5350140.09,6375183.08
113,2024-10-01,169,3891.08,4831.29,5354031.17,6380014.37
113,2024-10-02,170,3891.08,4831.29,5357922.24,6384845.66
113,2024-10-03,171,3891.08,4831.29,5361813.32,6389676.95
113,2024-10-04,172,3891.08,4831.29,5365704.39,6394508.24
113,2024-10-05,173,3891.08,4831.29,5369595.47,6399339.53
113,2024-10-06,174,3891.08,4831.29,5373486.54,6404170.83
113,2024-10-07,175,3891.08,4831.29,5377377.62,6409002.12
113,2024-10-08,176,3891.08,4831.29,5381268.69,6413833.41
113,2024-10-09,177,3891.08,4831.29,5385159.77,6418664.7
113,2024-10-10,178,3891.08,4831.29,5389050.84,6423495.99
113,2024-10-11,179,3891.08,4831.29,5392941.92,6428327.28
113,2024-10-12,180,3891.08,4831.29,5396833,6433158.57
113,2024-10-13,181,3891.08,4831.29,5400724.07,6437989.87
113,2024-10-14,182,3891.08,4831.29,5404615.15,6442821.16
113,2024-10-15,183,3891.08,4831.29,5408506.22,6447652.45
113,2024-10-16,184,3891.08,4831.29,5412397.3,6452483.74
113,2024-10-17,185,3891.08,4831.29,5416288.37,6457315.03
113,2024-10-18,186,3891.08,4831.29,5420179.45,6462146.32
113,2024-10-19,187,3891.08,4831.29,5424070.52,6466977.62
113,2024-10-20,188,3891.08,4831.29,5427961.6,6471808.91
113,2024-10-21,189,3891.08,4831.29,5431852.67,6476640.2
113,2024-10-22,190,3891.08,4831.29,5435743.75,6481471.49
113,2024-10-23,191,317.9,400.55,5436061.65,6481872.04
113,2024-10-24,192,317.9,400.55,5436379.55,6482272.6
113,2024-10-25,193,317.9,400.55,5436697.45,6482673.15
113,2024-10-26,194,317.9,400.55,5437015.35,6483073.7
113,2024-10-27,195,317.9,400.55,5437333.25,6483474.25
113,2024-10-28,196,317.9,400.55,5437651.14,6483874.81
113,2024-10-29,197,317.9,400.55,5437969.04,6484275.36
113,2024-10-30,198,317.9,400.55,5438286.94,6484675.91
113,2024-10-31,199,317.9,400.55,5438604.84,6485076.46
113,2024-11-01,200,317.9,400.55,5438922.74,6485477.02
114,2024-05-30,1,181.57,217.88,5439104.31,6485694.9
114,2024-05-31,2,181.57,217.88,5439285.87,6485912.78
114,2024-06-01,3,181.57,217.88,5439467.44,6486130.66
114,2024-06-02,4,181.57,217.88,5439649.01,6486348.54
114,2024-06-03,5,181.57,217.88,5439830.57,6486566.42
114,2024-06-04,6,1233.57,1490.8,5441064.14,6488057.22
114,2024-06-05,7,1233.57,1490.8,5442297.71,6489548.02
114,2024-06-06,8,1233.57,1490.8,5443531.27,6491038.82
114,2024-06-07,9,1233.57,1490.8,5444764.84,6492529.62
114,2024-06-08,10,1233.57,1490.8,5445998.41,6494020.42
114,2024-06-09,11,1233.57,1490.8,5447231.97,6495511.22
114,2024-06-10,12,1233.57,1490.8,5448465.54,6497002.02
114,2024-06-11,13,1233.57,1490.8,5449699.11,6498492.82
114,2024-06-12,14,1233.57,1490.8,5450932.67,6499983.62
114,2024-06-13,15,1233.57,1490.8,5452166.24,6501474.42
114,2024-06-14,16,1233.57,1490.8,5453399.81,6502965.22
114,2024-06-15,17,1233.57,1490.8,5454633.37,6504456.02
114,2024-06-16,18,1233.57,1490.8,5455866.94,6505946.82
114,2024-06-17,19,1233.57,1490.8,5457100.51,6507437.62
114,2024-06-18,20,2925.23,3385.46,5460025.73,6510823.08
114,2024-06-19,21,1873.23,2112.54,5461898.96,6512935.61
114,2024-06-20,22,1873.23,2112.54,5463772.18,6515048.15
114,2024-06-21,23,1873.23,2112.54,5465645.41,6517160.69
114,2024-06-22,24,1873.23,2112.54,5467518.63,6519273.23
114,2024-06-23,25,1873.23,2112.54,5469391.86,6521385.77
114,2024-06-24,26,1873.23,2112.54,5471265.09,6523498.3
114,2024-06-25,27,1873.23,2112.54,5473138.31,6525610.84
114,2024-06-26,28,1873.23,2112.54,5475011.54,6527723.38
114,2024-06-27,29,1873.23,2112.54,5476884.76,6529835.92
114,2024-06-28,30,1873.23,2112.54,5478757.99,6531948.46
114,2024-06-29,31,1873.23,2112.54,5480631.21,6534060.99
114,2024-06-30,32,1873.23,2112.54,5482504.44,6536173.53
114,2024-07-01,33,1873.23,2112.54,5484377.66,6538286.07
114,2024-07-02,34,1873.23,2112.54,5486250.89,6540398.61
114,2024-07-03,35,1873.23,2112.54,5488124.12,6542511.15
114,2024-07-04,36,1873.23,2112.54,5489997.34,6544623.68
114,2024-07-05,37,1873.23,2112.54,5491870.57,6546736.22
114,2024-07-06,38,1873.23,2112.54,5493743.79,6548848.76
114,2024-07-07,39,1873.23,2112.54,5495617.02,6550961.3
114,2024-07-08,40,1873.23,2112.54,5497490.24,6553073.84
114,2024-07-09,41,1873.23,2112.54,5499363.47,6555186.37
114,2024-07-10,42,1873.23,2112.54,5501236.7,6557298.91
114,2024-07-11,43,1873.23,2112.54,5503109.92,6559411.45
114,2024-07-12,44,1873.23,2112.54,5504983.15,6561523.99
114,2024-07-13,45,1873.23,2112.54,5506856.37,6563636.53
114,2024-07-14,46,1873.23,2112.54,5508729.6,6565749.06
114,2024-07-15,47,1873.23,2112.54,5510602.82,6567861.6
114,2024-07-16,48,1873.23,2112.54,5512476.05,6569974.14
114,2024-07-17,49,1873.23,2112.54,5514349.27,6572086.68
114,2024-07-18,50,1873.23,2112.54,5516222.5,6574199.22
114,2024-07-19,51,1873.23,2112.54,5518095.73,6576311.75
114,2024-07-20,52,1873.23,2112.54,5519968.95,6578424.29
114,2024-07-21,53,1873.23,2112.54,5521842.18,6580536.83
114,2024-07-22,54,1873.23,2112.54,5523715.4,6582649.37
114,2024-07-23,55,1873.23,2112.54,5525588.63,6584761.91
114,2024-07-24,56,1873.23,2112.54,5527461.85,6586874.44
114,2024-07-25,57,1873.23,2112.54,5529335.08,6588986.98
114,2024-07-26,58,1873.23,2112.54,5531208.3,6591099.52
114,2024-07-27,59,1873.23,2112.54,5533081.53,6593212.06
114,2024-07-28,60,1873.23,2112.54,5534954.76,6595324.59
114,2024-07-29,61,1873.23,2112.54,5536827.98,6597437.13
114,2024-07-30,62,1873.23,2112.54,5538701.21,6599549.67
114,2024-07-31,63,1873.23,2112.54,5540574.43,6601662.21
114,2024-08-01,64,1873.23,2112.54,5542447.66,6603774.75
114,2024-08-02,65,1873.23,2112.54,5544320.88,6605887.28
114,2024-08-03,66,1873.23,2112.54,5546194.11,6607999.82
114,2024-08-04,67,1873.23,2112.54,5548067.33,6610112.36
114,2024-08-05,68,1873.23,2112.54,5549940.56,6612224.9
114,2024-08-06,69,1873.23,2112.54,5551813.79,6614337.44
114,2024-08-07,70,1873.23,2112.54,5553687.01,6616449.97
114,2024-08-08,71,1873.23,2112.54,5555560.24,6618562.51
114,2024-08-09,72,1873.23,2112.54,5557433.46,6620675.05
114,2024-08-10,73,1873.23,2112.54,5559306.69,6622787.59
114,2024-08-11,74,1873.23,2112.54,5561179.91,6624900.13
114,2024-08-12,75,1873.23,2112.54,5563053.14,6627012.66
114,2024-08-13,76,1873.23,2112.54,5564926.36,6629125.2
114,2024-08-14,77,1873.23,2112.54,5566799.59,6631237.74
114,2024-08-15,78,1873.23,2112.54,5568672.82,6633350.28
114,2024-08-16,79,1873.23,2112.54,5570546.04,6635462.82
114,2024-08-17,80,1873.23,2112.54,5572419.27,6637575.35
114,2024-08-18,81,1873.23,2112.54,5574292.49,6639687.89
114,2024-08-19,82,1873.23,2112.54,5576165.72,6641800.43
114,2024-08-20,83,1873.23,2112.54,5578038.94,6643912.97
114,2024-08-21,84,1873.23,2112.54,5579912.17,6646025.51
114,2024-08-22,85,1873.23,2112.54,5581785.4,6648138.04
114,2024-08-23,86,1873.23,2112.54,5583658.62,6650250.58
114,2024-08-24,87,1873.23,2112.54,5585531.85,6652363.12
114,2024-08-25,88,1873.23,2112.54,5587405.07,6654475.66
114,2024-08-26,89,1873.23,2112.54,5589278.3,6656588.2
114,2024-08-27,90,1873.23,2112.54,5591151.52,6658700.73
114,2024-08-28,91,1873.23,2112.54,5593024.75,6660813.27
114,2024-08-29,92,1873.23,2112.54,5594897.97,6662925.81
114,2024-08-30,93,1873.23,2112.54,5596771.2,6665038.35
114,2024-08-31,94,1873.23,2112.54,5598644.43,6667150.89
114,2024-09-01,95,1873.23,2112.54,5600517.65,6669263.42
114,2024-09-02,96,1873.23,2112.54,5602390.88,6671375.96
114,2024-09-03,97,1873.23,2112.54,5604264.1,6673488.5
114,2024-09-04,98,1873.23,2112.54,5606137.33,6675601.04
114,2024-09-05,99,1873.23,2112.54,5608010.55,6677713.58
114,2024-09-06,100,1873.23,2112.54,5609883.78,6679826.11
114,2024-09-07,101,1873.23,2112.54,5611757,6681938.65
114,2024-09-08,102,1873.23,2112.54,5613630.23,6684051.19
114,2024-09-09,103,1873.23,2112.54,5615503.46,6686163.73
114,2024-09-10,104,1873.23,2112.54,5617376.68,6688276.27
114,2024-09-11,105,1873.23,2112.54,5619249.91,6690388.8
114,2024-09-12,106,1873.23,2112.54,5621123.13,6692501.34
114,2024-09-13,107,1873.23,2112.54,5622996.36,6694613.88
114,2024-09-14,108,1873.23,2112.54,5624869.58,6696726.42
114,2024-09-15,109,1873.23,2112.54,5626742.81,6698838.96
114,2024-09-16,110,1873.23,2112.54,5628616.03,6700951.49
114,2024-09-17,111,1873.23,2112.54,5630489.26,6703064.03
114,2024-09-18,112,1873.23,2112.54,5632362.49,6705176.57
114,2024-09-19,113,1873.23,2112.54,5634235.71,6707289.11
114,2024-09-20,114,1873.23,2112.54,5636108.94,6709401.65
114,2024-09-21,115,1873.23,2112.54,5637982.16,6711514.18
114,2024-09-22,116,1873.23,2112.54,5639855.39,6713626.72
114,2024-09-23,117,1873.23,2112.54,5641728.61,6715739.26
114,2024-09-24,118,1873.23,2112.54,5643601.84,6717851.8
114,2024-09-25,119,1873.23,2112.54,5645475.06,6719964.34
114,2024-09-26,120,1873.23,2112.54,5647348.29,6722076.87
114,2024-09-27,121,1873.23,2112.54,5649221.52,6724189.41
114,2024-09-28,122,1873.23,2112.54,5651094.74,6726301.95
114,2024-09-29,123,1873.23,2112.54,5652967.97,6728414.49
114,2024-09-30,124,1873.23,2112.54,5654841.19,6730527.03
114,2024-10-01,125,1873.23,2112.54,5656714.42,6732639.56
114,2024-10-02,126,1873.23,2112.54,5658587.64,6734752.1
114,2024-10-03,127,1873.23,2112.54,5660460.87,6736864.64
114,2024-10-04,128,4020.98,4539.5,5664481.85,6741404.14
114,2024-10-05,129,4020.98,4539.5,5668502.82,6745943.63
114,2024-10-06,130,4020.98,4539.5,5672523.8,6750483.13
114,2024-10-07,131,4020.98,4539.5,5676544.77,6755022.62
114,2024-10-08,132,4020.98,4539.5,5680565.75,6759562.12
114,2024-10-09,133,4020.98,4539.5,5684586.72,6764101.61
114,2024-10-10,134,4020.98,4539.5,5688607.7,6768641.11
114,2024-10-11,135,4020.98,4539.5,5692628.67,6773180.6
114,2024-10-12,136,4020.98,4539.5,5696649.65,6777720.1
114,2024-10-13,137,4020.98,4539.5,5700670.63,6782259.59
114,2024-10-14,138,5411.23,6180,5706081.86,6788439.59
114,2024-10-15,139,5411.23,6180,5711493.09,6794619.59
114,2024-10-16,140,5411.23,6180,5716904.32,6800799.58
114,2024-10-17,141,5411.23,6180,5722315.55,6806979.58
114,2024-10-18,142,5411.23,6180,5727726.78,6813159.57
114,2024-10-19,143,5411.23,6180,5733138.01,6819339.57
114,2024-10-20,144,5411.23,6180,5738549.24,6825519.57
114,2024-10-21,145,5411.23,6180,5743960.47,6831699.56
114,2024-10-22,146,5411.23,6180,5749371.7,6837879.56
114,2024-10-23,147,5411.23,6180,5754782.93,6844059.55
114,2024-10-24,148,5411.23,6180,5760194.16,6850239.55
114,2024-10-25,149,3719.57,4285.34,5763913.73,6854524.89
114,2024-10-26,150,3719.57,4285.34,5767633.3,6858810.22
114,2024-10-27,151,3719.57,4285.34,5771352.87,6863095.56
114,2024-10-28,152,3719.57,4285.34,5775072.44,6867380.9
114,2024-10-29,153,3719.57,4285.34,5778792.01,6871666.24
114,2024-10-30,154,3719.57,4285.34,5782511.58,6875951.58
114,2024-10-31,155,3719.57,4285.34,5786231.16,6880236.91
114,2024-11-01,156,3719.57,4285.34,5789950.73,6884522.25
114,2024-11-02,157,3719.57,4285.34,5793670.3,6888807.59
114,2024-11-03,158,3719.57,4285.34,5797389.87,6893092.93
114,2024-11-04,159,3719.57,4285.34,5801109.44,6897378.27
114,2024-11-05,160,3719.57,4285.34,5804829.01,6901663.6
114,2024-11-06,161,3719.57,4285.34,5808548.58,6905948.94
114,2024-11-07,162,3719.57,4285.34,5812268.15,6910234.28
114,2024-11-08,163,3719.57,4285.34,5815987.72,6914519.62
114,2024-11-09,164,3719.57,4285.34,5819707.3,6918804.95
114,2024-11-10,165,3719.57,4285.34,5823426.87,6923090.29
114,2024-11-11,166,3719.57,4285.34,5827146.44,6927375.63
114,2024-11-12,167,3719.57,4285.34,5830866.01,6931660.97
114,2024-11-13,168,3719.57,4285.34,5834585.58,6935946.31
114,2024-11-14,169,3719.57,4285.34,5838305.15,6940231.64
114,2024-11-15,170,3719.57,4285.34,5842024.72,6944516.98
114,2024-11-16,171,3719.57,4285.34,5845744.29,6948802.32
114,2024-11-17,172,3719.57,4285.34,5849463.87,6953087.66
114,2024-11-18,173,3719.57,4285.34,5853183.44,6957373
114,2024-11-19,174,3719.57,4285.34,5856903.01,6961658.33
114,2024-11-20,175,3719.57,4285.34,5860622.58,6965943.67
114,2024-11-21,176,1571.82,1858.38,5862194.4,6967802.05
114,2024-11-22,177,1571.82,1858.38,5863766.22,6969660.43
114,2024-11-23,178,1571.82,1858.38,5865338.04,6971518.81
114,2024-11-24,179,1571.82,1858.38,5866909.86,6973377.19
114,2024-11-25,180,1571.82,1858.38,5868481.69,6975235.57
114,2024-11-26,181,1571.82,1858.38,5870053.51,6977093.95
114,2024-11-27,182,1571.82,1858.38,5871625.33,6978952.33
114,2024-11-28,183,1571.82,1858.38,5873197.15,6980810.71
114,2024-11-29,184,1571.82,1858.38,5874768.97,6982669.09
114,2024-11-30,185,1571.82,1858.38,5876340.79,6984527.48
114,2024-12-01,186,1571.82,1858.38,5877912.61,6986385.86
114,2024-12-02,187,1571.82,1858.38,5879484.43,6988244.24
114,2024-12-03,188,1571.82,1858.38,5881056.26,6990102.62
114,2024-12-04,189,1571.82,1858.38,5882628.08,6991961
114,2024-12-05,190,1571.82,1858.38,5884199.9,6993819.38
114,2024-12-06,191,1571.82,1858.38,5885771.72,6995677.76
114,2024-12-07,192,1571.82,1858.38,5887343.54,6997536.14
114,2024-12-08,193,1571.82,1858.38,5888915.36,6999394.52
114,2024-12-09,194,1571.82,1858.38,5890487.18,7001252.9
114,2024-12-10,195,1571.82,1858.38,5892059,7003111.28
114,2024-12-11,196,1571.82,1858.38,5893630.82,7004969.66
114,2024-12-12,197,1571.82,1858.38,5895202.65,7006828.04
114,2024-12-13,198,1571.82,1858.38,5896774.47,7008686.42
114,2024-12-14,199,1571.82,1858.38,5898346.29,7010544.8
114,2024-12-15,200,1571.82,1858.38,5899918.11,7012403.18
114,2024-12-16,201,1571.82,1858.38,5901489.93,7014261.56
114,2024-12-17,202,1571.82,1858.38,5903061.75,7016119.94
114,2024-12-18,203,1571.82,1858.38,5904633.57,7017978.32
114,2024-12-19,204,1571.82,1858.38,5906205.39,7019836.7
114,2024-12-20,205,1571.82,1858.38,5907777.22,7021695.08
114,2024-12-21,206,1571.82,1858.38,5909349.04,7023553.46
114,2024-12-22,207,1571.82,1858.38,5910920.86,7025411.84
114,2024-12-23,208,1571.82,1858.38,5912492.68,7027270.22
114,2024-12-24,209,1571.82,1858.38,5914064.5,7029128.6
114,2024-12-25,210,1571.82,1858.38,5915636.32,7030986.98
114,2024-12-26,211,1571.82,1858.38,5917208.14,7032845.36
114,2024-12-27,212,1571.82,1858.38,5918779.96,7034703.74
114,2024-12-28,213,1571.82,1858.38,5920351.79,7036562.13
114,2024-12-29,214,1571.82,1858.38,5921923.61,7038420.51
114,2024-12-30,215,1571.82,1858.38,5923495.43,7040278.89
114,2024-12-31,216,1571.82,1858.38,5925067.25,7042137.27
114,2025-01-01,217,1571.82,1858.38,5926639.07,7043995.65
114,2025-01-02,218,1571.82,1858.38,5928210.89,7045854.03
114,2025-01-03,219,1571.82,1858.38,5929782.71,7047712.41
114,2025-01-04,220,1571.82,1858.38,5931354.53,7049570.79
114,2025-01-05,221,1571.82,1858.38,5932926.36,7051429.17
114,2025-01-06,222,1571.82,1858.38,5934498.18,7053287.55
114,2025-01-07,223,1571.82,1858.38,5936070,7055145.93
114,2025-01-08,224,1571.82,1858.38,5937641.82,7057004.31
114,2025-01-09,225,1571.82,1858.38,5939213.64,7058862.69
114,2025-01-10,226,1571.82,1858.38,5940785.46,7060721.07
114,2025-01-11,227,1571.82,1858.38,5942357.28,7062579.45
114,2025-01-12,228,1571.82,1858.38,5943929.1,7064437.83
114,2025-01-13,229,1571.82,1858.38,5945500.92,7066296.21
114,2025-01-14,230,1571.82,1858.38,5947072.75,7068154.59
114,2025-01-15,231,1571.82,1858.38,5948644.57,7070012.97
114,2025-01-16,232,1571.82,1858.38,5950216.39,7071871.35
114,2025-01-17,233,1571.82,1858.38,5951788.21,7073729.73
114,2025-01-18,234,1571.82,1858.38,5953360.03,7075588.11
114,2025-01-19,235,1571.82,1858.38,5954931.85,7077446.49
114,2025-01-20,236,1571.82,1858.38,5956503.67,7079304.87
114,2025-01-21,237,1571.82,1858.38,5958075.49,7081163.25
114,2025-01-22,238,1571.82,1858.38,5959647.32,7083021.63
114,2025-01-23,239,1571.82,1858.38,5961219.14,7084880.01
114,2025-01-24,240,1571.82,1858.38,5962790.96,7086738.4
114,2025-01-25,241,1571.82,1858.38,5964362.78,7088596.78
114,2025-01-26,242,1571.82,1858.38,5965934.6,7090455.16
114,2025-01-27,243,1571.82,1858.38,5967506.42,7092313.54
114,2025-01-28,244,1571.82,1858.38,5969078.24,7094171.92
114,2025-01-29,245,1571.82,1858.38,5970650.06,7096030.3
114,2025-01-30,246,1571.82,1858.38,5972221.89,7097888.68
114,2025-01-31,247,1571.82,1858.38,5973793.71,7099747.06
114,2025-02-01,248,1571.82,1858.38,5975365.53,7101605.44
114,2025-02-02,249,1571.82,1858.38,5976937.35,7103463.82
114,2025-02-03,250,1571.82,1858.38,5978509.17,7105322.2
114,2025-02-04,251,1571.82,1858.38,5980080.99,7107180.58
114,2025-02-05,252,1571.82,1858.38,5981652.81,7109038.96
114,2025-02-06,253,1571.82,1858.38,5983224.63,7110897.34
114,2025-02-07,254,1571.82,1858.38,5984796.46,7112755.72
114,2025-02-08,255,1571.82,1858.38,5986368.28,7114614.1
114,2025-02-09,256,1571.82,1858.38,5987940.1,7116472.48
114,2025-02-10,257,1571.82,1858.38,5989511.92,7118330.86
114,2025-02-11,258,1571.82,1858.38,5991083.74,7120189.24
114,2025-02-12,259,1571.82,1858.38,5992655.56,7122047.62
114,2025-02-13,260,1571.82,1858.38,5994227.38,7123906
114,2025-02-14,261,1571.82,1858.38,5995799.2,7125764.38
114,2025-02-15,262,1571.82,1858.38,5997371.02,7127622.76
114,2025-02-16,263,1571.82,1858.38,5998942.85,7129481.14
114,2025-02-17,264,1571.82,1858.38,6000514.67,7131339.52
114,2025-02-18,265,1571.82,1858.38,6002086.49,7133197.9
114,2025-02-19,266,1571.82,1858.38,6003658.31,7135056.28
114,2025-02-20,267,1571.82,1858.38,6005230.13,7136914.66
114,2025-02-21,268,1571.82,1858.38,6006801.95,7138773.05
114,2025-02-22,269,1571.82,1858.38,6008373.77,7140631.43
114,2025-02-23,270,1571.82,1858.38,6009945.59,7142489.81
114,2025-02-24,271,1571.82,1858.38,6011517.42,7144348.19
114,2025-02-25,272,1571.82,1858.38,6013089.24,7146206.57
114,2025-02-26,273,1571.82,1858.38,6014661.06,7148064.95
114,2025-02-27,274,1571.82,1858.38,6016232.88,7149923.33
114,2025-02-28,275,1571.82,1858.38,6017804.7,7151781.71
114,2025-03-01,276,1571.82,1858.38,6019376.52,7153640.09
114,2025-03-02,277,1571.82,1858.38,6020948.34,7155498.47
114,2025-03-03,278,1571.82,1858.38,6022520.16,7157356.85
114,2025-03-04,279,1571.82,1858.38,6024091.99,7159215.23
114,2025-03-05,280,1571.82,1858.38,6025663.81,7161073.61
114,2025-03-06,281,1571.82,1858.38,6027235.63,7162931.99
114,2025-03-07,282,1571.82,1858.38,6028807.45,7164790.37
114,2025-03-08,283,1571.82,1858.38,6030379.27,7166648.75
114,2025-03-09,284,1571.82,1858.38,6031951.09,7168507.13
114,2025-03-10,285,1571.82,1858.38,6033522.91,7170365.51
114,2025-03-11,286,1571.82,1858.38,6035094.73,7172223.89
114,2025-03-12,287,1571.82,1858.38,6036666.56,7174082.27
114,2025-03-13,288,1571.82,1858.38,6038238.38,7175940.65
114,2025-03-14,289,1571.82,1858.38,6039810.2,7177799.03
114,2025-03-15,290,1571.82,1858.38,6041382.02,7179657.41
114,2025-03-16,291,1571.82,1858.38,6042953.84,7181515.79
114,2025-03-17,292,1571.82,1858.38,6044525.66,7183374.17
114,2025-03-18,293,1571.82,1858.38,6046097.48,7185232.55
114,2025-03-19,294,1571.82,1858.38,6047669.3,7187090.93
114,2025-03-20,295,1571.82,1858.38,6049241.12,7188949.32
114,2025-03-21,296,1571.82,1858.38,6050812.95,7190807.7
114,2025-03-22,297,1571.82,1858.38,6052384.77,7192666.08
114,2025-03-23,298,1571.82,1858.38,6053956.59,7194524.46
114,2025-03-24,299,1571.82,1858.38,6055528.41,7196382.84
114,2025-03-25,300,1571.82,1858.38,6057100.23,7198241.22
114,2025-03-26,301,1571.82,1858.38,6058672.05,7200099.6
114,2025-03-27,302,1571.82,1858.38,6060243.87,7201957.98
114,2025-03-28,303,181.57,217.88,6060425.44,7202175.86
114,2025-03-29,304,181.57,217.88,6060607.01,7202393.74
114,2025-03-30,305,181.57,217.88,6060788.57,7202611.62
114,2025-03-31,306,181.57,217.88,6060970.14,7202829.5
114,2025-04-01,307,181.57,217.88,6061151.71,7203047.38
114,2025-04-02,308,181.57,217.88,6061333.27,7203265.26
114,2025-04-03,309,181.57,217.88,6061514.84,7203483.14
114,2025-04-04,310,181.57,217.88,6061696.41,7203701.02
114,2025-04-05,311,181.57,217.88,6061877.97,7203918.9
114,2025-04-06,312,181.57,217.88,6062059.54,7204136.78
115,2024-06-05,1,249.53,306.92,6062309.07,7204443.7
115,2024-06-06,2,249.53,306.92,6062558.6,7204750.62
115,2024-06-07,3,249.53,306.92,6062808.13,7205057.55
115,2024-06-08,4,249.53,306.92,6063057.66,7205364.47
115,2024-06-09,5,249.53,306.92,6063307.19,7205671.39
115,2024-06-10,6,2515.43,3161.96,6065822.62,7208833.35
115,2024-06-11,7,2515.43,3161.96,6068338.05,7211995.3
115,2024-06-12,8,2515.43,3161.96,6070853.49,7215157.26
115,2024-06-13,9,2515.43,3161.96,6073368.92,7218319.22
115,2024-06-14,10,2515.43,3161.96,6075884.35,7221481.17
115,2024-06-15,11,2515.43,3161.96,6078399.78,7224643.13
115,2024-06-16,12,2515.43,3161.96,6080915.21,7227805.09
115,2024-06-17,13,2515.43,3161.96,6083430.64,7230967.04
115,2024-06-18,14,2515.43,3161.96,6085946.07,7234129
115,2024-06-19,15,2515.43,3161.96,6088461.5,7237290.96
115,2024-06-20,16,2515.43,3161.96,6090976.93,7240452.91
115,2024-06-21,17,2515.43,3161.96,6093492.36,7243614.87
115,2024-06-22,18,2515.43,3161.96,6096007.79,7246776.83
115,2024-06-23,19,2515.43,3161.96,6098523.22,7249938.78
115,2024-06-24,20,2515.43,3161.96,6101038.65,7253100.74
115,2024-06-25,21,2515.43,3161.96,6103554.08,7256262.7
115,2024-06-26,22,2515.43,3161.96,6106069.51,7259424.66
115,2024-06-27,23,2515.43,3161.96,6108584.95,7262586.61
115,2024-06-28,24,2515.43,3161.96,6111100.38,7265748.57
115,2024-06-29,25,2515.43,3161.96,6113615.81,7268910.53
115,2024-06-30,26,2515.43,3161.96,6116131.24,7272072.48
115,2024-07-01,27,2515.43,3161.96,6118646.67,7275234.44
115,2024-07-02,28,2515.43,3161.96,6121162.1,7278396.4
115,2024-07-03,29,2515.43,3161.96,6123677.53,7281558.35
115,2024-07-04,30,2515.43,3161.96,6126192.96,7284720.31
115,2024-07-05,31,2515.43,3161.96,6128708.39,7287882.27
115,2024-07-06,32,2515.43,3161.96,6131223.82,7291044.22
115,2024-07-07,33,2515.43,3161.96,6133739.25,7294206.18
115,2024-07-08,34,2515.43,3161.96,6136254.68,7297368.14
115,2024-07-09,35,4134.11,5217.68,6140388.79,7302585.81
115,2024-07-10,36,1868.21,2362.64,6142257,7304948.46
115,2024-07-11,37,1868.21,2362.64,6144125.21,7307311.1
115,2024-07-12,38,1868.21,2362.64,6145993.42,7309673.75
115,2024-07-13,39,1868.21,2362.64,6147861.63,7312036.39
115,2024-07-14,40,1868.21,2362.64,6149729.84,7314399.04
115,2024-07-15,41,1868.21,2362.64,6151598.05,7316761.68
115,2024-07-16,42,1868.21,2362.64,6153466.26,7319124.33
115,2024-07-17,43,1868.21,2362.64,6155334.47,7321486.97
115,2024-07-18,44,1868.21,2362.64,6157202.68,7323849.62
115,2024-07-19,45,1868.21,2362.64,6159070.89,7326212.26
115,2024-07-20,46,1868.21,2362.64,6160939.1,7328574.91
115,2024-07-21,47,1868.21,2362.64,6162807.31,7330937.55
115,2024-07-22,48,1868.21,2362.64,6164675.52,7333300.2
115,2024-07-23,49,1868.21,2362.64,6166543.73,7335662.84
115,2024-07-24,50,1868.21,2362.64,6168411.94,7338025.49
115,2024-07-25,51,1868.21,2362.64,6170280.14,7340388.13
115,2024-07-26,52,1868.21,2362.64,6172148.35,7342750.78
115,2024-07-27,53,1868.21,2362.64,6174016.56,7345113.42
115,2024-07-28,54,1868.21,2362.64,6175884.77,7347476.07
115,2024-07-29,55,1868.21,2362.64,6177752.98,7349838.71
115,2024-07-30,56,1868.21,2362.64,6179621.19,7352201.36
115,2024-07-31,57,1868.21,2362.64,6181489.4,7354564
115,2024-08-01,58,1868.21,2362.64,6183357.61,7356926.65
115,2024-08-02,59,1868.21,2362.64,6185225.82,7359289.29
115,2024-08-03,60,1868.21,2362.64,6187094.03,7361651.94
115,2024-08-04,61,1868.21,2362.64,6188962.24,7364014.58
115,2024-08-05,62,1868.21,2362.64,6190830.45,7366377.23
115,2024-08-06,63,1868.21,2362.64,6192698.66,7368739.87
115,2024-08-07,64,1868.21,2362.64,6194566.87,7371102.52
115,2024-08-08,65,1868.21,2362.64,6196435.08,7373465.16
115,2024-08-09,66,1868.21,2362.64,6198303.29,7375827.81
115,2024-08-10,67,1868.21,2362.64,6200171.5,7378190.45
115,2024-08-11,68,1868.21,2362.64,6202039.71,7380553.1
115,2024-08-12,69,1868.21,2362.64,6203907.92,7382915.74
115,2024-08-13,70,1868.21,2362.64,6205776.13,7385278.39
115,2024-08-14,71,1868.21,2362.64,6207644.34,7387641.03
115,2024-08-15,72,1868.21,2362.64,6209512.55,7390003.68
115,2024-08-16,73,1868.21,2362.64,6211380.75,7392366.32
115,2024-08-17,74,1868.21,2362.64,6213248.96,7394728.97
115,2024-08-18,75,1868.21,2362.64,6215117.17,7397091.61
115,2024-08-19,76,1868.21,2362.64,6216985.38,7399454.26
115,2024-08-20,77,1868.21,2362.64,6218853.59,7401816.9
115,2024-08-21,78,1868.21,2362.64,6220721.8,7404179.55
115,2024-08-22,79,1868.21,2362.64,6222590.01,7406542.19
115,2024-08-23,80,1868.21,2362.64,6224458.22,7408904.84
115,2024-08-24,81,1868.21,2362.64,6226326.43,7411267.48
115,2024-08-25,82,1868.21,2362.64,6228194.64,7413630.12
115,2024-08-26,83,1868.21,2362.64,6230062.85,7415992.77
115,2024-08-27,84,1868.21,2362.64,6231931.06,7418355.41
115,2024-08-28,85,1868.21,2362.64,6233799.27,7420718.06
115,2024-08-29,86,1868.21,2362.64,6235667.48,7423080.7
115,2024-08-30,87,1868.21,2362.64,6237535.69,7425443.35
115,2024-08-31,88,1868.21,2362.64,6239403.9,7427805.99
115,2024-09-01,89,1868.21,2362.64,6241272.11,7430168.64
115,2024-09-02,90,1868.21,2362.64,6243140.32,7432531.28
115,2024-09-03,91,1868.21,2362.64,6245008.53,7434893.93
115,2024-09-04,92,1868.21,2362.64,6246876.74,7437256.57
115,2024-09-05,93,1868.21,2362.64,6248744.95,7439619.22
115,2024-09-06,94,1868.21,2362.64,6250613.16,7441981.86
115,2024-09-07,95,1868.21,2362.64,6252481.36,7444344.51
115,2024-09-08,96,1868.21,2362.64,6254349.57,7446707.15
115,2024-09-09,97,1868.21,2362.64,6256217.78,7449069.8
115,2024-09-10,98,1868.21,2362.64,6258085.99,7451432.44
115,2024-09-11,99,1868.21,2362.64,6259954.2,7453795.09
115,2024-09-12,100,1868.21,2362.64,6261822.41,7456157.73
115,2024-09-13,101,1868.21,2362.64,6263690.62,7458520.38
115,2024-09-14,102,1868.21,2362.64,6265558.83,7460883.02
115,2024-09-15,103,1868.21,2362.64,6267427.04,7463245.67
115,2024-09-16,104,1868.21,2362.64,6269295.25,7465608.31
115,2024-09-17,105,1868.21,2362.64,6271163.46,7467970.96
115,2024-09-18,106,1868.21,2362.64,6273031.67,7470333.6
115,2024-09-19,107,1868.21,2362.64,6274899.88,7472696.25
115,2024-09-20,108,1868.21,2362.64,6276768.09,7475058.89
115,2024-09-21,109,1868.21,2362.64,6278636.3,7477421.54
115,2024-09-22,110,1868.21,2362.64,6280504.51,7479784.18
115,2024-09-23,111,1868.21,2362.64,6282372.72,7482146.83
115,2024-09-24,112,1868.21,2362.64,6284240.93,7484509.47
115,2024-09-25,113,1868.21,2362.64,6286109.14,7486872.12
115,2024-09-26,114,1868.21,2362.64,6287977.35,7489234.76
115,2024-09-27,115,1868.21,2362.64,6289845.56,7491597.41
115,2024-09-28,116,1868.21,2362.64,6291713.77,7493960.05
115,2024-09-29,117,1868.21,2362.64,6293581.98,7496322.7
115,2024-09-30,118,1868.21,2362.64,6295450.18,7498685.34
115,2024-10-01,119,1868.21,2362.64,6297318.39,7501047.99
115,2024-10-02,120,1868.21,2362.64,6299186.6,7503410.63
115,2024-10-03,121,1868.21,2362.64,6301054.81,7505773.28
115,2024-10-04,122,1868.21,2362.64,6302923.02,7508135.92
115,2024-10-05,123,4763.26,5836.7,6307686.28,7513972.62
115,2024-10-06,124,4763.26,5836.7,6312449.54,7519809.33
115,2024-10-07,125,4763.26,5836.7,6317212.8,7525646.03
115,2024-10-08,126,4763.26,5836.7,6321976.06,7531482.73
115,2024-10-09,127,4763.26,5836.7,6326739.31,7537319.44
115,2024-10-10,128,4763.26,5836.7,6331502.57,7543156.14
115,2024-10-11,129,4763.26,5836.7,6336265.83,7548992.85
115,2024-10-12,130,4763.26,5836.7,6341029.09,7554829.55
115,2024-10-13,131,4763.26,5836.7,6345792.35,7560666.25
115,2024-10-14,132,4763.26,5836.7,6350555.61,7566502.96
115,2024-10-15,133,6756.63,8029.41,6357312.23,7574532.37
115,2024-10-16,134,6756.63,8029.41,6364068.86,7582561.77
115,2024-10-17,135,6756.63,8029.41,6370825.49,7590591.18
115,2024-10-18,136,6756.63,8029.41,6377582.12,7598620.59
115,2024-10-19,137,6756.63,8029.41,6384338.74,7606650
115,2024-10-20,138,6756.63,8029.41,6391095.37,7614679.41
115,2024-10-21,139,6756.63,8029.41,6397852,7622708.82
115,2024-10-22,140,6756.63,8029.41,6404608.63,7630738.23
115,2024-10-23,141,6756.63,8029.41,6411365.25,7638767.64
115,2024-10-24,142,6756.63,8029.41,6418121.88,7646797.05
115,2024-10-25,143,6756.63,8029.41,6424878.51,7654826.46
115,2024-10-26,144,5137.95,5973.69,6430016.46,7660800.15
115,2024-10-27,145,5137.95,5973.69,6435154.41,7666773.83
115,2024-10-28,146,5137.95,5973.69,6440292.35,7672747.52
115,2024-10-29,147,5137.95,5973.69,6445430.3,7678721.21
115,2024-10-30,148,5137.95,5973.69,6450568.25,7684694.9
115,2024-10-31,149,5137.95,5973.69,6455706.2,7690668.58
115,2024-11-01,150,5137.95,5973.69,6460844.15,7696642.27
115,2024-11-02,151,5137.95,5973.69,6465982.1,7702615.96
115,2024-11-03,152,5137.95,5973.69,6471120.05,7708589.65
115,2024-11-04,153,5137.95,5973.69,6476257.99,7714563.33
115,2024-11-05,154,5137.95,5973.69,6481395.94,7720537.02
115,2024-11-06,155,5137.95,5973.69,6486533.89,7726510.71
115,2024-11-07,156,5137.95,5973.69,6491671.84,7732484.39
115,2024-11-08,157,5137.95,5973.69,6496809.79,7738458.08
115,2024-11-09,158,5137.95,5973.69,6501947.74,7744431.77
115,2024-11-10,159,5137.95,5973.69,6507085.69,7750405.46
115,2024-11-11,160,5137.95,5973.69,6512223.63,7756379.14
115,2024-11-12,161,5137.95,5973.69,6517361.58,7762352.83
115,2024-11-13,162,5137.95,5973.69,6522499.53,7768326.52
115,2024-11-14,163,5137.95,5973.69,6527637.48,7774300.21
115,2024-11-15,164,2242.9,2499.63,6529880.38,7776799.83
115,2024-11-16,165,2242.9,2499.63,6532123.28,7779299.46
115,2024-11-17,166,2242.9,2499.63,6534366.18,7781799.09
115,2024-11-18,167,2242.9,2499.63,6536609.08,7784298.72
115,2024-11-19,168,2242.9,2499.63,6538851.98,7786798.35
115,2024-11-20,169,2242.9,2499.63,6541094.88,7789297.98
115,2024-11-21,170,2242.9,2499.63,6543337.78,7791797.61
115,2024-11-22,171,2242.9,2499.63,6545580.68,7794297.24
115,2024-11-23,172,2242.9,2499.63,6547823.58,7796796.86
115,2024-11-24,173,2242.9,2499.63,6550066.48,7799296.49
115,2024-11-25,174,2242.9,2499.63,6552309.38,7801796.12
115,2024-11-26,175,2242.9,2499.63,6554552.28,7804295.75
115,2024-11-27,176,2242.9,2499.63,6556795.18,7806795.38
115,2024-11-28,177,2242.9,2499.63,6559038.08,7809295.01
115,2024-11-29,178,2242.9,2499.63,6561280.98,7811794.64
115,2024-11-30,179,2242.9,2499.63,6563523.88,7814294.27
115,2024-12-01,180,2242.9,2499.63,6565766.78,7816793.89
115,2024-12-02,181,2242.9,2499.63,6568009.68,7819293.52
115,2024-12-03,182,2242.9,2499.63,6570252.58,7821793.15
115,2024-12-04,183,2242.9,2499.63,6572495.47,7824292.78
115,2024-12-05,184,2242.9,2499.63,6574738.37,7826792.41
115,2024-12-06,185,2242.9,2499.63,6576981.27,7829292.04
115,2024-12-07,186,2242.9,2499.63,6579224.17,7831791.67
115,2024-12-08,187,2242.9,2499.63,6581467.07,7834291.3
115,2024-12-09,188,2242.9,2499.63,6583709.97,7836790.92
115,2024-12-10,189,2242.9,2499.63,6585952.87,7839290.55
115,2024-12-11,190,2242.9,2499.63,6588195.77,7841790.18
115,2024-12-12,191,2242.9,2499.63,6590438.67,7844289.81
115,2024-12-13,192,2242.9,2499.63,6592681.57,7846789.44
115,2024-12-14,193,2242.9,2499.63,6594924.47,7849289.07
115,2024-12-15,194,2242.9,2499.63,6597167.37,7851788.7
115,2024-12-16,195,2242.9,2499.63,6599410.27,7854288.33
115,2024-12-17,196,2242.9,2499.63,6601653.17,7856787.95
115,2024-12-18,197,2242.9,2499.63,6603896.07,7859287.58
115,2024-12-19,198,2242.9,2499.63,6606138.97,7861787.21
115,2024-12-20,199,2242.9,2499.63,6608381.87,7864286.84
115,2024-12-21,200,2242.9,2499.63,6610624.77,7866786.47
115,2024-12-22,201,2242.9,2499.63,6612867.67,7869286.1
115,2024-12-23,202,2242.9,2499.63,6615110.57,7871785.73
115,2024-12-24,203,2242.9,2499.63,6617353.47,7874285.36
115,2024-12-25,204,2242.9,2499.63,6619596.37,7876784.98
115,2024-12-26,205,2242.9,2499.63,6621839.27,7879284.61
115,2024-12-27,206,2242.9,2499.63,6624082.17,7881784.24
115,2024-12-28,207,2242.9,2499.63,6626325.07,7884283.87
115,2024-12-29,208,2242.9,2499.63,6628567.97,7886783.5
115,2024-12-30,209,2242.9,2499.63,6630810.87,7889283.13
115,2024-12-31,210,2242.9,2499.63,6633053.77,7891782.76
115,2025-01-01,211,2242.9,2499.63,6635296.67,7894282.39
115,2025-01-02,212,2242.9,2499.63,6637539.57,7896782.01
115,2025-01-03,213,2242.9,2499.63,6639782.47,7899281.64
115,2025-01-04,214,2242.9,2499.63,6642025.37,7901781.27
115,2025-01-05,215,2242.9,2499.63,6644268.27,7904280.9
115,2025-01-06,216,2242.9,2499.63,6646511.17,7906780.53
115,2025-01-07,217,2242.9,2499.63,6648754.07,7909280.16
115,2025-01-08,218,2242.9,2499.63,6650996.97,7911779.79
115,2025-01-09,219,2242.9,2499.63,6653239.87,7914279.42
115,2025-01-10,220,2242.9,2499.63,6655482.77,7916779.04
115,2025-01-11,221,2242.9,2499.63,6657725.67,7919278.67
115,2025-01-12,222,2242.9,2499.63,6659968.57,7921778.3
115,2025-01-13,223,2242.9,2499.63,6662211.47,7924277.93
115,2025-01-14,224,2242.9,2499.63,6664454.37,7926777.56
115,2025-01-15,225,2242.9,2499.63,6666697.27,7929277.19
115,2025-01-16,226,2242.9,2499.63,6668940.17,7931776.82
115,2025-01-17,227,2242.9,2499.63,6671183.07,7934276.45
115,2025-01-18,228,2242.9,2499.63,6673425.97,7936776.07
115,2025-01-19,229,2242.9,2499.63,6675668.86,7939275.7
115,2025-01-20,230,2242.9,2499.63,6677911.76,7941775.33
115,2025-01-21,231,2242.9,2499.63,6680154.66,7944274.96
115,2025-01-22,232,2242.9,2499.63,6682397.56,7946774.59
115,2025-01-23,233,2242.9,2499.63,6684640.46,7949274.22
115,2025-01-24,234,2242.9,2499.63,6686883.36,7951773.85
115,2025-01-25,235,2242.9,2499.63,6689126.26,7954273.47
115,2025-01-26,236,2242.9,2499.63,6691369.16,7956773.1
115,2025-01-27,237,2242.9,2499.63,6693612.06,7959272.73
115,2025-01-28,238,2242.9,2499.63,6695854.96,7961772.36
115,2025-01-29,239,2242.9,2499.63,6698097.86,7964271.99
115,2025-01-30,240,2242.9,2499.63,6700340.76,7966771.62
115,2025-01-31,241,2242.9,2499.63,6702583.66,7969271.25
115,2025-02-01,242,2242.9,2499.63,6704826.56,7971770.88
115,2025-02-02,243,2242.9,2499.63,6707069.46,7974270.5
115,2025-02-03,244,2242.9,2499.63,6709312.36,7976770.13
115,2025-02-04,245,2242.9,2499.63,6711555.26,7979269.76
115,2025-02-05,246,2242.9,2499.63,6713798.16,7981769.39
115,2025-02-06,247,2242.9,2499.63,6716041.06,7984269.02
115,2025-02-07,248,2242.9,2499.63,6718283.96,7986768.65
115,2025-02-08,249,2242.9,2499.63,6720526.86,7989268.28
115,2025-02-09,250,2242.9,2499.63,6722769.76,7991767.91
115,2025-02-10,251,2242.9,2499.63,6725012.66,7994267.53
115,2025-02-11,252,2242.9,2499.63,6727255.56,7996767.16
115,2025-02-12,253,2242.9,2499.63,6729498.46,7999266.79
115,2025-02-13,254,2242.9,2499.63,6731741.36,8001766.42
115,2025-02-14,255,2242.9,2499.63,6733984.26,8004266.05
115,2025-02-15,256,2242.9,2499.63,6736227.16,8006765.68
115,2025-02-16,257,2242.9,2499.63,6738470.06,8009265.31
115,2025-02-17,258,2242.9,2499.63,6740712.96,8011764.94
115,2025-02-18,259,2242.9,2499.63,6742955.86,8014264.56
115,2025-02-19,260,2242.9,2499.63,6745198.76,8016764.19
115,2025-02-20,261,2242.9,2499.63,6747441.66,8019263.82
115,2025-02-21,262,2242.9,2499.63,6749684.56,8021763.45
115,2025-02-22,263,2242.9,2499.63,6751927.46,8024263.08
115,2025-02-23,264,2242.9,2499.63,6754170.36,8026762.71
115,2025-02-24,265,2242.9,2499.63,6756413.26,8029262.34
115,2025-02-25,266,2242.9,2499.63,6758656.16,8031761.97
115,2025-02-26,267,2242.9,2499.63,6760899.06,8034261.59
115,2025-02-27,268,2242.9,2499.63,6763141.96,8036761.22
115,2025-02-28,269,2242.9,2499.63,6765384.86,8039260.85
115,2025-03-01,270,2242.9,2499.63,6767627.76,8041760.48
115,2025-03-02,271,2242.9,2499.63,6769870.66,8044260.11
115,2025-03-03,272,2242.9,2499.63,6772113.56,8046759.74
115,2025-03-04,273,2242.9,2499.63,6774356.46,8049259.37
115,2025-03-05,274,2242.9,2499.63,6776599.36,8051759
115,2025-03-06,275,2242.9,2499.63,6778842.25,8054258.62
115,2025-03-07,276,2242.9,2499.63,6781085.15,8056758.25
115,2025-03-08,277,2242.9,2499.63,6783328.05,8059257.88
115,2025-03-09,278,2242.9,2499.63,6785570.95,8061757.51
115,2025-03-10,279,2242.9,2499.63,6787813.85,8064257.14
115,2025-03-11,280,2242.9,2499.63,6790056.75,8066756.77
115,2025-03-12,281,2242.9,2499.63,6792299.65,8069256.4
115,2025-03-13,282,249.53,306.92,6792549.18,8069563.32
115,2025-03-14,283,249.53,306.92,6792798.71,8069870.24
115,2025-03-15,284,249.53,306.92,6793048.25,8070177.17
115,2025-03-16,285,249.53,306.92,6793297.78,8070484.09
115,2025-03-17,286,249.53,306.92,6793547.31,8070791.01
115,2025-03-18,287,249.53,306.92,6793796.84,8071097.93
115,2025-03-19,288,249.53,306.92,6794046.37,8071404.86
115,2025-03-20,289,249.53,306.92,6794295.9,8071711.78
115,2025-03-21,290,249.53,306.92,6794545.43,8072018.7
115,2025-03-22,291,249.53,306.92,6794794.96,8072325.62
116,2024-06-10,1,285.98,320.3,6795080.94,8072645.93
116,2024-06-11,2,285.98,320.3,6795366.93,8072966.23
116,2024-06-12,3,285.98,320.3,6795652.91,8073286.53
116,2024-06-13,4,285.98,320.3,6795938.9,8073606.84
116,2024-06-14,5,285.98,320.3,6796224.88,8073927.14
116,2024-06-15,6,2950.21,3677.22,6799175.09,8077604.36
116,2024-06-16,7,2950.21,3677.22,6802125.3,8081281.58
116,2024-06-17,8,2950.21,3677.22,6805075.5,8084958.81
116,2024-06-18,9,2950.21,3677.22,6808025.71,8088636.03
116,2024-06-19,10,2950.21,3677.22,6810975.92,8092313.25
116,2024-06-20,11,2950.21,3677.22,6813926.12,8095990.47
116,2024-06-21,12,2950.21,3677.22,6816876.33,8099667.7
116,2024-06-22,13,2950.21,3677.22,6819826.54,8103344.92
116,2024-06-23,14,2950.21,3677.22,6822776.74,8107022.14
116,2024-06-24,15,2950.21,3677.22,6825726.95,8110699.37
116,2024-06-25,16,2950.21,3677.22,6828677.16,8114376.59
116,2024-06-26,17,2950.21,3677.22,6831627.36,8118053.81
116,2024-06-27,18,2950.21,3677.22,6834577.57,8121731.03
116,2024-06-28,19,2950.21,3677.22,6837527.78,8125408.26
116,2024-06-29,20,2950.21,3677.22,6840477.98,8129085.48
116,2024-06-30,21,2950.21,3677.22,6843428.19,8132762.7
116,2024-07-01,22,2950.21,3677.22,6846378.4,8136439.92
116,2024-07-02,23,2950.21,3677.22,6849328.61,8140117.15
116,2024-07-03,24,2950.21,3677.22,6852278.81,8143794.37
116,2024-07-04,25,2950.21,3677.22,6855229.02,8147471.59
116,2024-07-05,26,2950.21,3677.22,6858179.23,8151148.81
116,2024-07-06,27,2950.21,3677.22,6861129.43,8154826.04
116,2024-07-07,28,2950.21,3677.22,6864079.64,8158503.26
116,2024-07-08,29,2950.21,3677.22,6867029.85,8162180.48
116,2024-07-09,30,2950.21,3677.22,6869980.05,8165857.71
116,2024-07-10,31,2950.21,3677.22,6872930.26,8169534.93
116,2024-07-11,32,5393.16,6413.33,6878323.42,8175948.25
116,2024-07-12,33,2728.93,3056.41,6881052.35,8179004.66
116,2024-07-13,34,2728.93,3056.41,6883781.28,8182061.07
116,2024-07-14,35,2728.93,3056.41,6886510.22,8185117.47
116,2024-07-15,36,2728.93,3056.41,6889239.15,8188173.88
116,2024-07-16,37,2728.93,3056.41,6891968.09,8191230.29
116,2024-07-17,38,2728.93,3056.41,6894697.02,8194286.69
116,2024-07-18,39,2728.93,3056.41,6897425.96,8197343.1
116,2024-07-19,40,2728.93,3056.41,6900154.89,8200399.51
116,2024-07-20,41,2728.93,3056.41,6902883.82,8203455.91
116,2024-07-21,42,2728.93,3056.41,6905612.76,8206512.32
116,2024-07-22,43,2728.93,3056.41,6908341.69,8209568.72
116,2024-07-23,44,2728.93,3056.41,6911070.63,8212625.13
116,2024-07-24,45,2728.93,3056.41,6913799.56,8215681.54
116,2024-07-25,46,2728.93,3056.41,6916528.49,8218737.94
116,2024-07-26,47,2728.93,3056.41,6919257.43,8221794.35
116,2024-07-27,48,2728.93,3056.41,6921986.36,8224850.76
116,2024-07-28,49,2728.93,3056.41,6924715.3,8227907.16
116,2024-07-29,50,2728.93,3056.41,6927444.23,8230963.57
116,2024-07-30,51,2728.93,3056.41,6930173.17,8234019.97
116,2024-07-31,52,2728.93,3056.41,6932902.1,8237076.38
116,2024-08-01,53,2728.93,3056.41,6935631.03,8240132.79
116,2024-08-02,54,2728.93,3056.41,6938359.97,8243189.19
116,2024-08-03,55,2728.93,3056.41,6941088.9,8246245.6
116,2024-08-04,56,2728.93,3056.41,6943817.84,8249302.01
116,2024-08-05,57,2728.93,3056.41,6946546.77,8252358.41
116,2024-08-06,58,2728.93,3056.41,6949275.71,8255414.82
116,2024-08-07,59,2728.93,3056.41,6952004.64,8258471.23
116,2024-08-08,60,2728.93,3056.41,6954733.57,8261527.63
116,2024-08-09,61,2728.93,3056.41,6957462.51,8264584.04
116,2024-08-10,62,2728.93,3056.41,6960191.44,8267640.44
116,2024-08-11,63,2728.93,3056.41,6962920.38,8270696.85
116,2024-08-12,64,2728.93,3056.41,6965649.31,8273753.26
116,2024-08-13,65,2728.93,3056.41,6968378.24,8276809.66
116,2024-08-14,66,2728.93,3056.41,6971107.18,8279866.07
116,2024-08-15,67,2728.93,3056.41,6973836.11,8282922.48
116,2024-08-16,68,2728.93,3056.41,6976565.05,8285978.88
116,2024-08-17,69,2728.93,3056.41,6979293.98,8289035.29
116,2024-08-18,70,2728.93,3056.41,6982022.92,8292091.69
116,2024-08-19,71,2728.93,3056.41,6984751.85,8295148.1
116,2024-08-20,72,2728.93,3056.41,6987480.78,8298204.51
116,2024-08-21,73,2728.93,3056.41,6990209.72,8301260.91
116,2024-08-22,74,2728.93,3056.41,6992938.65,8304317.32
116,2024-08-23,75,2728.93,3056.41,6995667.59,8307373.73
116,2024-08-24,76,2728.93,3056.41,6998396.52,8310430.13
116,2024-08-25,77,2728.93,3056.41,7001125.46,8313486.54
116,2024-08-26,78,2728.93,3056.41,7003854.39,8316542.95
116,2024-08-27,79,2728.93,3056.41,7006583.32,8319599.35
116,2024-08-28,80,2728.93,3056.41,7009312.26,8322655.76
116,2024-08-29,81,2728.93,3056.41,7012041.19,8325712.16
116,2024-08-30,82,2728.93,3056.41,7014770.13,8328768.57
116,2024-08-31,83,2728.93,3056.41,7017499.06,8331824.98
116,2024-09-01,84,2728.93,3056.41,7020227.99,8334881.38
116,2024-09-02,85,2728.93,3056.41,7022956.93,8337937.79
116,2024-09-03,86,2728.93,3056.41,7025685.86,8340994.2
116,2024-09-04,87,2728.93,3056.41,7028414.8,8344050.6
116,2024-09-05,88,2728.93,3056.41,7031143.73,8347107.01
116,2024-09-06,89,2728.93,3056.41,7033872.67,8350163.41
116,2024-09-07,90,2728.93,3056.41,7036601.6,8353219.82
116,2024-09-08,91,2728.93,3056.41,7039330.53,8356276.23
116,2024-09-09,92,2728.93,3056.41,7042059.47,8359332.63
116,2024-09-10,93,2728.93,3056.41,7044788.4,8362389.04
116,2024-09-11,94,2728.93,3056.41,7047517.34,8365445.45
116,2024-09-12,95,2728.93,3056.41,7050246.27,8368501.85
116,2024-09-13,96,2728.93,3056.41,7052975.21,8371558.26
116,2024-09-14,97,2728.93,3056.41,7055704.14,8374614.67
116,2024-09-15,98,2728.93,3056.41,7058433.07,8377671.07
116,2024-09-16,99,2728.93,3056.41,7061162.01,8380727.48
116,2024-09-17,100,2728.93,3056.41,7063890.94,8383783.88
116,2024-09-18,101,2728.93,3056.41,7066619.88,8386840.29
116,2024-09-19,102,2728.93,3056.41,7069348.81,8389896.7
116,2024-09-20,103,2728.93,3056.41,7072077.74,8392953.1
116,2024-09-21,104,2728.93,3056.41,7074806.68,8396009.51
116,2024-09-22,105,2728.93,3056.41,7077535.61,8399065.92
116,2024-09-23,106,2728.93,3056.41,7080264.55,8402122.32
116,2024-09-24,107,2728.93,3056.41,7082993.48,8405178.73
116,2024-09-25,108,2728.93,3056.41,7085722.42,8408235.13
116,2024-09-26,109,2728.93,3056.41,7088451.35,8411291.54
116,2024-09-27,110,2728.93,3056.41,7091180.28,8414347.95
116,2024-09-28,111,2728.93,3056.41,7093909.22,8417404.35
116,2024-09-29,112,2728.93,3056.41,7096638.15,8420460.76
116,2024-09-30,113,2728.93,3056.41,7099367.09,8423517.17
116,2024-10-01,114,2728.93,3056.41,7102096.02,8426573.57
116,2024-10-02,115,2728.93,3056.41,7104824.96,8429629.98
116,2024-10-03,116,2728.93,3056.41,7107553.89,8432686.39
116,2024-10-04,117,2728.93,3056.41,7110282.82,8435742.79
116,2024-10-05,118,2728.93,3056.41,7113011.76,8438799.2
116,2024-10-06,119,2728.93,3056.41,7115740.69,8441855.6
116,2024-10-07,120,2728.93,3056.41,7118469.63,8444912.01
116,2024-10-08,121,2728.93,3056.41,7121198.56,8447968.42
116,2024-10-09,122,2728.93,3056.41,7123927.49,8451024.82
116,2024-10-10,123,2728.93,3056.41,7126656.43,8454081.23
116,2024-10-11,124,2728.93,3056.41,7129385.36,8457137.64
116,2024-10-12,125,2728.93,3056.41,7132114.3,8460194.04
116,2024-10-13,126,2728.93,3056.41,7134843.23,8463250.45
116,2024-10-14,127,2728.93,3056.41,7137572.17,8466306.85
116,2024-10-15,128,2728.93,3056.41,7140301.1,8469363.26
116,2024-10-16,129,2728.93,3056.41,7143030.03,8472419.67
116,2024-10-17,130,2728.93,3056.41,7145758.97,8475476.07
116,2024-10-18,131,2728.93,3056.41,7148487.9,8478532.48
116,2024-10-19,132,2728.93,3056.41,7151216.84,8481588.89
116,2024-10-20,133,2728.93,3056.41,7153945.77,8484645.29
116,2024-10-21,134,2728.93,3056.41,7156674.71,8487701.7
116,2024-10-22,135,2728.93,3056.41,7159403.64,8490758.11
116,2024-10-23,136,2728.93,3056.41,7162132.57,8493814.51
116,2024-10-24,137,2728.93,3056.41,7164861.51,8496870.92
116,2024-10-25,138,2728.93,3056.41,7167590.44,8499927.32
116,2024-10-26,139,2728.93,3056.41,7170319.38,8502983.73
116,2024-10-27,140,2728.93,3056.41,7173048.31,8506040.14
116,2024-10-28,141,2728.93,3056.41,7175777.25,8509096.54
116,2024-10-29,142,2728.93,3056.41,7178506.18,8512152.95
116,2024-10-30,143,2728.93,3056.41,7181235.11,8515209.36
116,2024-10-31,144,2728.93,3056.41,7183964.05,8518265.76
116,2024-11-01,145,2728.93,3056.41,7186692.98,8521322.17
116,2024-11-02,146,2728.93,3056.41,7189421.92,8524378.57
116,2024-11-03,147,2728.93,3056.41,7192150.85,8527434.98
116,2024-11-04,148,2728.93,3056.41,7194879.78,8530491.39
116,2024-11-05,149,2728.93,3056.41,7197608.72,8533547.79
116,2024-11-06,150,5532.27,6392.37,7203140.99,8539940.17
116,2024-11-07,151,5532.27,6392.37,7208673.25,8546332.54
116,2024-11-08,152,5532.27,6392.37,7214205.52,8552724.91
116,2024-11-09,153,5532.27,6392.37,7219737.79,8559117.29
116,2024-11-10,154,5532.27,6392.37,7225270.06,8565509.66
116,2024-11-11,155,5532.27,6392.37,7230802.32,8571902.03
116,2024-11-12,156,5532.27,6392.37,7236334.59,8578294.4
116,2024-11-13,157,5532.27,6392.37,7241866.86,8584686.78
116,2024-11-14,158,5532.27,6392.37,7247399.13,8591079.15
116,2024-11-15,159,5532.27,6392.37,7252931.39,8597471.52
116,2024-11-16,160,7716.07,8838.24,7260647.47,8606309.76
116,2024-11-17,161,7716.07,8838.24,7268363.54,8615147.99
116,2024-11-18,162,7716.07,8838.24,7276079.61,8623986.23
116,2024-11-19,163,7716.07,8838.24,7283795.69,8632824.46
116,2024-11-20,164,7716.07,8838.24,7291511.76,8641662.7
116,2024-11-21,165,7716.07,8838.24,7299227.83,8650500.94
116,2024-11-22,166,7716.07,8838.24,7306943.91,8659339.17
116,2024-11-23,167,7716.07,8838.24,7314659.98,8668177.41
116,2024-11-24,168,7716.07,8838.24,7322376.05,8677015.64
116,2024-11-25,169,7716.07,8838.24,7330092.13,8685853.88
116,2024-11-26,170,7716.07,8838.24,7337808.2,8694692.11
116,2024-11-27,171,5273.12,6102.13,7343081.32,8700794.24
116,2024-11-28,172,5273.12,6102.13,7348354.45,8706896.37
116,2024-11-29,173,5273.12,6102.13,7353627.57,8712998.51
116,2024-11-30,174,5273.12,6102.13,7358900.69,8719100.64
116,2024-12-01,175,5273.12,6102.13,7364173.82,8725202.77
116,2024-12-02,176,5273.12,6102.13,7369446.94,8731304.9
116,2024-12-03,177,5273.12,6102.13,7374720.06,8737407.03
116,2024-12-04,178,5273.12,6102.13,7379993.19,8743509.16
116,2024-12-05,179,5273.12,6102.13,7385266.31,8749611.3
116,2024-12-06,180,5273.12,6102.13,7390539.43,8755713.43
116,2024-12-07,181,5273.12,6102.13,7395812.56,8761815.56
116,2024-12-08,182,5273.12,6102.13,7401085.68,8767917.69
116,2024-12-09,183,5273.12,6102.13,7406358.8,8774019.82
116,2024-12-10,184,5273.12,6102.13,7411631.93,8780121.95
116,2024-12-11,185,5273.12,6102.13,7416905.05,8786224.09
116,2024-12-12,186,5273.12,6102.13,7422178.17,8792326.22
116,2024-12-13,187,5273.12,6102.13,7427451.3,8798428.35
116,2024-12-14,188,5273.12,6102.13,7432724.42,8804530.48
116,2024-12-15,189,5273.12,6102.13,7437997.54,8810632.61
116,2024-12-16,190,5273.12,6102.13,7443270.67,8816734.74
116,2024-12-17,191,5273.12,6102.13,7448543.79,8822836.87
116,2024-12-18,192,2469.79,2766.16,7451013.58,8825603.04
116,2024-12-19,193,2469.79,2766.16,7453483.37,8828369.2
116,2024-12-20,194,2469.79,2766.16,7455953.16,8831135.37
116,2024-12-21,195,2469.79,2766.16,7458422.95,8833901.53
116,2024-12-22,196,2469.79,2766.16,7460892.74,8836667.7
116,2024-12-23,197,2469.79,2766.16,7463362.53,8839433.86
116,2024-12-24,198,2469.79,2766.16,7465832.32,8842200.03
116,2024-12-25,199,2469.79,2766.16,7468302.11,8844966.19
116,2024-12-26,200,2469.79,2766.16,7470771.9,8847732.36
116,2024-12-27,201,2469.79,2766.16,7473241.69,8850498.52
116,2024-12-28,202,2469.79,2766.16,7475711.48,8853264.69
116,2024-12-29,203,2469.79,2766.16,7478181.27,8856030.85
116,2024-12-30,204,2469.79,2766.16,7480651.06,8858797.02
116,2024-12-31,205,2469.79,2766.16,7483120.85,8861563.18
116,2025-01-01,206,2469.79,2766.16,7485590.64,8864329.35
116,2025-01-02,207,2469.79,2766.16,7488060.43,8867095.51
116,2025-01-03,208,2469.79,2766.16,7490530.22,8869861.68
116,2025-01-04,209,2469.79,2766.16,7493000.01,8872627.84
116,2025-01-05,210,2469.79,2766.16,7495469.8,8875394.01
116,2025-01-06,211,2469.79,2766.16,7497939.59,8878160.17
116,2025-01-07,212,2469.79,2766.16,7500409.38,8880926.34
116,2025-01-08,213,2469.79,2766.16,7502879.17,8883692.5
116,2025-01-09,214,2469.79,2766.16,7505348.96,8886458.67
116,2025-01-10,215,2469.79,2766.16,7507818.75,8889224.83
116,2025-01-11,216,2469.79,2766.16,7510288.54,8891991
116,2025-01-12,217,2469.79,2766.16,7512758.33,8894757.16
116,2025-01-13,218,2469.79,2766.16,7515228.12,8897523.33
116,2025-01-14,219,2469.79,2766.16,7517697.91,8900289.49
116,2025-01-15,220,2469.79,2766.16,7520167.7,8903055.66
116,2025-01-16,221,2469.79,2766.16,7522637.49,8905821.82
116,2025-01-17,222,2469.79,2766.16,7525107.28,8908587.99
116,2025-01-18,223,2469.79,2766.16,7527577.07,8911354.15
116,2025-01-19,224,2469.79,2766.16,7530046.87,8914120.32
116,2025-01-20,225,2469.79,2766.16,7532516.66,8916886.48
116,2025-01-21,226,2469.79,2766.16,7534986.45,8919652.65
116,2025-01-22,227,2469.79,2766.16,7537456.24,8922418.81
116,2025-01-23,228,2469.79,2766.16,7539926.03,8925184.98
116,2025-01-24,229,2469.79,2766.16,7542395.82,8927951.14
116,2025-01-25,230,2469.79,2766.16,7544865.61,8930717.31
116,2025-01-26,231,2469.79,2766.16,7547335.4,8933483.47
116,2025-01-27,232,2469.79,2766.16,7549805.19,8936249.64
116,2025-01-28,233,2469.79,2766.16,7552274.98,8939015.8
116,2025-01-29,234,2469.79,2766.16,7554744.77,8941781.97
116,2025-01-30,235,2469.79,2766.16,7557214.56,8944548.13
116,2025-01-31,236,2469.79,2766.16,7559684.35,8947314.3
116,2025-02-01,237,2469.79,2766.16,7562154.14,8950080.46
116,2025-02-02,238,2469.79,2766.16,7564623.93,8952846.63
116,2025-02-03,239,2469.79,2766.16,7567093.72,8955612.79
116,2025-02-04,240,2469.79,2766.16,7569563.51,8958378.96
116,2025-02-05,241,2469.79,2766.16,7572033.3,8961145.12
116,2025-02-06,242,2469.79,2766.16,7574503.09,8963911.29
116,2025-02-07,243,2469.79,2766.16,7576972.88,8966677.45
116,2025-02-08,244,2469.79,2766.16,7579442.67,8969443.62
116,2025-02-09,245,2469.79,2766.16,7581912.46,8972209.78
116,2025-02-10,246,2469.79,2766.16,7584382.25,8974975.95
116,2025-02-11,247,2469.79,2766.16,7586852.04,8977742.11
116,2025-02-12,248,2469.79,2766.16,7589321.83,8980508.28
116,2025-02-13,249,2469.79,2766.16,7591791.62,8983274.44
116,2025-02-14,250,2469.79,2766.16,7594261.41,8986040.61
116,2025-02-15,251,2469.79,2766.16,7596731.2,8988806.77
116,2025-02-16,252,2469.79,2766.16,7599200.99,8991572.94
116,2025-02-17,253,2469.79,2766.16,7601670.78,8994339.1
116,2025-02-18,254,2469.79,2766.16,7604140.57,8997105.27
116,2025-02-19,255,2469.79,2766.16,7606610.36,8999871.43
116,2025-02-20,256,2469.79,2766.16,7609080.15,9002637.6
116,2025-02-21,257,2469.79,2766.16,7611549.94,9005403.76
116,2025-02-22,258,2469.79,2766.16,7614019.73,9008169.93
116,2025-02-23,259,2469.79,2766.16,7616489.52,9010936.09
116,2025-02-24,260,2469.79,2766.16,7618959.31,9013702.26
116,2025-02-25,261,2469.79,2766.16,7621429.1,9016468.42
116,2025-02-26,262,2469.79,2766.16,7623898.89,9019234.59
116,2025-02-27,263,2469.79,2766.16,7626368.68,9022000.75
116,2025-02-28,264,2469.79,2766.16,7628838.47,9024766.92
116,2025-03-01,265,2469.79,2766.16,7631308.26,9027533.08
116,2025-03-02,266,2469.79,2766.16,7633778.05,9030299.25
116,2025-03-03,267,2469.79,2766.16,7636247.84,9033065.41
116,2025-03-04,268,2469.79,2766.16,7638717.63,9035831.58
116,2025-03-05,269,2469.79,2766.16,7641187.42,9038597.74
116,2025-03-06,270,2469.79,2766.16,7643657.21,9041363.91
116,2025-03-07,271,2469.79,2766.16,7646127,9044130.07
116,2025-03-08,272,2469.79,2766.16,7648596.79,9046896.24
116,2025-03-09,273,2469.79,2766.16,7651066.58,9049662.4
116,2025-03-10,274,2469.79,2766.16,7653536.37,9052428.57
116,2025-03-11,275,2469.79,2766.16,7656006.16,9055194.73
116,2025-03-12,276,2469.79,2766.16,7658475.95,9057960.89
116,2025-03-13,277,2469.79,2766.16,7660945.74,9060727.06
116,2025-03-14,278,2469.79,2766.16,7663415.53,9063493.22
116,2025-03-15,279,2469.79,2766.16,7665885.32,9066259.39
116,2025-03-16,280,2469.79,2766.16,7668355.11,9069025.55
116,2025-03-17,281,2469.79,2766.16,7670824.9,9071791.72
116,2025-03-18,282,2469.79,2766.16,7673294.69,9074557.88
116,2025-03-19,283,2469.79,2766.16,7675764.48,9077324.05
116,2025-03-20,284,2469.79,2766.16,7678234.27,9080090.21
116,2025-03-21,285,2469.79,2766.16,7680704.06,9082856.38
116,2025-03-22,286,2469.79,2766.16,7683173.85,9085622.54
116,2025-03-23,287,2469.79,2766.16,7685643.64,9088388.71
116,2025-03-24,288,2469.79,2766.16,7688113.43,9091154.87
116,2025-03-25,289,2469.79,2766.16,7690583.22,9093921.04
116,2025-03-26,290,2469.79,2766.16,7693053.01,9096687.2
116,2025-03-27,291,2469.79,2766.16,7695522.8,9099453.37
116,2025-03-28,292,2469.79,2766.16,7697992.59,9102219.53
116,2025-03-29,293,2469.79,2766.16,7700462.38,9104985.7
116,2025-03-30,294,2469.79,2766.16,7702932.17,9107751.86
116,2025-03-31,295,2469.79,2766.16,7705401.96,9110518.03
116,2025-04-01,296,2469.79,2766.16,7707871.75,9113284.19
116,2025-04-02,297,2469.79,2766.16,7710341.54,9116050.36
116,2025-04-03,298,2469.79,2766.16,7712811.33,9118816.52
116,2025-04-04,299,2469.79,2766.16,7715281.12,9121582.69
116,2025-04-05,300,2469.79,2766.16,7717750.91,9124348.85
116,2025-04-06,301,2469.79,2766.16,7720220.7,9127115.02
116,2025-04-07,302,2469.79,2766.16,7722690.5,9129881.18
116,2025-04-08,303,2469.79,2766.16,7725160.29,9132647.35
116,2025-04-09,304,2469.79,2766.16,7727630.08,9135413.51
116,2025-04-10,305,2469.79,2766.16,7730099.87,9138179.68
116,2025-04-11,306,2469.79,2766.16,7732569.66,9140945.84
116,2025-04-12,307,2469.79,2766.16,7735039.45,9143712.01
116,2025-04-13,308,2469.79,2766.16,7737509.24,9146478.17
116,2025-04-14,309,2469.79,2766.16,7739979.03,9149244.34
116,2025-04-15,310,2469.79,2766.16,7742448.82,9152010.5
116,2025-04-16,311,2469.79,2766.16,7744918.61,9154776.67
116,2025-04-17,312,2469.79,2766.16,7747388.4,9157542.83
116,2025-04-18,313,2469.79,2766.16,7749858.19,9160309
116,2025-04-19,314,2469.79,2766.16,7752327.98,9163075.16
116,2025-04-20,315,2469.79,2766.16,7754797.77,9165841.33
116,2025-04-21,316,2469.79,2766.16,7757267.56,9168607.49
116,2025-04-22,317,2469.79,2766.16,7759737.35,9171373.66
116,2025-04-23,318,2469.79,2766.16,7762207.14,9174139.82
116,2025-04-24,319,2469.79,2766.16,7764676.93,9176905.99
116,2025-04-25,320,2469.79,2766.16,7767146.72,9179672.15
116,2025-04-26,321,2469.79,2766.16,7769616.51,9182438.32
116,2025-04-27,322,2469.79,2766.16,7772086.3,9185204.48
116,2025-04-28,323,2469.79,2766.16,7774556.09,9187970.65
116,2025-04-29,324,2469.79,2766.16,7777025.88,9190736.81
116,2025-04-30,325,2469.79,2766.16,7779495.67,9193502.98
116,2025-05-01,326,2469.79,2766.16,7781965.46,9196269.14
116,2025-05-02,327,2469.79,2766.16,7784435.25,9199035.31
116,2025-05-03,328,2469.79,2766.16,7786905.04,9201801.47
116,2025-05-04,329,2469.79,2766.16,7789374.83,9204567.64
116,2025-05-05,330,2469.79,2766.16,7791844.62,9207333.8
116,2025-05-06,331,2469.79,2766.16,7794314.41,9210099.97
116,2025-05-07,332,2469.79,2766.16,7796784.2,9212866.13
116,2025-05-08,333,2469.79,2766.16,7799253.99,9215632.3
116,2025-05-09,334,2469.79,2766.16,7801723.78,9218398.46
116,2025-05-10,335,2469.79,2766.16,7804193.57,9221164.63
116,2025-05-11,336,2469.79,2766.16,7806663.36,9223930.79
116,2025-05-12,337,2469.79,2766.16,7809133.15,9226696.96
116,2025-05-13,338,2469.79,2766.16,7811602.94,9229463.12
116,2025-05-14,339,2469.79,2766.16,7814072.73,9232229.29
116,2025-05-15,340,2469.79,2766.16,7816542.52,9234995.45
116,2025-05-16,341,2469.79,2766.16,7819012.31,9237761.62
116,2025-05-17,342,2469.79,2766.16,7821482.1,9240527.78
116,2025-05-18,343,2469.79,2766.16,7823951.89,9243293.95
116,2025-05-19,344,2469.79,2766.16,7826421.68,9246060.11
116,2025-05-20,345,2469.79,2766.16,7828891.47,9248826.28
116,2025-05-21,346,2469.79,2766.16,7831361.26,9251592.44
116,2025-05-22,347,2469.79,2766.16,7833831.05,9254358.61
116,2025-05-23,348,2469.79,2766.16,7836300.84,9257124.77
116,2025-05-24,349,2469.79,2766.16,7838770.63,9259890.94
116,2025-05-25,350,2469.79,2766.16,7841240.42,9262657.1
116,2025-05-26,351,2469.79,2766.16,7843710.21,9265423.27
116,2025-05-27,352,2469.79,2766.16,7846180,9268189.43
116,2025-05-28,353,2469.79,2766.16,7848649.79,9270955.6
116,2025-05-29,354,2469.79,2766.16,7851119.58,9273721.76
116,2025-05-30,355,2469.79,2766.16,7853589.37,9276487.93
116,2025-05-31,356,2469.79,2766.16,7856059.16,9279254.09
116,2025-06-01,357,2469.79,2766.16,7858528.95,9282020.26
116,2025-06-02,358,2469.79,2766.16,7860998.74,9284786.42
116,2025-06-03,359,2469.79,2766.16,7863468.53,9287552.59
116,2025-06-04,360,2469.79,2766.16,7865938.32,9290318.75
116,2025-06-05,361,2469.79,2766.16,7868408.11,9293084.92
116,2025-06-06,362,2469.79,2766.16,7870877.9,9295851.08
116,2025-06-07,363,2469.79,2766.16,7873347.69,9298617.24
116,2025-06-08,364,2469.79,2766.16,7875817.48,9301383.41
116,2025-06-09,365,2469.79,2766.16,7878287.27,9304149.57
116,2025-06-10,366,2469.79,2766.16,7880757.06,9306915.74
116,2025-06-11,367,2469.79,2766.16,7883226.85,9309681.9
116,2025-06-12,368,2469.79,2766.16,7885696.64,9312448.07
116,2025-06-13,369,2469.79,2766.16,7888166.43,9315214.23
116,2025-06-14,370,2469.79,2766.16,7890636.22,9317980.4
116,2025-06-15,371,2469.79,2766.16,7893106.01,9320746.56
116,2025-06-16,372,2469.79,2766.16,7895575.8,9323512.73
116,2025-06-17,373,2469.79,2766.16,7898045.59,9326278.89
116,2025-06-18,374,2469.79,2766.16,7900515.38,9329045.06
116,2025-06-19,375,2469.79,2766.16,7902985.17,9331811.22
116,2025-06-20,376,285.98,320.3,7903271.16,9332131.53
116,2025-06-21,377,285.98,320.3,7903557.14,9332451.83
116,2025-06-22,378,285.98,320.3,7903843.13,9332772.13
116,2025-06-23,379,285.98,320.3,7904129.11,9333092.44
116,2025-06-24,380,285.98,320.3,7904415.1,9333412.74
116,2025-06-25,381,285.98,320.3,7904701.08,9333733.04
116,2025-06-26,382,285.98,320.3,7904987.07,9334053.34
116,2025-06-27,383,285.98,320.3,7905273.05,9334373.65
116,2025-06-28,384,285.98,320.3,7905559.04,9334693.95
116,2025-06-29,385,285.98,320.3,7905845.02,9335014.25
117,2024-06-18,1,203.64,242.33,7906048.66,9335256.58
117,2024-06-19,2,203.64,242.33,7906252.3,9335498.91
117,2024-06-20,3,203.64,242.33,7906455.94,9335741.24
117,2024-06-21,4,203.64,242.33,7906659.58,9335983.57
117,2024-06-22,5,203.64,242.33,7906863.22,9336225.9
117,2024-06-23,6,1743.15,2058.95,7908606.37,9338284.86
117,2024-06-24,7,1743.15,2058.95,7910349.52,9340343.81
117,2024-06-25,8,1743.15,2058.95,7912092.67,9342402.77
117,2024-06-26,9,1743.15,2058.95,7913835.82,9344461.72
117,2024-06-27,10,1743.15,2058.95,7915578.97,9346520.68
117,2024-06-28,11,1743.15,2058.95,7917322.12,9348579.63
117,2024-06-29,12,1743.15,2058.95,7919065.27,9350638.59
117,2024-06-30,13,1743.15,2058.95,7920808.43,9352697.54
117,2024-07-01,14,1743.15,2058.95,7922551.58,9354756.5
117,2024-07-02,15,1743.15,2058.95,7924294.73,9356815.45
117,2024-07-03,16,1743.15,2058.95,7926037.88,9358874.41
117,2024-07-04,17,1743.15,2058.95,7927781.03,9360933.36
117,2024-07-05,18,1743.15,2058.95,7929524.18,9362992.32
117,2024-07-06,19,1743.15,2058.95,7931267.33,9365051.27
117,2024-07-07,20,1743.15,2058.95,7933010.48,9367110.23
117,2024-07-08,21,1743.15,2058.95,7934753.64,9369169.18
117,2024-07-09,22,1743.15,2058.95,7936496.79,9371228.14
117,2024-07-10,23,1743.15,2058.95,7938239.94,9373287.09
117,2024-07-11,24,1743.15,2058.95,7939983.09,9375346.05
117,2024-07-12,25,1743.15,2058.95,7941726.24,9377405
117,2024-07-13,26,1743.15,2058.95,7943469.39,9379463.96
117,2024-07-14,27,1743.15,2058.95,7945212.54,9381522.91
117,2024-07-15,28,1743.15,2058.95,7946955.69,9383581.87
117,2024-07-16,29,1743.15,2058.95,7948698.84,9385640.82
117,2024-07-17,30,1743.15,2058.95,7950442,9387699.78
117,2024-07-18,31,1743.15,2058.95,7952185.15,9389758.73
117,2024-07-19,32,1743.15,2058.95,7953928.3,9391817.68
117,2024-07-20,33,1743.15,2058.95,7955671.45,9393876.64
117,2024-07-21,34,1743.15,2058.95,7957414.6,9395935.59
117,2024-07-22,35,1743.15,2058.95,7959157.75,9397994.55
117,2024-07-23,36,1743.15,2058.95,7960900.9,9400053.5
117,2024-07-24,37,1743.15,2058.95,7962644.05,9402112.46
117,2024-07-25,38,1743.15,2058.95,7964387.21,9404171.41
117,2024-07-26,39,1743.15,2058.95,7966130.36,9406230.37
117,2024-07-27,40,1743.15,2058.95,7967873.51,9408289.32
117,2024-07-28,41,1743.15,2058.95,7969616.66,9410348.28
117,2024-07-29,42,1743.15,2058.95,7971359.81,9412407.23
117,2024-07-30,43,1743.15,2058.95,7973102.96,9414466.19
117,2024-07-31,44,1743.15,2058.95,7974846.11,9416525.14
117,2024-08-01,45,1743.15,2058.95,7976589.26,9418584.1
117,2024-08-02,46,2886.01,3350.39,7979475.28,9421934.49
117,2024-08-03,47,1346.5,1533.77,7980821.78,9423468.25
117,2024-08-04,48,1346.5,1533.77,7982168.28,9425002.02
117,2024-08-05,49,1346.5,1533.77,7983514.79,9426535.79
117,2024-08-06,50,1346.5,1533.77,7984861.29,9428069.55
117,2024-08-07,51,1346.5,1533.77,7986207.79,9429603.32
117,2024-08-08,52,1346.5,1533.77,7987554.29,9431137.08
117,2024-08-09,53,1346.5,1533.77,7988900.8,9432670.85
117,2024-08-10,54,1346.5,1533.77,7990247.3,9434204.62
117,2024-08-11,55,1346.5,1533.77,7991593.8,9435738.38
117,2024-08-12,56,1346.5,1533.77,7992940.3,9437272.15
117,2024-08-13,57,1346.5,1533.77,7994286.81,9438805.91
117,2024-08-14,58,1346.5,1533.77,7995633.31,9440339.68
117,2024-08-15,59,1346.5,1533.77,7996979.81,9441873.45
117,2024-08-16,60,1346.5,1533.77,7998326.31,9443407.21
117,2024-08-17,61,1346.5,1533.77,7999672.81,9444940.98
117,2024-08-18,62,1346.5,1533.77,8001019.32,9446474.74
117,2024-08-19,63,1346.5,1533.77,8002365.82,9448008.51
117,2024-08-20,64,1346.5,1533.77,8003712.32,9449542.28
117,2024-08-21,65,1346.5,1533.77,8005058.82,9451076.04
117,2024-08-22,66,1346.5,1533.77,8006405.33,9452609.81
117,2024-08-23,67,1346.5,1533.77,8007751.83,9454143.57
117,2024-08-24,68,1346.5,1533.77,8009098.33,9455677.34
117,2024-08-25,69,1346.5,1533.77,8010444.83,9457211.11
117,2024-08-26,70,1346.5,1533.77,8011791.34,9458744.87
117,2024-08-27,71,1346.5,1533.77,8013137.84,9460278.64
117,2024-08-28,72,1346.5,1533.77,8014484.34,9461812.4
117,2024-08-29,73,1346.5,1533.77,8015830.84,9463346.17
117,2024-08-30,74,1346.5,1533.77,8017177.35,9464879.94
117,2024-08-31,75,1346.5,1533.77,8018523.85,9466413.7
117,2024-09-01,76,1346.5,1533.77,8019870.35,9467947.47
117,2024-09-02,77,1346.5,1533.77,8021216.85,9469481.23
117,2024-09-03,78,1346.5,1533.77,8022563.35,9471015
117,2024-09-04,79,1346.5,1533.77,8023909.86,9472548.77
117,2024-09-05,80,1346.5,1533.77,8025256.36,9474082.53
117,2024-09-06,81,1346.5,1533.77,8026602.86,9475616.3
117,2024-09-07,82,1346.5,1533.77,8027949.36,9477150.06
117,2024-09-08,83,1346.5,1533.77,8029295.87,9478683.83
117,2024-09-09,84,1346.5,1533.77,8030642.37,9480217.6
117,2024-09-10,85,1346.5,1533.77,8031988.87,9481751.36
117,2024-09-11,86,1346.5,1533.77,8033335.37,9483285.13
117,2024-09-12,87,1346.5,1533.77,8034681.88,9484818.89
117,2024-09-13,88,1346.5,1533.77,8036028.38,9486352.66
117,2024-09-14,89,1346.5,1533.77,8037374.88,9487886.43
117,2024-09-15,90,1346.5,1533.77,8038721.38,9489420.19
117,2024-09-16,91,1346.5,1533.77,8040067.89,9490953.96
117,2024-09-17,92,1346.5,1533.77,8041414.39,9492487.72
117,2024-09-18,93,1346.5,1533.77,8042760.89,9494021.49
117,2024-09-19,94,1346.5,1533.77,8044107.39,9495555.26
117,2024-09-20,95,1346.5,1533.77,8045453.89,9497089.02
117,2024-09-21,96,1346.5,1533.77,8046800.4,9498622.79
117,2024-09-22,97,1346.5,1533.77,8048146.9,9500156.55
117,2024-09-23,98,1346.5,1533.77,8049493.4,9501690.32
117,2024-09-24,99,1346.5,1533.77,8050839.9,9503224.09
117,2024-09-25,100,1346.5,1533.77,8052186.41,9504757.85
117,2024-09-26,101,1346.5,1533.77,8053532.91,9506291.62
117,2024-09-27,102,1346.5,1533.77,8054879.41,9507825.38
117,2024-09-28,103,1346.5,1533.77,8056225.91,9509359.15
117,2024-09-29,104,1346.5,1533.77,8057572.42,9510892.92
117,2024-09-30,105,1346.5,1533.77,8058918.92,9512426.68
117,2024-10-01,106,1346.5,1533.77,8060265.42,9513960.45
117,2024-10-02,107,1346.5,1533.77,8061611.92,9515494.21
117,2024-10-03,108,1346.5,1533.77,8062958.43,9517027.98
117,2024-10-04,109,1346.5,1533.77,8064304.93,9518561.75
117,2024-10-05,110,1346.5,1533.77,8065651.43,9520095.51
117,2024-10-06,111,1346.5,1533.77,8066997.93,9521629.28
117,2024-10-07,112,1346.5,1533.77,8068344.43,9523163.04
117,2024-10-08,113,1346.5,1533.77,8069690.94,9524696.81
117,2024-10-09,114,1346.5,1533.77,8071037.44,9526230.58
117,2024-10-10,115,1346.5,1533.77,8072383.94,9527764.34
117,2024-10-11,116,1346.5,1533.77,8073730.44,9529298.11
117,2024-10-12,117,1346.5,1533.77,8075076.95,9530831.87
117,2024-10-13,118,1346.5,1533.77,8076423.45,9532365.64
117,2024-10-14,119,1346.5,1533.77,8077769.95,9533899.41
117,2024-10-15,120,1346.5,1533.77,8079116.45,9535433.17
117,2024-10-16,121,1346.5,1533.77,8080462.96,9536966.94
117,2024-10-17,122,1346.5,1533.77,8081809.46,9538500.7
117,2024-10-18,123,1346.5,1533.77,8083155.96,9540034.47
117,2024-10-19,124,1346.5,1533.77,8084502.46,9541568.24
117,2024-10-20,125,1346.5,1533.77,8085848.97,9543102
117,2024-10-21,126,1346.5,1533.77,8087195.47,9544635.77
117,2024-10-22,127,1346.5,1533.77,8088541.97,9546169.53
117,2024-10-23,128,1346.5,1533.77,8089888.47,9547703.3
117,2024-10-24,129,1346.5,1533.77,8091234.97,9549237.07
117,2024-10-25,130,1346.5,1533.77,8092581.48,9550770.83
117,2024-10-26,131,1346.5,1533.77,8093927.98,9552304.6
117,2024-10-27,132,1346.5,1533.77,8095274.48,9553838.36
117,2024-10-28,133,1346.5,1533.77,8096620.98,9555372.13
117,2024-10-29,134,1346.5,1533.77,8097967.49,9556905.9
117,2024-10-30,135,1346.5,1533.77,8099313.99,9558439.66
117,2024-10-31,136,1346.5,1533.77,8100660.49,9559973.43
117,2024-11-01,137,1346.5,1533.77,8102006.99,9561507.19
117,2024-11-02,138,1346.5,1533.77,8103353.5,9563040.96
117,2024-11-03,139,1346.5,1533.77,8104700,9564574.73
117,2024-11-04,140,1346.5,1533.77,8106046.5,9566108.49
117,2024-11-05,141,1346.5,1533.77,8107393,9567642.26
117,2024-11-06,142,1346.5,1533.77,8108739.51,9569176.02
117,2024-11-07,143,1346.5,1533.77,8110086.01,9570709.79
117,2024-11-08,144,1346.5,1533.77,8111432.51,9572243.56
117,2024-11-09,145,1346.5,1533.77,8112779.01,9573777.32
117,2024-11-10,146,1346.5,1533.77,8114125.51,9575311.09
117,2024-11-11,147,1346.5,1533.77,8115472.02,9576844.85
117,2024-11-12,148,1346.5,1533.77,8116818.52,9578378.62
117,2024-11-13,149,1346.5,1533.77,8118165.02,9579912.39
117,2024-11-14,150,1346.5,1533.77,8119511.52,9581446.15
117,2024-11-15,151,1346.5,1533.77,8120858.03,9582979.92
117,2024-11-16,152,1346.5,1533.77,8122204.53,9584513.68
117,2024-11-17,153,1346.5,1533.77,8123551.03,9586047.45
117,2024-11-18,154,1346.5,1533.77,8124897.53,9587581.22
117,2024-11-19,155,1346.5,1533.77,8126244.04,9589114.98
117,2024-11-20,156,1346.5,1533.77,8127590.54,9590648.75
117,2024-11-21,157,1346.5,1533.77,8128937.04,9592182.51
117,2024-11-22,158,1346.5,1533.77,8130283.54,9593716.28
117,2024-11-23,159,1346.5,1533.77,8131630.05,9595250.05
117,2024-11-24,160,1346.5,1533.77,8132976.55,9596783.81
117,2024-11-25,161,1346.5,1533.77,8134323.05,9598317.58
117,2024-11-26,162,1346.5,1533.77,8135669.55,9599851.34
117,2024-11-27,163,1346.5,1533.77,8137016.05,9601385.11
117,2024-11-28,164,4305.12,4847.42,8141321.18,9606232.53
117,2024-11-29,165,4305.12,4847.42,8145626.3,9611079.95
117,2024-11-30,166,4305.12,4847.42,8149931.42,9615927.37
117,2024-12-01,167,4305.12,4847.42,8154236.55,9620774.8
117,2024-12-02,168,4305.12,4847.42,8158541.67,9625622.22
117,2024-12-03,169,4305.12,4847.42,8162846.79,9630469.64
117,2024-12-04,170,4305.12,4847.42,8167151.92,9635317.06
117,2024-12-05,171,4305.12,4847.42,8171457.04,9640164.48
117,2024-12-06,172,4305.12,4847.42,8175762.16,9645011.9
117,2024-12-07,173,4305.12,4847.42,8180067.29,9649859.32
117,2024-12-08,174,7379.14,8751.42,8187446.42,9658610.74
117,2024-12-09,175,7379.14,8751.42,8194825.56,9667362.16
117,2024-12-10,176,7379.14,8751.42,8202204.7,9676113.58
117,2024-12-11,177,7379.14,8751.42,8209583.84,9684865
117,2024-12-12,178,7379.14,8751.42,8216962.98,9693616.43
117,2024-12-13,179,7379.14,8751.42,8224342.12,9702367.85
117,2024-12-14,180,7379.14,8751.42,8231721.25,9711119.27
117,2024-12-15,181,7379.14,8751.42,8239100.39,9719870.69
117,2024-12-16,182,7379.14,8751.42,8246479.53,9728622.11
117,2024-12-17,183,7379.14,8751.42,8253858.67,9737373.53
117,2024-12-18,184,7379.14,8751.42,8261237.81,9746124.95
117,2024-12-19,185,6236.28,7459.99,8267474.08,9753584.93
117,2024-12-20,186,6236.28,7459.99,8273710.36,9761044.92
117,2024-12-21,187,6236.28,7459.99,8279946.63,9768504.9
117,2024-12-22,188,6236.28,7459.99,8286182.91,9775964.89
117,2024-12-23,189,6236.28,7459.99,8292419.18,9783424.87
117,2024-12-24,190,6236.28,7459.99,8298655.46,9790884.86
117,2024-12-25,191,6236.28,7459.99,8304891.73,9798344.84
117,2024-12-26,192,6236.28,7459.99,8311128.01,9805804.83
117,2024-12-27,193,3277.65,4146.33,8314405.66,9809951.16
117,2024-12-28,194,3277.65,4146.33,8317683.32,9814097.49
117,2024-12-29,195,3277.65,4146.33,8320960.97,9818243.82
117,2024-12-30,196,3277.65,4146.33,8324238.62,9822390.15
117,2024-12-31,197,3277.65,4146.33,8327516.28,9826536.48
117,2025-01-01,198,3277.65,4146.33,8330793.93,9830682.81
117,2025-01-02,199,3277.65,4146.33,8334071.59,9834829.14
117,2025-01-03,200,3277.65,4146.33,8337349.24,9838975.47
117,2025-01-04,201,3277.65,4146.33,8340626.9,9843121.8
117,2025-01-05,202,3277.65,4146.33,8343904.55,9847268.13
117,2025-01-06,203,3277.65,4146.33,8347182.2,9851414.46
117,2025-01-07,204,3277.65,4146.33,8350459.86,9855560.79
117,2025-01-08,205,3277.65,4146.33,8353737.51,9859707.12
117,2025-01-09,206,3277.65,4146.33,8357015.17,9863853.45
117,2025-01-10,207,3277.65,4146.33,8360292.82,9867999.78
117,2025-01-11,208,3277.65,4146.33,8363570.48,9872146.11
117,2025-01-12,209,3277.65,4146.33,8366848.13,9876292.44
117,2025-01-13,210,3277.65,4146.33,8370125.78,9880438.77
117,2025-01-14,211,3277.65,4146.33,8373403.44,9884585.1
117,2025-01-15,212,3277.65,4146.33,8376681.09,9888731.43
117,2025-01-16,213,3277.65,4146.33,8379958.75,9892877.76
117,2025-01-17,214,3277.65,4146.33,8383236.4,9897024.09
117,2025-01-18,215,3277.65,4146.33,8386514.06,9901170.42
117,2025-01-19,216,3277.65,4146.33,8389791.71,9905316.75
117,2025-01-20,217,3277.65,4146.33,8393069.36,9909463.08
117,2025-01-21,218,3277.65,4146.33,8396347.02,9913609.4
117,2025-01-22,219,3277.65,4146.33,8399624.67,9917755.73
117,2025-01-23,220,3277.65,4146.33,8402902.33,9921902.06
117,2025-01-24,221,3277.65,4146.33,8406179.98,9926048.39
117,2025-01-25,222,3277.65,4146.33,8409457.64,9930194.72
117,2025-01-26,223,3277.65,4146.33,8412735.29,9934341.05
117,2025-01-27,224,3277.65,4146.33,8416012.94,9938487.38
117,2025-01-28,225,3277.65,4146.33,8419290.6,9942633.71
117,2025-01-29,226,3277.65,4146.33,8422568.25,9946780.04
117,2025-01-30,227,3277.65,4146.33,8425845.91,9950926.37
117,2025-01-31,228,3277.65,4146.33,8429123.56,9955072.7
117,2025-02-01,229,3277.65,4146.33,8432401.22,9959219.03
117,2025-02-02,230,3277.65,4146.33,8435678.87,9963365.36
117,2025-02-03,231,3277.65,4146.33,8438956.52,9967511.69
117,2025-02-04,232,3277.65,4146.33,8442234.18,9971658.02
117,2025-02-05,233,3277.65,4146.33,8445511.83,9975804.35
117,2025-02-06,234,3277.65,4146.33,8448789.49,9979950.68
117,2025-02-07,235,3277.65,4146.33,8452067.14,9984097.01
117,2025-02-08,236,3277.65,4146.33,8455344.8,9988243.34
117,2025-02-09,237,3277.65,4146.33,8458622.45,9992389.67
117,2025-02-10,238,3277.65,4146.33,8461900.1,9996536
117,2025-02-11,239,3277.65,4146.33,8465177.76,10000682.33
117,2025-02-12,240,3277.65,4146.33,8468455.41,10004828.66
117,2025-02-13,241,3277.65,4146.33,8471733.07,10008974.99
117,2025-02-14,242,3277.65,4146.33,8475010.72,10013121.32
117,2025-02-15,243,3277.65,4146.33,8478288.38,10017267.65
117,2025-02-16,244,3277.65,4146.33,8481566.03,10021413.98
117,2025-02-17,245,3277.65,4146.33,8484843.69,10025560.31
117,2025-02-18,246,3277.65,4146.33,8488121.34,10029706.64
117,2025-02-19,247,3277.65,4146.33,8491398.99,10033852.97
117,2025-02-20,248,3277.65,4146.33,8494676.65,10037999.3
117,2025-02-21,249,3277.65,4146.33,8497954.3,10042145.63
117,2025-02-22,250,3277.65,4146.33,8501231.96,10046291.96
117,2025-02-23,251,3277.65,4146.33,8504509.61,10050438.29
117,2025-02-24,252,3277.65,4146.33,8507787.27,10054584.62
117,2025-02-25,253,3277.65,4146.33,8511064.92,10058730.95
117,2025-02-26,254,3277.65,4146.33,8514342.57,10062877.28
117,2025-02-27,255,3277.65,4146.33,8517620.23,10067023.61
117,2025-02-28,256,3277.65,4146.33,8520897.88,10071169.94
117,2025-03-01,257,3277.65,4146.33,8524175.54,10075316.27
117,2025-03-02,258,3277.65,4146.33,8527453.19,10079462.6
117,2025-03-03,259,3277.65,4146.33,8530730.85,10083608.93
117,2025-03-04,260,3277.65,4146.33,8534008.5,10087755.26
117,2025-03-05,261,3277.65,4146.33,8537286.15,10091901.59
117,2025-03-06,262,3277.65,4146.33,8540563.81,10096047.92
117,2025-03-07,263,3277.65,4146.33,8543841.46,10100194.25
117,2025-03-08,264,3277.65,4146.33,8547119.12,10104340.58
117,2025-03-09,265,3277.65,4146.33,8550396.77,10108486.91
117,2025-03-10,266,3277.65,4146.33,8553674.43,10112633.24
117,2025-03-11,267,3277.65,4146.33,8556952.08,10116779.57
117,2025-03-12,268,3277.65,4146.33,8560229.73,10120925.9
117,2025-03-13,269,3277.65,4146.33,8563507.39,10125072.23
117,2025-03-14,270,3277.65,4146.33,8566785.04,10129218.56
117,2025-03-15,271,3277.65,4146.33,8570062.7,10133364.89
117,2025-03-16,272,3277.65,4146.33,8573340.35,10137511.22
117,2025-03-17,273,3277.65,4146.33,8576618.01,10141657.55
117,2025-03-18,274,3277.65,4146.33,8579895.66,10145803.88
117,2025-03-19,275,3277.65,4146.33,8583173.31,10149950.21
117,2025-03-20,276,3277.65,4146.33,8586450.97,10154096.54
117,2025-03-21,277,3277.65,4146.33,8589728.62,10158242.87
117,2025-03-22,278,3277.65,4146.33,8593006.28,10162389.2
117,2025-03-23,279,3277.65,4146.33,8596283.93,10166535.53
117,2025-03-24,280,3277.65,4146.33,8599561.59,10170681.86
117,2025-03-25,281,3277.65,4146.33,8602839.24,10174828.19
117,2025-03-26,282,3277.65,4146.33,8606116.89,10178974.52
117,2025-03-27,283,3277.65,4146.33,8609394.55,10183120.85
117,2025-03-28,284,3277.65,4146.33,8612672.2,10187267.18
117,2025-03-29,285,3277.65,4146.33,8615949.86,10191413.5
117,2025-03-30,286,3277.65,4146.33,8619227.51,10195559.83
117,2025-03-31,287,3277.65,4146.33,8622505.17,10199706.16
117,2025-04-01,288,3277.65,4146.33,8625782.82,10203852.49
117,2025-04-02,289,3277.65,4146.33,8629060.47,10207998.82
117,2025-04-03,290,3277.65,4146.33,8632338.13,10212145.15
117,2025-04-04,291,3277.65,4146.33,8635615.78,10216291.48
117,2025-04-05,292,3277.65,4146.33,8638893.44,10220437.81
117,2025-04-06,293,3277.65,4146.33,8642171.09,10224584.14
117,2025-04-07,294,3277.65,4146.33,8645448.75,10228730.47
117,2025-04-08,295,3277.65,4146.33,8648726.4,10232876.8
117,2025-04-09,296,3277.65,4146.33,8652004.06,10237023.13
117,2025-04-10,297,3277.65,4146.33,8655281.71,10241169.46
117,2025-04-11,298,3277.65,4146.33,8658559.36,10245315.79
117,2025-04-12,299,3277.65,4146.33,8661837.02,10249462.12
117,2025-04-13,300,3277.65,4146.33,8665114.67,10253608.45
117,2025-04-14,301,3277.65,4146.33,8668392.33,10257754.78
117,2025-04-15,302,3277.65,4146.33,8671669.98,10261901.11
117,2025-04-16,303,3277.65,4146.33,8674947.64,10266047.44
117,2025-04-17,304,3277.65,4146.33,8678225.29,10270193.77
117,2025-04-18,305,203.64,242.33,8678428.93,10270436.1
117,2025-04-19,306,203.64,242.33,8678632.57,10270678.43
117,2025-04-20,307,203.64,242.33,8678836.21,10270920.76
117,2025-04-21,308,203.64,242.33,8679039.85,10271163.09
117,2025-04-22,309,203.64,242.33,8679243.48,10271405.42
117,2025-04-23,310,203.64,242.33,8679447.12,10271647.75
117,2025-04-24,311,203.64,242.33,8679650.76,10271890.09
117,2025-04-25,312,203.64,242.33,8679854.4,10272132.42
117,2025-04-26,313,203.64,242.33,8680058.04,10272374.75
117,2025-04-27,314,203.64,242.33,8680261.68,10272617.08
118,2024-07-30,1,176.84,213.97,8680438.52,10272831.05
118,2024-07-31,2,176.84,213.97,8680615.35,10273045.02
118,2024-08-01,3,176.84,213.97,8680792.19,10273258.99
118,2024-08-02,4,176.84,213.97,8680969.02,10273472.96
118,2024-08-03,5,176.84,213.97,8681145.86,10273686.93
118,2024-08-04,6,891.11,1121.1,8682036.97,10274808.04
118,2024-08-05,7,891.11,1121.1,8682928.09,10275929.14
118,2024-08-06,8,891.11,1121.1,8683819.2,10277050.25
118,2024-08-07,9,891.11,1121.1,8684710.32,10278171.35
118,2024-08-08,10,891.11,1121.1,8685601.43,10279292.46
118,2024-08-09,11,891.11,1121.1,8686492.54,10280413.56
118,2024-08-10,12,891.11,1121.1,8687383.66,10281534.66
118,2024-08-11,13,891.11,1121.1,8688274.77,10282655.77
118,2024-08-12,14,891.11,1121.1,8689165.88,10283776.87
118,2024-08-13,15,891.11,1121.1,8690057,10284897.98
118,2024-08-14,16,891.11,1121.1,8690948.11,10286019.08
118,2024-08-15,17,891.11,1121.1,8691839.23,10287140.19
118,2024-08-16,18,891.11,1121.1,8692730.34,10288261.29
118,2024-08-17,19,891.11,1121.1,8693621.45,10289382.4
118,2024-08-18,20,891.11,1121.1,8694512.57,10290503.5
118,2024-08-19,21,891.11,1121.1,8695403.68,10291624.6
118,2024-08-20,22,891.11,1121.1,8696294.79,10292745.71
118,2024-08-21,23,891.11,1121.1,8697185.91,10293866.81
118,2024-08-22,24,891.11,1121.1,8698077.02,10294987.92
118,2024-08-23,25,891.11,1121.1,8698968.14,10296109.02
118,2024-08-24,26,891.11,1121.1,8699859.25,10297230.13
118,2024-08-25,27,891.11,1121.1,8700750.36,10298351.23
118,2024-08-26,28,891.11,1121.1,8701641.48,10299472.33
118,2024-08-27,29,891.11,1121.1,8702532.59,10300593.44
118,2024-08-28,30,891.11,1121.1,8703423.7,10301714.54
118,2024-08-29,31,891.11,1121.1,8704314.82,10302835.65
118,2024-08-30,32,891.11,1121.1,8705205.93,10303956.75
118,2024-08-31,33,891.11,1121.1,8706097.05,10305077.86
118,2024-09-01,34,891.11,1121.1,8706988.16,10306198.96
118,2024-09-02,35,891.11,1121.1,8707879.27,10307320.06
118,2024-09-03,36,891.11,1121.1,8708770.39,10308441.17
118,2024-09-04,37,891.11,1121.1,8709661.5,10309562.27
118,2024-09-05,38,891.11,1121.1,8710552.61,10310683.38
118,2024-09-06,39,891.11,1121.1,8711443.73,10311804.48
118,2024-09-07,40,891.11,1121.1,8712334.84,10312925.59
118,2024-09-08,41,891.11,1121.1,8713225.96,10314046.69
118,2024-09-09,42,891.11,1121.1,8714117.07,10315167.8
118,2024-09-10,43,891.11,1121.1,8715008.18,10316288.9
118,2024-09-11,44,891.11,1121.1,8715899.3,10317410
118,2024-09-12,45,891.11,1121.1,8716790.41,10318531.11
118,2024-09-13,46,891.11,1121.1,8717681.52,10319652.21
118,2024-09-14,47,891.11,1121.1,8718572.64,10320773.32
118,2024-09-15,48,891.11,1121.1,8719463.75,10321894.42
118,2024-09-16,49,891.11,1121.1,8720354.87,10323015.53
118,2024-09-17,50,891.11,1121.1,8721245.98,10324136.63
118,2024-09-18,51,891.11,1121.1,8722137.09,10325257.73
118,2024-09-19,52,891.11,1121.1,8723028.21,10326378.84
118,2024-09-20,53,891.11,1121.1,8723919.32,10327499.94
118,2024-09-21,54,891.11,1121.1,8724810.44,10328621.05
118,2024-09-22,55,891.11,1121.1,8725701.55,10329742.15
118,2024-09-23,56,891.11,1121.1,8726592.66,10330863.26
118,2024-09-24,57,891.11,1121.1,8727483.78,10331984.36
118,2024-09-25,58,891.11,1121.1,8728374.89,10333105.46
118,2024-09-26,59,2361.2,3002.81,8730736.09,10336108.28
118,2024-09-27,60,1646.92,2095.68,8732383.01,10338203.95
118,2024-09-28,61,1646.92,2095.68,8734029.93,10340299.63
118,2024-09-29,62,1646.92,2095.68,8735676.85,10342395.31
118,2024-09-30,63,1646.92,2095.68,8737323.76,10344490.99
118,2024-10-01,64,1646.92,2095.68,8738970.68,10346586.67
118,2024-10-02,65,1646.92,2095.68,8740617.6,10348682.34
118,2024-10-03,66,1646.92,2095.68,8742264.52,10350778.02
118,2024-10-04,67,1646.92,2095.68,8743911.44,10352873.7
118,2024-10-05,68,1646.92,2095.68,8745558.36,10354969.38
118,2024-10-06,69,1646.92,2095.68,8747205.28,10357065.06
118,2024-10-07,70,1646.92,2095.68,8748852.2,10359160.74
118,2024-10-08,71,1646.92,2095.68,8750499.12,10361256.41
118,2024-10-09,72,1646.92,2095.68,8752146.04,10363352.09
118,2024-10-10,73,1646.92,2095.68,8753792.96,10365447.77
118,2024-10-11,74,1646.92,2095.68,8755439.88,10367543.45
118,2024-10-12,75,1646.92,2095.68,8757086.8,10369639.13
118,2024-10-13,76,1646.92,2095.68,8758733.72,10371734.81
118,2024-10-14,77,1646.92,2095.68,8760380.64,10373830.48
118,2024-10-15,78,1646.92,2095.68,8762027.55,10375926.16
118,2024-10-16,79,1646.92,2095.68,8763674.47,10378021.84
118,2024-10-17,80,1646.92,2095.68,8765321.39,10380117.52
118,2024-10-18,81,1646.92,2095.68,8766968.31,10382213.2
118,2024-10-19,82,1646.92,2095.68,8768615.23,10384308.87
118,2024-10-20,83,1646.92,2095.68,8770262.15,10386404.55
118,2024-10-21,84,1646.92,2095.68,8771909.07,10388500.23
118,2024-10-22,85,1646.92,2095.68,8773555.99,10390595.91
118,2024-10-23,86,1646.92,2095.68,8775202.91,10392691.59
118,2024-10-24,87,1646.92,2095.68,8776849.83,10394787.27
118,2024-10-25,88,1646.92,2095.68,8778496.75,10396882.94
118,2024-10-26,89,1646.92,2095.68,8780143.67,10398978.62
118,2024-10-27,90,1646.92,2095.68,8781790.59,10401074.3
118,2024-10-28,91,1646.92,2095.68,8783437.51,10403169.98
118,2024-10-29,92,1646.92,2095.68,8785084.43,10405265.66
118,2024-10-30,93,1646.92,2095.68,8786731.34,10407361.34
118,2024-10-31,94,1646.92,2095.68,8788378.26,10409457.01
118,2024-11-01,95,1646.92,2095.68,8790025.18,10411552.69
118,2024-11-02,96,1646.92,2095.68,8791672.1,10413648.37
118,2024-11-03,97,1646.92,2095.68,8793319.02,10415744.05
118,2024-11-04,98,1646.92,2095.68,8794965.94,10417839.73
118,2024-11-05,99,1646.92,2095.68,8796612.86,10419935.4
118,2024-11-06,100,1646.92,2095.68,8798259.78,10422031.08
118,2024-11-07,101,1646.92,2095.68,8799906.7,10424126.76
118,2024-11-08,102,1646.92,2095.68,8801553.62,10426222.44
118,2024-11-09,103,1646.92,2095.68,8803200.54,10428318.12
118,2024-11-10,104,1646.92,2095.68,8804847.46,10430413.8
118,2024-11-11,105,1646.92,2095.68,8806494.38,10432509.47
118,2024-11-12,106,1646.92,2095.68,8808141.3,10434605.15
118,2024-11-13,107,1646.92,2095.68,8809788.22,10436700.83
118,2024-11-14,108,1646.92,2095.68,8811435.13,10438796.51
118,2024-11-15,109,1646.92,2095.68,8813082.05,10440892.19
118,2024-11-16,110,1646.92,2095.68,8814728.97,10442987.87
118,2024-11-17,111,1646.92,2095.68,8816375.89,10445083.54
118,2024-11-18,112,1646.92,2095.68,8818022.81,10447179.22
118,2024-11-19,113,1646.92,2095.68,8819669.73,10449274.9
118,2024-11-20,114,1646.92,2095.68,8821316.65,10451370.58
118,2024-11-21,115,1646.92,2095.68,8822963.57,10453466.26
118,2024-11-22,116,1646.92,2095.68,8824610.49,10455561.93
118,2024-11-23,117,1646.92,2095.68,8826257.41,10457657.61
118,2024-11-24,118,1646.92,2095.68,8827904.33,10459753.29
118,2024-11-25,119,1646.92,2095.68,8829551.25,10461848.97
118,2024-11-26,120,1646.92,2095.68,8831198.17,10463944.65
118,2024-11-27,121,1646.92,2095.68,8832845.09,10466040.33
118,2024-11-28,122,3145.5,3938.93,8835990.59,10469979.26
118,2024-11-29,123,3145.5,3938.93,8839136.09,10473918.19
118,2024-11-30,124,3145.5,3938.93,8842281.59,10477857.13
118,2024-12-01,125,3145.5,3938.93,8845427.09,10481796.06
118,2024-12-02,126,3145.5,3938.93,8848572.59,10485734.99
118,2024-12-03,127,3145.5,3938.93,8851718.09,10489673.93
118,2024-12-04,128,3145.5,3938.93,8854863.59,10493612.86
118,2024-12-05,129,3145.5,3938.93,8858009.1,10497551.8
118,2024-12-06,130,3145.5,3938.93,8861154.6,10501490.73
118,2024-12-07,131,3145.5,3938.93,8864300.1,10505429.66
118,2024-12-08,132,4653.61,5673.26,8868953.71,10511102.93
118,2024-12-09,133,4653.61,5673.26,8873607.32,10516776.19
118,2024-12-10,134,4653.61,5673.26,8878260.94,10522449.45
118,2024-12-11,135,4653.61,5673.26,8882914.55,10528122.71
118,2024-12-12,136,4653.61,5673.26,8887568.16,10533795.98
118,2024-12-13,137,4653.61,5673.26,8892221.77,10539469.24
118,2024-12-14,138,4653.61,5673.26,8896875.39,10545142.5
118,2024-12-15,139,4653.61,5673.26,8901529,10550815.76
118,2024-12-16,140,4653.61,5673.26,8906182.61,10556489.03
118,2024-12-17,141,4653.61,5673.26,8910836.23,10562162.29
118,2024-12-18,142,4653.61,5673.26,8915489.84,10567835.55
118,2024-12-19,143,3183.53,3791.56,8918673.37,10571627.11
118,2024-12-20,144,3183.53,3791.56,8921856.9,10575418.66
118,2024-12-21,145,3183.53,3791.56,8925040.43,10579210.22
118,2024-12-22,146,3183.53,3791.56,8928223.96,10583001.77
118,2024-12-23,147,3183.53,3791.56,8931407.49,10586793.33
118,2024-12-24,148,3183.53,3791.56,8934591.02,10590584.88
118,2024-12-25,149,3183.53,3791.56,8937774.55,10594376.44
118,2024-12-26,150,3183.53,3791.56,8940958.08,10598168
118,2024-12-27,151,3183.53,3791.56,8944141.61,10601959.55
118,2024-12-28,152,3183.53,3791.56,8947325.13,10605751.11
118,2024-12-29,153,3183.53,3791.56,8950508.66,10609542.66
118,2024-12-30,154,3183.53,3791.56,8953692.19,10613334.22
118,2024-12-31,155,3183.53,3791.56,8956875.72,10617125.77
118,2025-01-01,156,3183.53,3791.56,8960059.25,10620917.33
118,2025-01-02,157,3183.53,3791.56,8963242.78,10624708.89
118,2025-01-03,158,3183.53,3791.56,8966426.31,10628500.44
118,2025-01-04,159,3183.53,3791.56,8969609.84,10632292
118,2025-01-05,160,3183.53,3791.56,8972793.37,10636083.55
118,2025-01-06,161,3183.53,3791.56,8975976.9,10639875.11
118,2025-01-07,162,3183.53,3791.56,8979160.43,10643666.66
118,2025-01-08,163,3183.53,3791.56,8982343.96,10647458.22
118,2025-01-09,164,3183.53,3791.56,8985527.49,10651249.78
118,2025-01-10,165,3183.53,3791.56,8988711.02,10655041.33
118,2025-01-11,166,3183.53,3791.56,8991894.55,10658832.89
118,2025-01-12,167,3183.53,3791.56,8995078.08,10662624.44
118,2025-01-13,168,3183.53,3791.56,8998261.61,10666416
118,2025-01-14,169,3183.53,3791.56,9001445.14,10670207.55
118,2025-01-15,170,3183.53,3791.56,9004628.67,10673999.11
118,2025-01-16,171,3183.53,3791.56,9007812.2,10677790.67
118,2025-01-17,172,3183.53,3791.56,9010995.73,10681582.22
118,2025-01-18,173,3183.53,3791.56,9014179.26,10685373.78
118,2025-01-19,174,3183.53,3791.56,9017362.78,10689165.33
118,2025-01-20,175,3183.53,3791.56,9020546.31,10692956.89
118,2025-01-21,176,3183.53,3791.56,9023729.84,10696748.44
118,2025-01-22,177,1684.95,1948.3,9025414.79,10698696.74
118,2025-01-23,178,1684.95,1948.3,9027099.74,10700645.04
118,2025-01-24,179,1684.95,1948.3,9028784.69,10702593.34
118,2025-01-25,180,1684.95,1948.3,9030469.63,10704541.64
118,2025-01-26,181,1684.95,1948.3,9032154.58,10706489.94
118,2025-01-27,182,1684.95,1948.3,9033839.53,10708438.24
118,2025-01-28,183,1684.95,1948.3,9035524.48,10710386.54
118,2025-01-29,184,1684.95,1948.3,9037209.43,10712334.84
118,2025-01-30,185,1684.95,1948.3,9038894.37,10714283.14
118,2025-01-31,186,1684.95,1948.3,9040579.32,10716231.44
118,2025-02-01,187,1684.95,1948.3,9042264.27,10718179.74
118,2025-02-02,188,1684.95,1948.3,9043949.22,10720128.04
118,2025-02-03,189,1684.95,1948.3,9045634.16,10722076.34
118,2025-02-04,190,1684.95,1948.3,9047319.11,10724024.64
118,2025-02-05,191,1684.95,1948.3,9049004.06,10725972.94
118,2025-02-06,192,1684.95,1948.3,9050689.01,10727921.24
118,2025-02-07,193,1684.95,1948.3,9052373.96,10729869.54
118,2025-02-08,194,1684.95,1948.3,9054058.9,10731817.84
118,2025-02-09,195,1684.95,1948.3,9055743.85,10733766.14
118,2025-02-10,196,1684.95,1948.3,9057428.8,10735714.44
118,2025-02-11,197,1684.95,1948.3,9059113.75,10737662.74
118,2025-02-12,198,1684.95,1948.3,9060798.69,10739611.04
118,2025-02-13,199,1684.95,1948.3,9062483.64,10741559.34
118,2025-02-14,200,1684.95,1948.3,9064168.59,10743507.64
118,2025-02-15,201,1684.95,1948.3,9065853.54,10745455.94
118,2025-02-16,202,1684.95,1948.3,9067538.48,10747404.24
118,2025-02-17,203,1684.95,1948.3,9069223.43,10749352.54
118,2025-02-18,204,1684.95,1948.3,9070908.38,10751300.84
118,2025-02-19,205,1684.95,1948.3,9072593.33,10753249.14
118,2025-02-20,206,1684.95,1948.3,9074278.28,10755197.45
118,2025-02-21,207,1684.95,1948.3,9075963.22,10757145.75
118,2025-02-22,208,1684.95,1948.3,9077648.17,10759094.05
118,2025-02-23,209,1684.95,1948.3,9079333.12,10761042.35
118,2025-02-24,210,1684.95,1948.3,9081018.07,10762990.65
118,2025-02-25,211,1684.95,1948.3,9082703.01,10764938.95
118,2025-02-26,212,1684.95,1948.3,9084387.96,10766887.25
118,2025-02-27,213,1684.95,1948.3,9086072.91,10768835.55
118,2025-02-28,214,1684.95,1948.3,9087757.86,10770783.85
118,2025-03-01,215,1684.95,1948.3,9089442.81,10772732.15
118,2025-03-02,216,1684.95,1948.3,9091127.75,10774680.45
118,2025-03-03,217,1684.95,1948.3,9092812.7,10776628.75
118,2025-03-04,218,1684.95,1948.3,9094497.65,10778577.05
118,2025-03-05,219,1684.95,1948.3,9096182.6,10780525.35
118,2025-03-06,220,1684.95,1948.3,9097867.54,10782473.65
118,2025-03-07,221,1684.95,1948.3,9099552.49,10784421.95
118,2025-03-08,222,1684.95,1948.3,9101237.44,10786370.25
118,2025-03-09,223,1684.95,1948.3,9102922.39,10788318.55
118,2025-03-10,224,1684.95,1948.3,9104607.34,10790266.85
118,2025-03-11,225,1684.95,1948.3,9106292.28,10792215.15
118,2025-03-12,226,1684.95,1948.3,9107977.23,10794163.45
118,2025-03-13,227,1684.95,1948.3,9109662.18,10796111.75
118,2025-03-14,228,1684.95,1948.3,9111347.13,10798060.05
118,2025-03-15,229,1684.95,1948.3,9113032.07,10800008.35
118,2025-03-16,230,1684.95,1948.3,9114717.02,10801956.65
118,2025-03-17,231,1684.95,1948.3,9116401.97,10803904.95
118,2025-03-18,232,1684.95,1948.3,9118086.92,10805853.25
118,2025-03-19,233,1684.95,1948.3,9119771.86,10807801.55
118,2025-03-20,234,1684.95,1948.3,9121456.81,10809749.85
118,2025-03-21,235,1684.95,1948.3,9123141.76,10811698.15
118,2025-03-22,236,1684.95,1948.3,9124826.71,10813646.45
118,2025-03-23,237,1684.95,1948.3,9126511.66,10815594.75
118,2025-03-24,238,1684.95,1948.3,9128196.6,10817543.05
118,2025-03-25,239,1684.95,1948.3,9129881.55,10819491.35
118,2025-03-26,240,1684.95,1948.3,9131566.5,10821439.65
118,2025-03-27,241,1684.95,1948.3,9133251.45,10823387.95
118,2025-03-28,242,1684.95,1948.3,9134936.39,10825336.25
118,2025-03-29,243,1684.95,1948.3,9136621.34,10827284.55
118,2025-03-30,244,1684.95,1948.3,9138306.29,10829232.85
118,2025-03-31,245,1684.95,1948.3,9139991.24,10831181.15
118,2025-04-01,246,1684.95,1948.3,9141676.19,10833129.45
118,2025-04-02,247,1684.95,1948.3,9143361.13,10835077.75
118,2025-04-03,248,1684.95,1948.3,9145046.08,10837026.05
118,2025-04-04,249,1684.95,1948.3,9146731.03,10838974.35
118,2025-04-05,250,1684.95,1948.3,9148415.98,10840922.65
118,2025-04-06,251,1684.95,1948.3,9150100.92,10842870.95
118,2025-04-07,252,1684.95,1948.3,9151785.87,10844819.25
118,2025-04-08,253,1684.95,1948.3,9153470.82,10846767.55
118,2025-04-09,254,1684.95,1948.3,9155155.77,10848715.85
118,2025-04-10,255,1684.95,1948.3,9156840.71,10850664.15
118,2025-04-11,256,1684.95,1948.3,9158525.66,10852612.45
118,2025-04-12,257,1684.95,1948.3,9160210.61,10854560.75
118,2025-04-13,258,1684.95,1948.3,9161895.56,10856509.05
118,2025-04-14,259,1684.95,1948.3,9163580.51,10858457.35
118,2025-04-15,260,1684.95,1948.3,9165265.45,10860405.65
118,2025-04-16,261,1684.95,1948.3,9166950.4,10862353.95
118,2025-04-17,262,1684.95,1948.3,9168635.35,10864302.25
118,2025-04-18,263,1684.95,1948.3,9170320.3,10866250.55
118,2025-04-19,264,1684.95,1948.3,9172005.24,10868198.85
118,2025-04-20,265,1684.95,1948.3,9173690.19,10870147.15
118,2025-04-21,266,1684.95,1948.3,9175375.14,10872095.45
118,2025-04-22,267,1684.95,1948.3,9177060.09,10874043.75
118,2025-04-23,268,1684.95,1948.3,9178745.04,10875992.05
118,2025-04-24,269,1684.95,1948.3,9180429.98,10877940.35
118,2025-04-25,270,1684.95,1948.3,9182114.93,10879888.65
118,2025-04-26,271,1684.95,1948.3,9183799.88,10881836.95
118,2025-04-27,272,1684.95,1948.3,9185484.83,10883785.25
118,2025-04-28,273,1684.95,1948.3,9187169.77,10885733.55
118,2025-04-29,274,1684.95,1948.3,9188854.72,10887681.85
118,2025-04-30,275,1684.95,1948.3,9190539.67,10889630.15
118,2025-05-01,276,1684.95,1948.3,9192224.62,10891578.45
118,2025-05-02,277,1684.95,1948.3,9193909.56,10893526.75
118,2025-05-03,278,1684.95,1948.3,9195594.51,10895475.05
118,2025-05-04,279,1684.95,1948.3,9197279.46,10897423.35
118,2025-05-05,280,1684.95,1948.3,9198964.41,10899371.65
118,2025-05-06,281,1684.95,1948.3,9200649.36,10901319.95
118,2025-05-07,282,1684.95,1948.3,9202334.3,10903268.25
118,2025-05-08,283,1684.95,1948.3,9204019.25,10905216.55
118,2025-05-09,284,1684.95,1948.3,9205704.2,10907164.85
118,2025-05-10,285,1684.95,1948.3,9207389.15,10909113.15
118,2025-05-11,286,1684.95,1948.3,9209074.09,10911061.45
118,2025-05-12,287,1684.95,1948.3,9210759.04,10913009.75
118,2025-05-13,288,1684.95,1948.3,9212443.99,10914958.05
118,2025-05-14,289,1684.95,1948.3,9214128.94,10916906.35
118,2025-05-15,290,1684.95,1948.3,9215813.89,10918854.65
118,2025-05-16,291,1684.95,1948.3,9217498.83,10920802.95
118,2025-05-17,292,1684.95,1948.3,9219183.78,10922751.25
118,2025-05-18,293,1684.95,1948.3,9220868.73,10924699.55
118,2025-05-19,294,1684.95,1948.3,9222553.68,10926647.85
118,2025-05-20,295,1684.95,1948.3,9224238.62,10928596.15
118,2025-05-21,296,1684.95,1948.3,9225923.57,10930544.45
118,2025-05-22,297,1684.95,1948.3,9227608.52,10932492.75
118,2025-05-23,298,1684.95,1948.3,9229293.47,10934441.05
118,2025-05-24,299,1684.95,1948.3,9230978.41,10936389.35
118,2025-05-25,300,1684.95,1948.3,9232663.36,10938337.65
118,2025-05-26,301,1684.95,1948.3,9234348.31,10940285.95
118,2025-05-27,302,1684.95,1948.3,9236033.26,10942234.25
118,2025-05-28,303,1684.95,1948.3,9237718.21,10944182.55
118,2025-05-29,304,1684.95,1948.3,9239403.15,10946130.85
118,2025-05-30,305,1684.95,1948.3,9241088.1,10948079.15
118,2025-05-31,306,1684.95,1948.3,9242773.05,10950027.45
118,2025-06-01,307,1684.95,1948.3,9244458,10951975.75
118,2025-06-02,308,1684.95,1948.3,9246142.94,10953924.05
118,2025-06-03,309,1684.95,1948.3,9247827.89,10955872.35
118,2025-06-04,310,1684.95,1948.3,9249512.84,10957820.65
118,2025-06-05,311,176.84,213.97,9249689.68,10958034.62
118,2025-06-06,312,176.84,213.97,9249866.51,10958248.59
118,2025-06-07,313,176.84,213.97,9250043.35,10958462.57
118,2025-06-08,314,176.84,213.97,9250220.18,10958676.54
118,2025-06-09,315,176.84,213.97,9250397.02,10958890.51
118,2025-06-10,316,176.84,213.97,9250573.86,10959104.48
118,2025-06-11,317,176.84,213.97,9250750.69,10959318.45
118,2025-06-12,318,176.84,213.97,9250927.53,10959532.42
118,2025-06-13,319,176.84,213.97,9251104.36,10959746.39
118,2025-06-14,320,176.84,213.97,9251281.2,10959960.37
119,2024-08-05,1,460.7,585.09,9251741.9,10960545.45
119,2024-08-06,2,460.7,585.09,9252202.6,10961130.54
119,2024-08-07,3,460.7,585.09,9252663.29,10961715.63
119,2024-08-08,4,460.7,585.09,9253123.99,10962300.71
119,2024-08-09,5,460.7,585.09,9253584.69,10962885.8
119,2024-08-10,6,4023.29,4931.44,9257607.98,10967817.24
119,2024-08-11,7,4023.29,4931.44,9261631.26,10972748.69
119,2024-08-12,8,4023.29,4931.44,9265654.55,10977680.13
119,2024-08-13,9,4023.29,4931.44,9269677.84,10982611.58
119,2024-08-14,10,4023.29,4931.44,9273701.12,10987543.02
119,2024-08-15,11,4023.29,4931.44,9277724.41,10992474.46
119,2024-08-16,12,4023.29,4931.44,9281747.69,10997405.91
119,2024-08-17,13,4023.29,4931.44,9285770.98,11002337.35
119,2024-08-18,14,4023.29,4931.44,9289794.27,11007268.8
119,2024-08-19,15,4023.29,4931.44,9293817.55,11012200.24
119,2024-08-20,16,4023.29,4931.44,9297840.84,11017131.69
119,2024-08-21,17,4023.29,4931.44,9301864.13,11022063.13
119,2024-08-22,18,4023.29,4931.44,9305887.41,11026994.57
119,2024-08-23,19,4023.29,4931.44,9309910.7,11031926.02
119,2024-08-24,20,4023.29,4931.44,9313933.99,11036857.46
119,2024-08-25,21,4023.29,4931.44,9317957.27,11041788.91
119,2024-08-26,22,4023.29,4931.44,9321980.56,11046720.35
119,2024-08-27,23,4023.29,4931.44,9326003.84,11051651.8
119,2024-08-28,24,4023.29,4931.44,9330027.13,11056583.24
119,2024-08-29,25,4023.29,4931.44,9334050.42,11061514.68
119,2024-08-30,26,4023.29,4931.44,9338073.7,11066446.13
119,2024-08-31,27,4023.29,4931.44,9342096.99,11071377.57
119,2024-09-01,28,4023.29,4931.44,9346120.28,11076309.02
119,2024-09-02,29,4023.29,4931.44,9350143.56,11081240.46
119,2024-09-03,30,4023.29,4931.44,9354166.85,11086171.9
119,2024-09-04,31,4023.29,4931.44,9358190.14,11091103.35
119,2024-09-05,32,4023.29,4931.44,9362213.42,11096034.79
119,2024-09-06,33,4023.29,4931.44,9366236.71,11100966.24
119,2024-09-07,34,4023.29,4931.44,9370259.99,11105897.68
119,2024-09-08,35,4023.29,4931.44,9374283.28,11110829.13
119,2024-09-09,36,4023.29,4931.44,9378306.57,11115760.57
119,2024-09-10,37,4023.29,4931.44,9382329.85,11120692.01
119,2024-09-11,38,4023.29,4931.44,9386353.14,11125623.46
119,2024-09-12,39,6100.57,7299.54,9392453.7,11132923
119,2024-09-13,40,2537.98,2953.18,9394991.68,11135876.18
119,2024-09-14,41,2537.98,2953.18,9397529.66,11138829.37
119,2024-09-15,42,2537.98,2953.18,9400067.63,11141782.55
119,2024-09-16,43,2537.98,2953.18,9402605.61,11144735.74
119,2024-09-17,44,2537.98,2953.18,9405143.59,11147688.92
119,2024-09-18,45,2537.98,2953.18,9407681.57,11150642.11
119,2024-09-19,46,2537.98,2953.18,9410219.54,11153595.29
119,2024-09-20,47,2537.98,2953.18,9412757.52,11156548.47
119,2024-09-21,48,2537.98,2953.18,9415295.5,11159501.66
119,2024-09-22,49,2537.98,2953.18,9417833.47,11162454.84
119,2024-09-23,50,2537.98,2953.18,9420371.45,11165408.03
119,2024-09-24,51,2537.98,2953.18,9422909.43,11168361.21
119,2024-09-25,52,2537.98,2953.18,9425447.4,11171314.4
119,2024-09-26,53,2537.98,2953.18,9427985.38,11174267.58
119,2024-09-27,54,2537.98,2953.18,9430523.36,11177220.76
119,2024-09-28,55,2537.98,2953.18,9433061.33,11180173.95
119,2024-09-29,56,2537.98,2953.18,9435599.31,11183127.13
119,2024-09-30,57,2537.98,2953.18,9438137.29,11186080.32
119,2024-10-01,58,2537.98,2953.18,9440675.26,11189033.5
119,2024-10-02,59,2537.98,2953.18,9443213.24,11191986.69
119,2024-10-03,60,2537.98,2953.18,9445751.22,11194939.87
119,2024-10-04,61,2537.98,2953.18,9448289.19,11197893.05
119,2024-10-05,62,2537.98,2953.18,9450827.17,11200846.24
119,2024-10-06,63,2537.98,2953.18,9453365.15,11203799.42
119,2024-10-07,64,2537.98,2953.18,9455903.12,11206752.61
119,2024-10-08,65,2537.98,2953.18,9458441.1,11209705.79
119,2024-10-09,66,2537.98,2953.18,9460979.08,11212658.98
119,2024-10-10,67,2537.98,2953.18,9463517.05,11215612.16
119,2024-10-11,68,2537.98,2953.18,9466055.03,11218565.34
119,2024-10-12,69,2537.98,2953.18,9468593.01,11221518.53
119,2024-10-13,70,2537.98,2953.18,9471130.98,11224471.71
119,2024-10-14,71,2537.98,2953.18,9473668.96,11227424.9
119,2024-10-15,72,2537.98,2953.18,9476206.94,11230378.08
119,2024-10-16,73,2537.98,2953.18,9478744.92,11233331.27
119,2024-10-17,74,2537.98,2953.18,9481282.89,11236284.45
119,2024-10-18,75,2537.98,2953.18,9483820.87,11239237.63
119,2024-10-19,76,2537.98,2953.18,9486358.85,11242190.82
119,2024-10-20,77,2537.98,2953.18,9488896.82,11245144
119,2024-10-21,78,2537.98,2953.18,9491434.8,11248097.19
119,2024-10-22,79,5862.62,6676.78,9497297.42,11254773.97
119,2024-10-23,80,5862.62,6676.78,9503160.04,11261450.76
119,2024-10-24,81,5862.62,6676.78,9509022.66,11268127.54
119,2024-10-25,82,5862.62,6676.78,9514885.28,11274804.32
119,2024-10-26,83,5862.62,6676.78,9520747.9,11281481.11
119,2024-10-27,84,5862.62,6676.78,9526610.52,11288157.89
119,2024-10-28,85,5862.62,6676.78,9532473.14,11294834.68
119,2024-10-29,86,5862.62,6676.78,9538335.76,11301511.46
119,2024-10-30,87,5862.62,6676.78,9544198.38,11308188.25
119,2024-10-31,88,5862.62,6676.78,9550061,11314865.03
119,2024-11-01,89,9628.78,11497.47,9559689.78,11326362.5
119,2024-11-02,90,9628.78,11497.47,9569318.56,11337859.97
119,2024-11-03,91,9628.78,11497.47,9578947.34,11349357.45
119,2024-11-04,92,9628.78,11497.47,9588576.12,11360854.92
119,2024-11-05,93,9628.78,11497.47,9598204.91,11372352.39
119,2024-11-06,94,9628.78,11497.47,9607833.69,11383849.86
119,2024-11-07,95,9628.78,11497.47,9617462.47,11395347.33
119,2024-11-08,96,9628.78,11497.47,9627091.25,11406844.81
119,2024-11-09,97,9628.78,11497.47,9636720.03,11418342.28
119,2024-11-10,98,9628.78,11497.47,9646348.82,11429839.75
119,2024-11-11,99,9628.78,11497.47,9655977.6,11441337.22
119,2024-11-12,100,7551.5,9129.37,9663529.1,11450466.6
119,2024-11-13,101,7551.5,9129.37,9671080.6,11459595.97
119,2024-11-14,102,7551.5,9129.37,9678632.11,11468725.35
119,2024-11-15,103,7551.5,9129.37,9686183.61,11477854.72
119,2024-11-16,104,7551.5,9129.37,9693735.11,11486984.1
119,2024-11-17,105,7551.5,9129.37,9701286.62,11496113.47
119,2024-11-18,106,7551.5,9129.37,9708838.12,11505242.84
119,2024-11-19,107,7551.5,9129.37,9716389.62,11514372.22
119,2024-11-20,108,7551.5,9129.37,9723941.13,11523501.59
119,2024-11-21,109,7551.5,9129.37,9731492.63,11532630.97
119,2024-11-22,110,7551.5,9129.37,9739044.13,11541760.34
119,2024-11-23,111,7551.5,9129.37,9746595.64,11550889.72
119,2024-11-24,112,7551.5,9129.37,9754147.14,11560019.09
119,2024-11-25,113,7551.5,9129.37,9761698.64,11569148.46
119,2024-11-26,114,7551.5,9129.37,9769250.15,11578277.84
119,2024-11-27,115,7551.5,9129.37,9776801.65,11587407.21
119,2024-11-28,116,7551.5,9129.37,9784353.15,11596536.59
119,2024-11-29,117,7551.5,9129.37,9791904.66,11605665.96
119,2024-11-30,118,7551.5,9129.37,9799456.16,11614795.34
119,2024-12-01,119,7551.5,9129.37,9807007.66,11623924.71
119,2024-12-02,120,7551.5,9129.37,9814559.17,11633054.09
119,2024-12-03,121,4226.86,5405.77,9818786.03,11638459.86
119,2024-12-04,122,4226.86,5405.77,9823012.89,11643865.63
119,2024-12-05,123,4226.86,5405.77,9827239.75,11649271.41
119,2024-12-06,124,4226.86,5405.77,9831466.61,11654677.18
119,2024-12-07,125,4226.86,5405.77,9835693.47,11660082.96
119,2024-12-08,126,4226.86,5405.77,9839920.33,11665488.73
119,2024-12-09,127,4226.86,5405.77,9844147.19,11670894.51
119,2024-12-10,128,4226.86,5405.77,9848374.05,11676300.28
119,2024-12-11,129,4226.86,5405.77,9852600.91,11681706.05
119,2024-12-12,130,4226.86,5405.77,9856827.77,11687111.83
119,2024-12-13,131,4226.86,5405.77,9861054.63,11692517.6
119,2024-12-14,132,4226.86,5405.77,9865281.49,11697923.38
119,2024-12-15,133,4226.86,5405.77,9869508.35,11703329.15
119,2024-12-16,134,4226.86,5405.77,9873735.21,11708734.93
119,2024-12-17,135,4226.86,5405.77,9877962.07,11714140.7
119,2024-12-18,136,4226.86,5405.77,9882188.93,11719546.48
119,2024-12-19,137,4226.86,5405.77,9886415.79,11724952.25
119,2024-12-20,138,4226.86,5405.77,9890642.65,11730358.02
119,2024-12-21,139,4226.86,5405.77,9894869.51,11735763.8
119,2024-12-22,140,4226.86,5405.77,9899096.37,11741169.57
119,2024-12-23,141,4226.86,5405.77,9903323.24,11746575.35
119,2024-12-24,142,4226.86,5405.77,9907550.1,11751981.12
119,2024-12-25,143,4226.86,5405.77,9911776.96,11757386.9
119,2024-12-26,144,4226.86,5405.77,9916003.82,11762792.67
119,2024-12-27,145,4226.86,5405.77,9920230.68,11768198.44
119,2024-12-28,146,4226.86,5405.77,9924457.54,11773604.22
119,2024-12-29,147,4226.86,5405.77,9928684.4,11779009.99
119,2024-12-30,148,4226.86,5405.77,9932911.26,11784415.77
119,2024-12-31,149,4226.86,5405.77,9937138.12,11789821.54
119,2025-01-01,150,4226.86,5405.77,9941364.98,11795227.32
119,2025-01-02,151,4226.86,5405.77,9945591.84,11800633.09
119,2025-01-03,152,4226.86,5405.77,9949818.7,11806038.87
119,2025-01-04,153,4226.86,5405.77,9954045.56,11811444.64
119,2025-01-05,154,4226.86,5405.77,9958272.42,11816850.41
119,2025-01-06,155,4226.86,5405.77,9962499.28,11822256.19
119,2025-01-07,156,4226.86,5405.77,9966726.14,11827661.96
119,2025-01-08,157,4226.86,5405.77,9970953,11833067.74
119,2025-01-09,158,4226.86,5405.77,9975179.86,11838473.51
119,2025-01-10,159,4226.86,5405.77,9979406.72,11843879.29
119,2025-01-11,160,4226.86,5405.77,9983633.58,11849285.06
119,2025-01-12,161,4226.86,5405.77,9987860.44,11854690.83
119,2025-01-13,162,4226.86,5405.77,9992087.3,11860096.61
119,2025-01-14,163,4226.86,5405.77,9996314.16,11865502.38
119,2025-01-15,164,4226.86,5405.77,10000541.03,11870908.16
119,2025-01-16,165,4226.86,5405.77,10004767.89,11876313.93
119,2025-01-17,166,4226.86,5405.77,10008994.75,11881719.71
119,2025-01-18,167,4226.86,5405.77,10013221.61,11887125.48
119,2025-01-19,168,4226.86,5405.77,10017448.47,11892531.25
119,2025-01-20,169,4226.86,5405.77,10021675.33,11897937.03
119,2025-01-21,170,4226.86,5405.77,10025902.19,11903342.8
119,2025-01-22,171,4226.86,5405.77,10030129.05,11908748.58
119,2025-01-23,172,4226.86,5405.77,10034355.91,11914154.35
119,2025-01-24,173,4226.86,5405.77,10038582.77,11919560.13
119,2025-01-25,174,4226.86,5405.77,10042809.63,11924965.9
119,2025-01-26,175,4226.86,5405.77,10047036.49,11930371.68
119,2025-01-27,176,4226.86,5405.77,10051263.35,11935777.45
119,2025-01-28,177,4226.86,5405.77,10055490.21,11941183.22
119,2025-01-29,178,4226.86,5405.77,10059717.07,11946589
119,2025-01-30,179,4226.86,5405.77,10063943.93,11951994.77
119,2025-01-31,180,4226.86,5405.77,10068170.79,11957400.55
119,2025-02-01,181,4226.86,5405.77,10072397.65,11962806.32
119,2025-02-02,182,4226.86,5405.77,10076624.51,11968212.1
119,2025-02-03,183,4226.86,5405.77,10080851.37,11973617.87
119,2025-02-04,184,4226.86,5405.77,10085078.23,11979023.64
119,2025-02-05,185,4226.86,5405.77,10089305.09,11984429.42
119,2025-02-06,186,4226.86,5405.77,10093531.95,11989835.19
119,2025-02-07,187,4226.86,5405.77,10097758.82,11995240.97
119,2025-02-08,188,4226.86,5405.77,10101985.68,12000646.74
119,2025-02-09,189,4226.86,5405.77,10106212.54,12006052.52
119,2025-02-10,190,4226.86,5405.77,10110439.4,12011458.29
119,2025-02-11,191,4226.86,5405.77,10114666.26,12016864.07
119,2025-02-12,192,4226.86,5405.77,10118893.12,12022269.84
119,2025-02-13,193,4226.86,5405.77,10123119.98,12027675.61
119,2025-02-14,194,4226.86,5405.77,10127346.84,12033081.39
119,2025-02-15,195,4226.86,5405.77,10131573.7,12038487.16
119,2025-02-16,196,4226.86,5405.77,10135800.56,12043892.94
119,2025-02-17,197,4226.86,5405.77,10140027.42,12049298.71
119,2025-02-18,198,4226.86,5405.77,10144254.28,12054704.49
119,2025-02-19,199,4226.86,5405.77,10148481.14,12060110.26
119,2025-02-20,200,4226.86,5405.77,10152708,12065516.03
119,2025-02-21,201,4226.86,5405.77,10156934.86,12070921.81
119,2025-02-22,202,4226.86,5405.77,10161161.72,12076327.58
119,2025-02-23,203,4226.86,5405.77,10165388.58,12081733.36
119,2025-02-24,204,4226.86,5405.77,10169615.44,12087139.13
119,2025-02-25,205,4226.86,5405.77,10173842.3,12092544.91
119,2025-02-26,206,4226.86,5405.77,10178069.16,12097950.68
119,2025-02-27,207,4226.86,5405.77,10182296.02,12103356.46
119,2025-02-28,208,4226.86,5405.77,10186522.88,12108762.23
119,2025-03-01,209,4226.86,5405.77,10190749.74,12114168
119,2025-03-02,210,4226.86,5405.77,10194976.61,12119573.78
119,2025-03-03,211,4226.86,5405.77,10199203.47,12124979.55
119,2025-03-04,212,4226.86,5405.77,10203430.33,12130385.33
119,2025-03-05,213,4226.86,5405.77,10207657.19,12135791.1
119,2025-03-06,214,4226.86,5405.77,10211884.05,12141196.88
119,2025-03-07,215,4226.86,5405.77,10216110.91,12146602.65
119,2025-03-08,216,4226.86,5405.77,10220337.77,12152008.42
119,2025-03-09,217,4226.86,5405.77,10224564.63,12157414.2
119,2025-03-10,218,4226.86,5405.77,10228791.49,12162819.97
119,2025-03-11,219,4226.86,5405.77,10233018.35,12168225.75
119,2025-03-12,220,4226.86,5405.77,10237245.21,12173631.52
119,2025-03-13,221,4226.86,5405.77,10241472.07,12179037.3
119,2025-03-14,222,4226.86,5405.77,10245698.93,12184443.07
119,2025-03-15,223,4226.86,5405.77,10249925.79,12189848.85
119,2025-03-16,224,4226.86,5405.77,10254152.65,12195254.62
119,2025-03-17,225,4226.86,5405.77,10258379.51,12200660.39
119,2025-03-18,226,4226.86,5405.77,10262606.37,12206066.17
119,2025-03-19,227,4226.86,5405.77,10266833.23,12211471.94
119,2025-03-20,228,4226.86,5405.77,10271060.09,12216877.72
119,2025-03-21,229,4226.86,5405.77,10275286.95,12222283.49
119,2025-03-22,230,4226.86,5405.77,10279513.81,12227689.27
119,2025-03-23,231,4226.86,5405.77,10283740.67,12233095.04
119,2025-03-24,232,4226.86,5405.77,10287967.53,12238500.81
119,2025-03-25,233,4226.86,5405.77,10292194.4,12243906.59
119,2025-03-26,234,4226.86,5405.77,10296421.26,12249312.36
119,2025-03-27,235,4226.86,5405.77,10300648.12,12254718.14
119,2025-03-28,236,4226.86,5405.77,10304874.98,12260123.91
119,2025-03-29,237,4226.86,5405.77,10309101.84,12265529.69
119,2025-03-30,238,4226.86,5405.77,10313328.7,12270935.46
119,2025-03-31,239,4226.86,5405.77,10317555.56,12276341.24
119,2025-04-01,240,4226.86,5405.77,10321782.42,12281747.01
119,2025-04-02,241,4226.86,5405.77,10326009.28,12287152.78
119,2025-04-03,242,4226.86,5405.77,10330236.14,12292558.56
119,2025-04-04,243,460.7,585.09,10330696.84,12293143.65
119,2025-04-05,244,460.7,585.09,10331157.54,12293728.73
119,2025-04-06,245,460.7,585.09,10331618.23,12294313.82
119,2025-04-07,246,460.7,585.09,10332078.93,12294898.9
119,2025-04-08,247,460.7,585.09,10332539.63,12295483.99
119,2025-04-09,248,460.7,585.09,10333000.33,12296069.08
119,2025-04-10,249,460.7,585.09,10333461.03,12296654.16
119,2025-04-11,250,460.7,585.09,10333921.72,12297239.25
119,2025-04-12,251,460.7,585.09,10334382.42,12297824.34
119,2025-04-13,252,460.7,585.09,10334843.12,12298409.42
120,2024-08-20,1,154.21,183.51,10334997.33,12298592.93
120,2024-08-21,2,154.21,183.51,10335151.54,12298776.44
120,2024-08-22,3,154.21,183.51,10335305.74,12298959.95
120,2024-08-23,4,154.21,183.51,10335459.95,12299143.45
120,2024-08-24,5,154.21,183.51,10335614.16,12299326.96
120,2024-08-25,6,1428.46,1610.67,10337042.62,12300937.63
120,2024-08-26,7,1428.46,1610.67,10338471.07,12302548.29
120,2024-08-27,8,1428.46,1610.67,10339899.53,12304158.96
120,2024-08-28,9,1428.46,1610.67,10341327.99,12305769.63
120,2024-08-29,10,1428.46,1610.67,10342756.45,12307380.3
120,2024-08-30,11,1428.46,1610.67,10344184.91,12308990.96
120,2024-08-31,12,1428.46,1610.67,10345613.36,12310601.63
120,2024-09-01,13,1428.46,1610.67,10347041.82,12312212.3
120,2024-09-02,14,1428.46,1610.67,10348470.28,12313822.97
120,2024-09-03,15,1428.46,1610.67,10349898.74,12315433.63
120,2024-09-04,16,1428.46,1610.67,10351327.19,12317044.3
120,2024-09-05,17,1428.46,1610.67,10352755.65,12318654.97
120,2024-09-06,18,1428.46,1610.67,10354184.11,12320265.63
120,2024-09-07,19,1428.46,1610.67,10355612.57,12321876.3
120,2024-09-08,20,1428.46,1610.67,10357041.02,12323486.97
120,2024-09-09,21,1428.46,1610.67,10358469.48,12325097.64
120,2024-09-10,22,1428.46,1610.67,10359897.94,12326708.3
120,2024-09-11,23,1428.46,1610.67,10361326.4,12328318.97
120,2024-09-12,24,1428.46,1610.67,10362754.86,12329929.64
120,2024-09-13,25,3183.98,3611.97,10365938.84,12333541.6
120,2024-09-14,26,1909.73,2184.81,10367848.57,12335726.41
120,2024-09-15,27,1909.73,2184.81,10369758.3,12337911.21
120,2024-09-16,28,1909.73,2184.81,10371668.04,12340096.02
120,2024-09-17,29,1909.73,2184.81,10373577.77,12342280.82
120,2024-09-18,30,1909.73,2184.81,10375487.5,12344465.63
120,2024-09-19,31,1909.73,2184.81,10377397.23,12346650.43
120,2024-09-20,32,1909.73,2184.81,10379306.97,12348835.24
120,2024-09-21,33,1909.73,2184.81,10381216.7,12351020.05
120,2024-09-22,34,1909.73,2184.81,10383126.43,12353204.85
120,2024-09-23,35,1909.73,2184.81,10385036.16,12355389.66
120,2024-09-24,36,1909.73,2184.81,10386945.89,12357574.46
120,2024-09-25,37,1909.73,2184.81,10388855.63,12359759.27
120,2024-09-26,38,1909.73,2184.81,10390765.36,12361944.07
120,2024-09-27,39,1909.73,2184.81,10392675.09,12364128.88
120,2024-09-28,40,1909.73,2184.81,10394584.82,12366313.68
120,2024-09-29,41,1909.73,2184.81,10396494.56,12368498.49
120,2024-09-30,42,1909.73,2184.81,10398404.29,12370683.29
120,2024-10-01,43,1909.73,2184.81,10400314.02,12372868.1
120,2024-10-02,44,1909.73,2184.81,10402223.75,12375052.9
120,2024-10-03,45,1909.73,2184.81,10404133.49,12377237.71
120,2024-10-04,46,1909.73,2184.81,10406043.22,12379422.52
120,2024-10-05,47,1909.73,2184.81,10407952.95,12381607.32
120,2024-10-06,48,1909.73,2184.81,10409862.68,12383792.13
120,2024-10-07,49,1909.73,2184.81,10411772.42,12385976.93
120,2024-10-08,50,1909.73,2184.81,10413682.15,12388161.74
120,2024-10-09,51,1909.73,2184.81,10415591.88,12390346.54
120,2024-10-10,52,1909.73,2184.81,10417501.61,12392531.35
120,2024-10-11,53,1909.73,2184.81,10419411.35,12394716.15
120,2024-10-12,54,1909.73,2184.81,10421321.08,12396900.96
120,2024-10-13,55,1909.73,2184.81,10423230.81,12399085.76
120,2024-10-14,56,1909.73,2184.81,10425140.54,12401270.57
120,2024-10-15,57,1909.73,2184.81,10427050.28,12403455.37
120,2024-10-16,58,1909.73,2184.81,10428960.01,12405640.18
120,2024-10-17,59,1909.73,2184.81,10430869.74,12407824.98
120,2024-10-18,60,1909.73,2184.81,10432779.47,12410009.79
120,2024-10-19,61,1909.73,2184.81,10434689.21,12412194.6
120,2024-10-20,62,1909.73,2184.81,10436598.94,12414379.4
120,2024-10-21,63,1909.73,2184.81,10438508.67,12416564.21
120,2024-10-22,64,1909.73,2184.81,10440418.4,12418749.01
120,2024-10-23,65,1909.73,2184.81,10442328.14,12420933.82
120,2024-10-24,66,1909.73,2184.81,10444237.87,12423118.62
120,2024-10-25,67,1909.73,2184.81,10446147.6,12425303.43
120,2024-10-26,68,1909.73,2184.81,10448057.33,12427488.23
120,2024-10-27,69,1909.73,2184.81,10449967.06,12429673.04
120,2024-10-28,70,1909.73,2184.81,10451876.8,12431857.84
120,2024-10-29,71,1909.73,2184.81,10453786.53,12434042.65
120,2024-10-30,72,1909.73,2184.81,10455696.26,12436227.45
120,2024-10-31,73,1909.73,2184.81,10457605.99,12438412.26
120,2024-11-01,74,1909.73,2184.81,10459515.73,12440597.06
120,2024-11-02,75,1909.73,2184.81,10461425.46,12442781.87
120,2024-11-03,76,1909.73,2184.81,10463335.19,12444966.68
120,2024-11-04,77,1909.73,2184.81,10465244.92,12447151.48
120,2024-11-05,78,1909.73,2184.81,10467154.66,12449336.29
120,2024-11-06,79,1909.73,2184.81,10469064.39,12451521.09
120,2024-11-07,80,1909.73,2184.81,10470974.12,12453705.9
120,2024-11-08,81,1909.73,2184.81,10472883.85,12455890.7
120,2024-11-09,82,1909.73,2184.81,10474793.59,12458075.51
120,2024-11-10,83,1909.73,2184.81,10476703.32,12460260.31
120,2024-11-11,84,1909.73,2184.81,10478613.05,12462445.12
120,2024-11-12,85,1909.73,2184.81,10480522.78,12464629.92
120,2024-11-13,86,1909.73,2184.81,10482432.52,12466814.73
120,2024-11-14,87,1909.73,2184.81,10484342.25,12468999.53
120,2024-11-15,88,1909.73,2184.81,10486251.98,12471184.34
120,2024-11-16,89,1909.73,2184.81,10488161.71,12473369.15
120,2024-11-17,90,1909.73,2184.81,10490071.45,12475553.95
120,2024-11-18,91,1909.73,2184.81,10491981.18,12477738.76
120,2024-11-19,92,1909.73,2184.81,10493890.91,12479923.56
120,2024-11-20,93,1909.73,2184.81,10495800.64,12482108.37
120,2024-11-21,94,1909.73,2184.81,10497710.38,12484293.17
120,2024-11-22,95,1909.73,2184.81,10499620.11,12486477.98
120,2024-11-23,96,1909.73,2184.81,10501529.84,12488662.78
120,2024-11-24,97,1909.73,2184.81,10503439.57,12490847.59
120,2024-11-25,98,1909.73,2184.81,10505349.31,12493032.39
120,2024-11-26,99,1909.73,2184.81,10507259.04,12495217.2
120,2024-11-27,100,1909.73,2184.81,10509168.77,12497402
120,2024-11-28,101,1909.73,2184.81,10511078.5,12499586.81
120,2024-11-29,102,1909.73,2184.81,10512988.23,12501771.61
120,2024-11-30,103,1909.73,2184.81,10514897.97,12503956.42
120,2024-12-01,104,1909.73,2184.81,10516807.7,12506141.23
120,2024-12-02,105,1909.73,2184.81,10518717.43,12508326.03
120,2024-12-03,106,1909.73,2184.81,10520627.16,12510510.84
120,2024-12-04,107,1909.73,2184.81,10522536.9,12512695.64
120,2024-12-05,108,1909.73,2184.81,10524446.63,12514880.45
120,2024-12-06,109,1909.73,2184.81,10526356.36,12517065.25
120,2024-12-07,110,1909.73,2184.81,10528266.09,12519250.06
120,2024-12-08,111,1909.73,2184.81,10530175.83,12521434.86
120,2024-12-09,112,1909.73,2184.81,10532085.56,12523619.67
120,2024-12-10,113,1909.73,2184.81,10533995.29,12525804.47
120,2024-12-11,114,1909.73,2184.81,10535905.02,12527989.28
120,2024-12-12,115,1909.73,2184.81,10537814.76,12530174.08
120,2024-12-13,116,1909.73,2184.81,10539724.49,12532358.89
120,2024-12-14,117,1909.73,2184.81,10541634.22,12534543.7
120,2024-12-15,118,1909.73,2184.81,10543543.95,12536728.5
120,2024-12-16,119,1909.73,2184.81,10545453.69,12538913.31
120,2024-12-17,120,1909.73,2184.81,10547363.42,12541098.11
120,2024-12-18,121,1909.73,2184.81,10549273.15,12543282.92
120,2024-12-19,122,1909.73,2184.81,10551182.88,12545467.72
120,2024-12-20,123,1909.73,2184.81,10553092.62,12547652.53
120,2024-12-21,124,1909.73,2184.81,10555002.35,12549837.33
120,2024-12-22,125,1909.73,2184.81,10556912.08,12552022.14
120,2024-12-23,126,1909.73,2184.81,10558821.81,12554206.94
120,2024-12-24,127,1909.73,2184.81,10560731.55,12556391.75
120,2024-12-25,128,1909.73,2184.81,10562641.28,12558576.55
120,2024-12-26,129,1909.73,2184.81,10564551.01,12560761.36
120,2024-12-27,130,1909.73,2184.81,10566460.74,12562946.16
120,2024-12-28,131,1909.73,2184.81,10568370.48,12565130.97
120,2024-12-29,132,1909.73,2184.81,10570280.21,12567315.78
120,2024-12-30,133,1909.73,2184.81,10572189.94,12569500.58
120,2024-12-31,134,1909.73,2184.81,10574099.67,12571685.39
120,2025-01-01,135,1909.73,2184.81,10576009.4,12573870.19
120,2025-01-02,136,1909.73,2184.81,10577919.14,12576055
120,2025-01-03,137,1909.73,2184.81,10579828.87,12578239.8
120,2025-01-04,138,1909.73,2184.81,10581738.6,12580424.61
120,2025-01-05,139,1909.73,2184.81,10583648.33,12582609.41
120,2025-01-06,140,1909.73,2184.81,10585558.07,12584794.22
120,2025-01-07,141,1909.73,2184.81,10587467.8,12586979.02
120,2025-01-08,142,1909.73,2184.81,10589377.53,12589163.83
120,2025-01-09,143,1909.73,2184.81,10591287.26,12591348.63
120,2025-01-10,144,1909.73,2184.81,10593197,12593533.44
120,2025-01-11,145,1909.73,2184.81,10595106.73,12595718.24
120,2025-01-12,146,1909.73,2184.81,10597016.46,12597903.05
120,2025-01-13,147,1909.73,2184.81,10598926.19,12600087.86
120,2025-01-14,148,1909.73,2184.81,10600835.93,12602272.66
120,2025-01-15,149,1909.73,2184.81,10602745.66,12604457.47
120,2025-01-16,150,1909.73,2184.81,10604655.39,12606642.27
120,2025-01-17,151,1909.73,2184.81,10606565.12,12608827.08
120,2025-01-18,152,1909.73,2184.81,10608474.86,12611011.88
120,2025-01-19,153,1909.73,2184.81,10610384.59,12613196.69
120,2025-01-20,154,1909.73,2184.81,10612294.32,12615381.49
120,2025-01-21,155,1909.73,2184.81,10614204.05,12617566.3
120,2025-01-22,156,1909.73,2184.81,10616113.79,12619751.1
120,2025-01-23,157,1909.73,2184.81,10618023.52,12621935.91
120,2025-01-24,158,1909.73,2184.81,10619933.25,12624120.71
120,2025-01-25,159,1909.73,2184.81,10621842.98,12626305.52
120,2025-01-26,160,1909.73,2184.81,10623752.72,12628490.33
120,2025-01-27,161,1909.73,2184.81,10625662.45,12630675.13
120,2025-01-28,162,1909.73,2184.81,10627572.18,12632859.94
120,2025-01-29,163,1909.73,2184.81,10629481.91,12635044.74
120,2025-01-30,164,1909.73,2184.81,10631391.65,12637229.55
120,2025-01-31,165,1909.73,2184.81,10633301.38,12639414.35
120,2025-02-01,166,4055.45,4931.32,10637356.82,12644345.67
120,2025-02-02,167,4055.45,4931.32,10641412.27,12649276.99
120,2025-02-03,168,4055.45,4931.32,10645467.72,12654208.31
120,2025-02-04,169,4055.45,4931.32,10649523.16,12659139.63
120,2025-02-05,170,4055.45,4931.32,10653578.61,12664070.95
120,2025-02-06,171,4055.45,4931.32,10657634.06,12669002.27
120,2025-02-07,172,4055.45,4931.32,10661689.5,12673933.59
120,2025-02-08,173,4055.45,4931.32,10665744.95,12678864.91
120,2025-02-09,174,4055.45,4931.32,10669800.4,12683796.23
120,2025-02-10,175,4055.45,4931.32,10673855.84,12688727.55
120,2025-02-11,176,5568.16,6852.46,10679424,12695580.01
120,2025-02-12,177,5568.16,6852.46,10684992.16,12702432.48
120,2025-02-13,178,5568.16,6852.46,10690560.32,12709284.94
120,2025-02-14,179,5568.16,6852.46,10696128.48,12716137.4
120,2025-02-15,180,5568.16,6852.46,10701696.64,12722989.87
120,2025-02-16,181,5568.16,6852.46,10707264.8,12729842.33
120,2025-02-17,182,5568.16,6852.46,10712832.95,12736694.79
120,2025-02-18,183,5568.16,6852.46,10718401.11,12743547.26
120,2025-02-19,184,5568.16,6852.46,10723969.27,12750399.72
120,2025-02-20,185,5568.16,6852.46,10729537.43,12757252.19
120,2025-02-21,186,5568.16,6852.46,10735105.59,12764104.65
120,2025-02-22,187,3812.63,4851.17,10738918.22,12768955.81
120,2025-02-23,188,3812.63,4851.17,10742730.86,12773806.98
120,2025-02-24,189,3812.63,4851.17,10746543.49,12778658.15
120,2025-02-25,190,3812.63,4851.17,10750356.12,12783509.31
120,2025-02-26,191,3812.63,4851.17,10754168.76,12788360.48
120,2025-02-27,192,3812.63,4851.17,10757981.39,12793211.64
120,2025-02-28,193,3812.63,4851.17,10761794.03,12798062.81
120,2025-03-01,194,3812.63,4851.17,10765606.66,12802913.97
120,2025-03-02,195,3812.63,4851.17,10769419.29,12807765.14
120,2025-03-03,196,3812.63,4851.17,10773231.93,12812616.3
120,2025-03-04,197,3812.63,4851.17,10777044.56,12817467.47
120,2025-03-05,198,3812.63,4851.17,10780857.2,12822318.64
120,2025-03-06,199,3812.63,4851.17,10784669.83,12827169.8
120,2025-03-07,200,3812.63,4851.17,10788482.46,12832020.97
120,2025-03-08,201,3812.63,4851.17,10792295.1,12836872.13
120,2025-03-09,202,3812.63,4851.17,10796107.73,12841723.3
120,2025-03-10,203,3812.63,4851.17,10799920.37,12846574.46
120,2025-03-11,204,3812.63,4851.17,10803733,12851425.63
120,2025-03-12,205,3812.63,4851.17,10807545.63,12856276.79
120,2025-03-13,206,3812.63,4851.17,10811358.27,12861127.96
120,2025-03-14,207,3812.63,4851.17,10815170.9,12865979.13
120,2025-03-15,208,3812.63,4851.17,10818983.53,12870830.29
120,2025-03-16,209,3812.63,4851.17,10822796.17,12875681.46
120,2025-03-17,210,3812.63,4851.17,10826608.8,12880532.62
120,2025-03-18,211,3812.63,4851.17,10830421.44,12885383.79
120,2025-03-19,212,3812.63,4851.17,10834234.07,12890234.95
120,2025-03-20,213,3812.63,4851.17,10838046.7,12895086.12
120,2025-03-21,214,3812.63,4851.17,10841859.34,12899937.28
120,2025-03-22,215,3812.63,4851.17,10845671.97,12904788.45
120,2025-03-23,216,3812.63,4851.17,10849484.61,12909639.62
120,2025-03-24,217,3812.63,4851.17,10853297.24,12914490.78
120,2025-03-25,218,3812.63,4851.17,10857109.87,12919341.95
120,2025-03-26,219,3812.63,4851.17,10860922.51,12924193.11
120,2025-03-27,220,3812.63,4851.17,10864735.14,12929044.28
120,2025-03-28,221,3812.63,4851.17,10868547.78,12933895.44
120,2025-03-29,222,1666.92,2104.65,10870214.69,12936000.09
120,2025-03-30,223,1666.92,2104.65,10871881.61,12938104.75
120,2025-03-31,224,1666.92,2104.65,10873548.53,12940209.4
120,2025-04-01,225,1666.92,2104.65,10875215.45,12942314.05
120,2025-04-02,226,1666.92,2104.65,10876882.37,12944418.7
120,2025-04-03,227,1666.92,2104.65,10878549.29,12946523.35
120,2025-04-04,228,1666.92,2104.65,10880216.21,12948628
120,2025-04-05,229,1666.92,2104.65,10881883.13,12950732.65
120,2025-04-06,230,1666.92,2104.65,10883550.05,12952837.31
120,2025-04-07,231,1666.92,2104.65,10885216.97,12954941.96
120,2025-04-08,232,1666.92,2104.65,10886883.89,12957046.61
120,2025-04-09,233,1666.92,2104.65,10888550.81,12959151.26
120,2025-04-10,234,1666.92,2104.65,10890217.73,12961255.91
120,2025-04-11,235,1666.92,2104.65,10891884.65,12963360.56
120,2025-04-12,236,1666.92,2104.65,10893551.57,12965465.21
120,2025-04-13,237,1666.92,2104.65,10895218.49,12967569.86
120,2025-04-14,238,1666.92,2104.65,10896885.41,12969674.52
120,2025-04-15,239,1666.92,2104.65,10898552.33,12971779.17
120,2025-04-16,240,1666.92,2104.65,10900219.25,12973883.82
120,2025-04-17,241,1666.92,2104.65,10901886.17,12975988.47
120,2025-04-18,242,1666.92,2104.65,10903553.09,12978093.12
120,2025-04-19,243,1666.92,2104.65,10905220.01,12980197.77
120,2025-04-20,244,1666.92,2104.65,10906886.93,12982302.42
120,2025-04-21,245,1666.92,2104.65,10908553.85,12984407.07
120,2025-04-22,246,1666.92,2104.65,10910220.77,12986511.73
120,2025-04-23,247,1666.92,2104.65,10911887.68,12988616.38
120,2025-04-24,248,1666.92,2104.65,10913554.6,12990721.03
120,2025-04-25,249,1666.92,2104.65,10915221.52,12992825.68
120,2025-04-26,250,1666.92,2104.65,10916888.44,12994930.33
120,2025-04-27,251,1666.92,2104.65,10918555.36,12997034.98
120,2025-04-28,252,1666.92,2104.65,10920222.28,12999139.63
120,2025-04-29,253,1666.92,2104.65,10921889.2,13001244.28
120,2025-04-30,254,1666.92,2104.65,10923556.12,13003348.94
120,2025-05-01,255,1666.92,2104.65,10925223.04,13005453.59
120,2025-05-02,256,1666.92,2104.65,10926889.96,13007558.24
120,2025-05-03,257,1666.92,2104.65,10928556.88,13009662.89
120,2025-05-04,258,1666.92,2104.65,10930223.8,13011767.54
120,2025-05-05,259,1666.92,2104.65,10931890.72,13013872.19
120,2025-05-06,260,1666.92,2104.65,10933557.64,13015976.84
120,2025-05-07,261,1666.92,2104.65,10935224.56,13018081.49
120,2025-05-08,262,1666.92,2104.65,10936891.48,13020186.15
120,2025-05-09,263,1666.92,2104.65,10938558.4,13022290.8
120,2025-05-10,264,1666.92,2104.65,10940225.32,13024395.45
120,2025-05-11,265,1666.92,2104.65,10941892.24,13026500.1
120,2025-05-12,266,1666.92,2104.65,10943559.16,13028604.75
120,2025-05-13,267,1666.92,2104.65,10945226.08,13030709.4
120,2025-05-14,268,1666.92,2104.65,10946893,13032814.05
120,2025-05-15,269,1666.92,2104.65,10948559.92,13034918.7
120,2025-05-16,270,1666.92,2104.65,10950226.84,13037023.36
120,2025-05-17,271,1666.92,2104.65,10951893.76,13039128.01
120,2025-05-18,272,1666.92,2104.65,10953560.67,13041232.66
120,2025-05-19,273,1666.92,2104.65,10955227.59,13043337.31
120,2025-05-20,274,1666.92,2104.65,10956894.51,13045441.96
120,2025-05-21,275,1666.92,2104.65,10958561.43,13047546.61
120,2025-05-22,276,1666.92,2104.65,10960228.35,13049651.26
120,2025-05-23,277,1666.92,2104.65,10961895.27,13051755.91
120,2025-05-24,278,1666.92,2104.65,10963562.19,13053860.57
120,2025-05-25,279,1666.92,2104.65,10965229.11,13055965.22
120,2025-05-26,280,1666.92,2104.65,10966896.03,13058069.87
120,2025-05-27,281,1666.92,2104.65,10968562.95,13060174.52
120,2025-05-28,282,1666.92,2104.65,10970229.87,13062279.17
120,2025-05-29,283,1666.92,2104.65,10971896.79,13064383.82
120,2025-05-30,284,1666.92,2104.65,10973563.71,13066488.47
120,2025-05-31,285,1666.92,2104.65,10975230.63,13068593.13
120,2025-06-01,286,1666.92,2104.65,10976897.55,13070697.78
120,2025-06-02,287,1666.92,2104.65,10978564.47,13072802.43
120,2025-06-03,288,1666.92,2104.65,10980231.39,13074907.08
120,2025-06-04,289,1666.92,2104.65,10981898.31,13077011.73
120,2025-06-05,290,1666.92,2104.65,10983565.23,13079116.38
120,2025-06-06,291,1666.92,2104.65,10985232.15,13081221.03
120,2025-06-07,292,1666.92,2104.65,10986899.07,13083325.68
120,2025-06-08,293,1666.92,2104.65,10988565.99,13085430.34
120,2025-06-09,294,1666.92,2104.65,10990232.91,13087534.99
120,2025-06-10,295,1666.92,2104.65,10991899.83,13089639.64
120,2025-06-11,296,1666.92,2104.65,10993566.75,13091744.29
120,2025-06-12,297,1666.92,2104.65,10995233.66,13093848.94
120,2025-06-13,298,1666.92,2104.65,10996900.58,13095953.59
120,2025-06-14,299,1666.92,2104.65,10998567.5,13098058.24
120,2025-06-15,300,1666.92,2104.65,11000234.42,13100162.89
120,2025-06-16,301,1666.92,2104.65,11001901.34,13102267.55
120,2025-06-17,302,1666.92,2104.65,11003568.26,13104372.2
120,2025-06-18,303,1666.92,2104.65,11005235.18,13106476.85
120,2025-06-19,304,1666.92,2104.65,11006902.1,13108581.5
120,2025-06-20,305,1666.92,2104.65,11008569.02,13110686.15
120,2025-06-21,306,1666.92,2104.65,11010235.94,13112790.8
120,2025-06-22,307,1666.92,2104.65,11011902.86,13114895.45
120,2025-06-23,308,1666.92,2104.65,11013569.78,13117000.1
120,2025-06-24,309,1666.92,2104.65,11015236.7,13119104.76
120,2025-06-25,310,1666.92,2104.65,11016903.62,13121209.41
120,2025-06-26,311,1666.92,2104.65,11018570.54,13123314.06
120,2025-06-27,312,1666.92,2104.65,11020237.46,13125418.71
120,2025-06-28,313,1666.92,2104.65,11021904.38,13127523.36
120,2025-06-29,314,1666.92,2104.65,11023571.3,13129628.01
120,2025-06-30,315,1666.92,2104.65,11025238.22,13131732.66
120,2025-07-01,316,1666.92,2104.65,11026905.14,13133837.31
120,2025-07-02,317,1666.92,2104.65,11028572.06,13135941.97
120,2025-07-03,318,1666.92,2104.65,11030238.98,13138046.62
120,2025-07-04,319,1666.92,2104.65,11031905.9,13140151.27
120,2025-07-05,320,1666.92,2104.65,11033572.82,13142255.92
120,2025-07-06,321,1666.92,2104.65,11035239.74,13144360.57
120,2025-07-07,322,1666.92,2104.65,11036906.65,13146465.22
120,2025-07-08,323,1666.92,2104.65,11038573.57,13148569.87
120,2025-07-09,324,1666.92,2104.65,11040240.49,13150674.52
120,2025-07-10,325,1666.92,2104.65,11041907.41,13152779.18
120,2025-07-11,326,1666.92,2104.65,11043574.33,13154883.83
120,2025-07-12,327,1666.92,2104.65,11045241.25,13156988.48
120,2025-07-13,328,1666.92,2104.65,11046908.17,13159093.13
120,2025-07-14,329,1666.92,2104.65,11048575.09,13161197.78
120,2025-07-15,330,1666.92,2104.65,11050242.01,13163302.43
120,2025-07-16,331,1666.92,2104.65,11051908.93,13165407.08
120,2025-07-17,332,1666.92,2104.65,11053575.85,13167511.73
120,2025-07-18,333,1666.92,2104.65,11055242.77,13169616.39
120,2025-07-19,334,1666.92,2104.65,11056909.69,13171721.04
120,2025-07-20,335,1666.92,2104.65,11058576.61,13173825.69
120,2025-07-21,336,1666.92,2104.65,11060243.53,13175930.34
120,2025-07-22,337,1666.92,2104.65,11061910.45,13178034.99
120,2025-07-23,338,1666.92,2104.65,11063577.37,13180139.64
120,2025-07-24,339,1666.92,2104.65,11065244.29,13182244.29
120,2025-07-25,340,1666.92,2104.65,11066911.21,13184348.95
120,2025-07-26,341,1666.92,2104.65,11068578.13,13186453.6
120,2025-07-27,342,1666.92,2104.65,11070245.05,13188558.25
120,2025-07-28,343,1666.92,2104.65,11071911.97,13190662.9
120,2025-07-29,344,1666.92,2104.65,11073578.89,13192767.55
120,2025-07-30,345,1666.92,2104.65,11075245.81,13194872.2
120,2025-07-31,346,1666.92,2104.65,11076912.73,13196976.85
120,2025-08-01,347,1666.92,2104.65,11078579.64,13199081.5
120,2025-08-02,348,1666.92,2104.65,11080246.56,13201186.16
120,2025-08-03,349,1666.92,2104.65,11081913.48,13203290.81
120,2025-08-04,350,1666.92,2104.65,11083580.4,13205395.46
120,2025-08-05,351,1666.92,2104.65,11085247.32,13207500.11
120,2025-08-06,352,1666.92,2104.65,11086914.24,13209604.76
120,2025-08-07,353,154.21,183.51,11087068.45,13209788.27
120,2025-08-08,354,154.21,183.51,11087222.66,13209971.77
120,2025-08-09,355,154.21,183.51,11087376.87,13210155.28
120,2025-08-10,356,154.21,183.51,11087531.07,13210338.79
120,2025-08-11,357,154.21,183.51,11087685.28,13210522.3
120,2025-08-12,358,154.21,183.51,11087839.49,13210705.8
120,2025-08-13,359,154.21,183.51,11087993.7,13210889.31
120,2025-08-14,360,154.21,183.51,11088147.9,13211072.82
120,2025-08-15,361,154.21,183.51,11088302.11,13211256.33
120,2025-08-16,362,154.21,183.51,11088456.32,13211439.83
121,2024-09-05,1,156.94,199.31,11088613.26,13211639.14
121,2024-09-06,2,156.94,199.31,11088770.19,13211838.45
121,2024-09-07,3,156.94,199.31,11088927.13,13212037.76
121,2024-09-08,4,156.94,199.31,11089084.06,13212237.07
121,2024-09-09,5,156.94,199.31,11089241,13212436.38
121,2024-09-10,6,1103.6,1325.84,11090344.6,13213762.22
121,2024-09-11,7,1103.6,1325.84,11091448.21,13215088.06
121,2024-09-12,8,1103.6,1325.84,11092551.81,13216413.9
121,2024-09-13,9,1103.6,1325.84,11093655.41,13217739.75
121,2024-09-14,10,1103.6,1325.84,11094759.02,13219065.59
121,2024-09-15,11,1276.54,1535.1,11096035.56,13220600.69
121,2024-09-16,12,1276.54,1535.1,11097312.1,13222135.79
121,2024-09-17,13,1276.54,1535.1,11098588.64,13223670.88
121,2024-09-18,14,1276.54,1535.1,11099865.18,13225205.98
121,2024-09-19,15,1276.54,1535.1,11101141.73,13226741.08
121,2024-09-20,16,2394.44,2943.65,11103536.16,13229684.73
121,2024-09-21,17,2394.44,2943.65,11105930.6,13232628.37
121,2024-09-22,18,2394.44,2943.65,11108325.03,13235572.02
121,2024-09-23,19,2394.44,2943.65,11110719.47,13238515.67
121,2024-09-24,20,4124.5,4967.82,11114843.97,13243483.49
121,2024-09-25,21,3177.83,3841.29,11118021.8,13247324.77
121,2024-09-26,22,3177.83,3841.29,11121199.64,13251166.06
121,2024-09-27,23,3177.83,3841.29,11124377.47,13255007.34
121,2024-09-28,24,3177.83,3841.29,11127555.3,13258848.63
121,2024-09-29,25,3177.83,3841.29,11130733.14,13262689.92
121,2024-09-30,26,3177.83,3841.29,11133910.97,13266531.2
121,2024-10-01,27,3177.83,3841.29,11137088.8,13270372.49
121,2024-10-02,28,3177.83,3841.29,11140266.64,13274213.78
121,2024-10-03,29,3177.83,3841.29,11143444.47,13278055.06
121,2024-10-04,30,3177.83,3841.29,11146622.3,13281896.35
121,2024-10-05,31,3177.83,3841.29,11149800.14,13285737.64
121,2024-10-06,32,3177.83,3841.29,11152977.97,13289578.92
121,2024-10-07,33,3177.83,3841.29,11156155.8,13293420.21
121,2024-10-08,34,3177.83,3841.29,11159333.64,13297261.5
121,2024-10-09,35,3177.83,3841.29,11162511.47,13301102.78
121,2024-10-10,36,3177.83,3841.29,11165689.3,13304944.07
121,2024-10-11,37,3177.83,3841.29,11168867.13,13308785.36
121,2024-10-12,38,3177.83,3841.29,11172044.97,13312626.64
121,2024-10-13,39,3177.83,3841.29,11175222.8,13316467.93
121,2024-10-14,40,3177.83,3841.29,11178400.63,13320309.21
121,2024-10-15,41,3177.83,3841.29,11181578.47,13324150.5
121,2024-10-16,42,3177.83,3841.29,11184756.3,13327991.79
121,2024-10-17,43,3177.83,3841.29,11187934.13,13331833.07
121,2024-10-18,44,3177.83,3841.29,11191111.97,13335674.36
121,2024-10-19,45,3177.83,3841.29,11194289.8,13339515.65
121,2024-10-20,46,3177.83,3841.29,11197467.63,13343356.93
121,2024-10-21,47,3177.83,3841.29,11200645.47,13347198.22
121,2024-10-22,48,3177.83,3841.29,11203823.3,13351039.51
121,2024-10-23,49,3177.83,3841.29,11207001.13,13354880.79
121,2024-10-24,50,3177.83,3841.29,11210178.97,13358722.08
121,2024-10-25,51,3177.83,3841.29,11213356.8,13362563.37
121,2024-10-26,52,3177.83,3841.29,11216534.63,13366404.65
121,2024-10-27,53,3177.83,3841.29,11219712.46,13370245.94
121,2024-10-28,54,3177.83,3841.29,11222890.3,13374087.23
121,2024-10-29,55,3177.83,3841.29,11226068.13,13377928.51
121,2024-10-30,56,3177.83,3841.29,11229245.96,13381769.8
121,2024-10-31,57,3177.83,3841.29,11232423.8,13385611.08
121,2024-11-01,58,3177.83,3841.29,11235601.63,13389452.37
121,2024-11-02,59,3177.83,3841.29,11238779.46,13393293.66
121,2024-11-03,60,3177.83,3841.29,11241957.3,13397134.94
121,2024-11-04,61,3177.83,3841.29,11245135.13,13400976.23
121,2024-11-05,62,3177.83,3841.29,11248312.96,13404817.52
121,2024-11-06,63,3177.83,3841.29,11251490.8,13408658.8
121,2024-11-07,64,3177.83,3841.29,11254668.63,13412500.09
121,2024-11-08,65,3177.83,3841.29,11257846.46,13416341.38
121,2024-11-09,66,3177.83,3841.29,11261024.3,13420182.66
121,2024-11-10,67,3177.83,3841.29,11264202.13,13424023.95
121,2024-11-11,68,3177.83,3841.29,11267379.96,13427865.24
121,2024-11-12,69,3177.83,3841.29,11270557.8,13431706.52
121,2024-11-13,70,3177.83,3841.29,11273735.63,13435547.81
121,2024-11-14,71,3177.83,3841.29,11276913.46,13439389.1
121,2024-11-15,72,4706.43,5583.88,11281619.89,13444972.98
121,2024-11-16,73,3588.53,4175.34,11285208.42,13449148.31
121,2024-11-17,74,3588.53,4175.34,11288796.95,13453323.65
121,2024-11-18,75,3588.53,4175.34,11292385.48,13457498.99
121,2024-11-19,76,3588.53,4175.34,11295974.02,13461674.32
121,2024-11-20,77,3588.53,4175.34,11299562.55,13465849.66
121,2024-11-21,78,3588.53,4175.34,11303151.08,13470024.99
121,2024-11-22,79,3588.53,4175.34,11306739.61,13474200.33
121,2024-11-23,80,3588.53,4175.34,11310328.15,13478375.67
121,2024-11-24,81,3588.53,4175.34,11313916.68,13482551
121,2024-11-25,82,3588.53,4175.34,11317505.21,13486726.34
121,2024-11-26,83,3588.53,4175.34,11321093.74,13490901.67
121,2024-11-27,84,3588.53,4175.34,11324682.27,13495077.01
121,2024-11-28,85,3588.53,4175.34,11328270.81,13499252.35
121,2024-11-29,86,3588.53,4175.34,11331859.34,13503427.68
121,2024-11-30,87,3588.53,4175.34,11335447.87,13507603.02
121,2024-12-01,88,3588.53,4175.34,11339036.4,13511778.35
121,2024-12-02,89,3588.53,4175.34,11342624.93,13515953.69
121,2024-12-03,90,3588.53,4175.34,11346213.47,13520129.03
121,2024-12-04,91,3588.53,4175.34,11349802,13524304.36
121,2024-12-05,92,3588.53,4175.34,11353390.53,13528479.7
121,2024-12-06,93,3588.53,4175.34,11356979.06,13532655.03
121,2024-12-07,94,5804.5,6635.05,11362783.56,13539290.09
121,2024-12-08,95,5804.5,6635.05,11368588.05,13545925.14
121,2024-12-09,96,5804.5,6635.05,11374392.55,13552560.2
121,2024-12-10,97,5804.5,6635.05,11380197.04,13559195.25
121,2024-12-11,98,5804.5,6635.05,11386001.54,13565830.31
121,2024-12-12,99,5804.5,6635.05,11391806.03,13572465.36
121,2024-12-13,100,5804.5,6635.05,11397610.53,13579100.42
121,2024-12-14,101,5804.5,6635.05,11403415.02,13585735.47
121,2024-12-15,102,5804.5,6635.05,11409219.52,13592370.53
121,2024-12-16,103,5804.5,6635.05,11415024.01,13599005.58
121,2024-12-17,104,7063.94,8221.96,11422087.96,13607227.54
121,2024-12-18,105,7063.94,8221.96,11429151.9,13615449.51
121,2024-12-19,106,7063.94,8221.96,11436215.85,13623671.47
121,2024-12-20,107,7063.94,8221.96,11443279.79,13631893.43
121,2024-12-21,108,7063.94,8221.96,11450343.74,13640115.39
121,2024-12-22,109,7063.94,8221.96,11457407.68,13648337.35
121,2024-12-23,110,7063.94,8221.96,11464471.63,13656559.31
121,2024-12-24,111,7063.94,8221.96,11471535.57,13664781.27
121,2024-12-25,112,7063.94,8221.96,11478599.52,13673003.23
121,2024-12-26,113,7063.94,8221.96,11485663.46,13681225.2
121,2024-12-27,114,7063.94,8221.96,11492727.41,13689447.16
121,2024-12-28,115,6932.45,8227.97,11499659.86,13697675.13
121,2024-12-29,116,6932.45,8227.97,11506592.31,13705903.1
121,2024-12-30,117,6932.45,8227.97,11513524.76,13714131.08
121,2024-12-31,118,6932.45,8227.97,11520457.22,13722359.05
121,2025-01-01,119,6932.45,8227.97,11527389.67,13730587.02
121,2025-01-02,120,6932.45,8227.97,11534322.12,13738815
121,2025-01-03,121,6932.45,8227.97,11541254.58,13747042.97
121,2025-01-04,122,6932.45,8227.97,11548187.03,13755270.94
121,2025-01-05,123,6932.45,8227.97,11555119.48,13763498.92
121,2025-01-06,124,6932.45,8227.97,11562051.93,13771726.89
121,2025-01-07,125,8636.8,10392.49,11570688.73,13782119.38
121,2025-01-08,126,8636.8,10392.49,11579325.53,13792511.87
121,2025-01-09,127,8636.8,10392.49,11587962.33,13802904.36
121,2025-01-10,128,8636.8,10392.49,11596599.12,13813296.85
121,2025-01-11,129,8636.8,10392.49,11605235.92,13823689.34
121,2025-01-12,130,8636.8,10392.49,11613872.72,13834081.83
121,2025-01-13,131,8636.8,10392.49,11622509.52,13844474.32
121,2025-01-14,132,8636.8,10392.49,11631146.31,13854866.81
121,2025-01-15,133,8636.8,10392.49,11639783.11,13865259.3
121,2025-01-16,134,8636.8,10392.49,11648419.91,13875651.79
121,2025-01-17,135,8636.8,10392.49,11657056.7,13886044.28
121,2025-01-18,136,7108.2,8649.89,11664164.91,13894694.18
121,2025-01-19,137,7108.2,8649.89,11671273.11,13903344.07
121,2025-01-20,138,7108.2,8649.89,11678381.31,13911993.96
121,2025-01-21,139,7108.2,8649.89,11685489.52,13920643.86
121,2025-01-22,140,7108.2,8649.89,11692597.72,13929293.75
121,2025-01-23,141,7108.2,8649.89,11699705.92,13937943.64
121,2025-01-24,142,7108.2,8649.89,11706814.13,13946593.54
121,2025-01-25,143,7108.2,8649.89,11713922.33,13955243.43
121,2025-01-26,144,7108.2,8649.89,11721030.53,13963893.32
121,2025-01-27,145,7108.2,8649.89,11728138.74,13972543.22
121,2025-01-28,146,7108.2,8649.89,11735246.94,13981193.11
121,2025-01-29,147,7108.2,8649.89,11742355.15,13989843
121,2025-01-30,148,4892.24,6190.17,11747247.39,13996033.18
121,2025-01-31,149,4892.24,6190.17,11752139.63,14002223.35
121,2025-02-01,150,3293.67,4159.99,11755433.3,14006383.34
121,2025-02-02,151,3293.67,4159.99,11758726.96,14010543.33
121,2025-02-03,152,3293.67,4159.99,11762020.63,14014703.32
121,2025-02-04,153,3293.67,4159.99,11765314.3,14018863.31
121,2025-02-05,154,3293.67,4159.99,11768607.97,14023023.3
121,2025-02-06,155,3293.67,4159.99,11771901.64,14027183.29
121,2025-02-07,156,3293.67,4159.99,11775195.31,14031343.27
121,2025-02-08,157,3293.67,4159.99,11778488.98,14035503.26
121,2025-02-09,158,3293.67,4159.99,11781782.65,14039663.25
121,2025-02-10,159,3293.67,4159.99,11785076.32,14043823.24
121,2025-02-11,160,3293.67,4159.99,11788369.99,14047983.23
121,2025-02-12,161,3293.67,4159.99,11791663.65,14052143.22
121,2025-02-13,162,3293.67,4159.99,11794957.32,14056303.21
121,2025-02-14,163,3293.67,4159.99,11798250.99,14060463.2
121,2025-02-15,164,3293.67,4159.99,11801544.66,14064623.19
121,2025-02-16,165,3293.67,4159.99,11804838.33,14068783.17
121,2025-02-17,166,3293.67,4159.99,11808132,14072943.16
121,2025-02-18,167,3293.67,4159.99,11811425.67,14077103.15
121,2025-02-19,168,3293.67,4159.99,11814719.34,14081263.14
121,2025-02-20,169,3293.67,4159.99,11818013.01,14085423.13
121,2025-02-21,170,3293.67,4159.99,11821306.68,14089583.12
121,2025-02-22,171,3293.67,4159.99,11824600.35,14093743.11
121,2025-02-23,172,3293.67,4159.99,11827894.01,14097903.1
121,2025-02-24,173,3293.67,4159.99,11831187.68,14102063.09
121,2025-02-25,174,3293.67,4159.99,11834481.35,14106223.07
121,2025-02-26,175,3293.67,4159.99,11837775.02,14110383.06
121,2025-02-27,176,3293.67,4159.99,11841068.69,14114543.05
121,2025-02-28,177,3293.67,4159.99,11844362.36,14118703.04
121,2025-03-01,178,3293.67,4159.99,11847656.03,14122863.03
121,2025-03-02,179,3293.67,4159.99,11850949.7,14127023.02
121,2025-03-03,180,3293.67,4159.99,11854243.37,14131183.01
121,2025-03-04,181,3293.67,4159.99,11857537.04,14135343
121,2025-03-05,182,3293.67,4159.99,11860830.7,14139502.98
121,2025-03-06,183,3293.67,4159.99,11864124.37,14143662.97
121,2025-03-07,184,3293.67,4159.99,11867418.04,14147822.96
121,2025-03-08,185,3293.67,4159.99,11870711.71,14151982.95
121,2025-03-09,186,3293.67,4159.99,11874005.38,14156142.94
121,2025-03-10,187,3293.67,4159.99,11877299.05,14160302.93
121,2025-03-11,188,3293.67,4159.99,11880592.72,14164462.92
121,2025-03-12,189,3293.67,4159.99,11883886.39,14168622.91
121,2025-03-13,190,3293.67,4159.99,11887180.06,14172782.9
121,2025-03-14,191,3293.67,4159.99,11890473.73,14176942.88
121,2025-03-15,192,3293.67,4159.99,11893767.39,14181102.87
121,2025-03-16,193,3293.67,4159.99,11897061.06,14185262.86
121,2025-03-17,194,3293.67,4159.99,11900354.73,14189422.85
121,2025-03-18,195,3293.67,4159.99,11903648.4,14193582.84
121,2025-03-19,196,3293.67,4159.99,11906942.07,14197742.83
121,2025-03-20,197,3293.67,4159.99,11910235.74,14201902.82
121,2025-03-21,198,3293.67,4159.99,11913529.41,14206062.81
121,2025-03-22,199,3293.67,4159.99,11916823.08,14210222.8
121,2025-03-23,200,3293.67,4159.99,11920116.75,14214382.78
121,2025-03-24,201,3293.67,4159.99,11923410.42,14218542.77
121,2025-03-25,202,3293.67,4159.99,11926704.09,14222702.76
121,2025-03-26,203,3293.67,4159.99,11929997.75,14226862.75
121,2025-03-27,204,3293.67,4159.99,11933291.42,14231022.74
121,2025-03-28,205,3293.67,4159.99,11936585.09,14235182.73
121,2025-03-29,206,3293.67,4159.99,11939878.76,14239342.72
121,2025-03-30,207,3293.67,4159.99,11943172.43,14243502.71
121,2025-03-31,208,3293.67,4159.99,11946466.1,14247662.69
121,2025-04-01,209,3293.67,4159.99,11949759.77,14251822.68
121,2025-04-02,210,3293.67,4159.99,11953053.44,14255982.67
121,2025-04-03,211,3293.67,4159.99,11956347.11,14260142.66
121,2025-04-04,212,3293.67,4159.99,11959640.78,14264302.65
121,2025-04-05,213,2034.22,2573.08,11961675,14266875.73
121,2025-04-06,214,2034.22,2573.08,11963709.21,14269448.82
121,2025-04-07,215,2034.22,2573.08,11965743.43,14272021.9
121,2025-04-08,216,2034.22,2573.08,11967777.65,14274594.98
121,2025-04-09,217,2034.22,2573.08,11969811.87,14277168.06
121,2025-04-10,218,2034.22,2573.08,11971846.09,14279741.14
121,2025-04-11,219,2034.22,2573.08,11973880.31,14282314.23
121,2025-04-12,220,2034.22,2573.08,11975914.53,14284887.31
121,2025-04-13,221,2034.22,2573.08,11977948.75,14287460.39
121,2025-04-14,222,2034.22,2573.08,11979982.97,14290033.47
121,2025-04-15,223,1877.28,2373.77,11981860.25,14292407.25
121,2025-04-16,224,1877.28,2373.77,11983737.54,14294781.02
121,2025-04-17,225,1877.28,2373.77,11985614.82,14297154.79
121,2025-04-18,226,1877.28,2373.77,11987492.1,14299528.57
121,2025-04-19,227,1877.28,2373.77,11989369.39,14301902.34
121,2025-04-20,228,1877.28,2373.77,11991246.67,14304276.12
121,2025-04-21,229,1877.28,2373.77,11993123.95,14306649.89
121,2025-04-22,230,1877.28,2373.77,11995001.24,14309023.66
121,2025-04-23,231,1877.28,2373.77,11996878.52,14311397.44
121,2025-04-24,232,1877.28,2373.77,11998755.8,14313771.21
121,2025-04-25,233,1877.28,2373.77,12000633.09,14316144.98
121,2025-04-26,234,1877.28,2373.77,12002510.37,14318518.76
121,2025-04-27,235,1877.28,2373.77,12004387.65,14320892.53
121,2025-04-28,236,1877.28,2373.77,12006264.94,14323266.3
121,2025-04-29,237,1877.28,2373.77,12008142.22,14325640.08
121,2025-04-30,238,1877.28,2373.77,12010019.5,14328013.85
121,2025-05-01,239,1877.28,2373.77,12011896.79,14330387.62
121,2025-05-02,240,1877.28,2373.77,12013774.07,14332761.4
121,2025-05-03,241,1877.28,2373.77,12015651.35,14335135.17
121,2025-05-04,242,1877.28,2373.77,12017528.64,14337508.94
121,2025-05-05,243,1877.28,2373.77,12019405.92,14339882.72
121,2025-05-06,244,1877.28,2373.77,12021283.2,14342256.49
121,2025-05-07,245,1877.28,2373.77,12023160.49,14344630.26
121,2025-05-08,246,1877.28,2373.77,12025037.77,14347004.04
121,2025-05-09,247,172.94,209.26,12025210.71,14347213.29
121,2025-05-10,248,172.94,209.26,12025383.65,14347422.55
121,2025-05-11,249,172.94,209.26,12025556.59,14347631.81
121,2025-05-12,250,172.94,209.26,12025729.53,14347841.06
121,2025-05-13,251,172.94,209.26,12025902.46,14348050.32
121,2025-05-14,252,172.94,209.26,12026075.4,14348259.57
121,2025-05-15,253,172.94,209.26,12026248.34,14348468.83
121,2025-05-16,254,172.94,209.26,12026421.28,14348678.09
121,2025-05-17,255,172.94,209.26,12026594.22,14348887.34
121,2025-05-18,256,172.94,209.26,12026767.16,14349096.6
122,2024-10-24,1,263.52,308.32,12027030.68,14349404.92
122,2024-10-25,2,263.52,308.32,12027294.2,14349713.24
122,2024-10-26,3,263.52,308.32,12027557.72,14350021.55
122,2024-10-27,4,263.52,308.32,12027821.24,14350329.87
122,2024-10-28,5,263.52,308.32,12028084.76,14350638.19
122,2024-10-29,6,1767.85,2233.86,12029852.61,14352872.05
122,2024-10-30,7,1767.85,2233.86,12031620.45,14355105.9
122,2024-10-31,8,1767.85,2233.86,12033388.3,14357339.76
122,2024-11-01,9,1767.85,2233.86,12035156.15,14359573.62
122,2024-11-02,10,1767.85,2233.86,12036923.99,14361807.47
122,2024-11-03,11,1767.85,2233.86,12038691.84,14364041.33
122,2024-11-04,12,1767.85,2233.86,12040459.69,14366275.19
122,2024-11-05,13,1767.85,2233.86,12042227.53,14368509.04
122,2024-11-06,14,1767.85,2233.86,12043995.38,14370742.9
122,2024-11-07,15,1767.85,2233.86,12045763.23,14372976.76
122,2024-11-08,16,1767.85,2233.86,12047531.07,14375210.61
122,2024-11-09,17,1767.85,2233.86,12049298.92,14377444.47
122,2024-11-10,18,1767.85,2233.86,12051066.77,14379678.33
122,2024-11-11,19,1767.85,2233.86,12052834.61,14381912.18
122,2024-11-12,20,1767.85,2233.86,12054602.46,14384146.04
122,2024-11-13,21,1767.85,2233.86,12056370.31,14386379.89
122,2024-11-14,22,1767.85,2233.86,12058138.15,14388613.75
122,2024-11-15,23,1767.85,2233.86,12059906,14390847.61
122,2024-11-16,24,1767.85,2233.86,12061673.85,14393081.46
122,2024-11-17,25,1767.85,2233.86,12063441.69,14395315.32
122,2024-11-18,26,1767.85,2233.86,12065209.54,14397549.18
122,2024-11-19,27,1767.85,2233.86,12066977.39,14399783.03
122,2024-11-20,28,1767.85,2233.86,12068745.23,14402016.89
122,2024-11-21,29,1767.85,2233.86,12070513.08,14404250.75
122,2024-11-22,30,1767.85,2233.86,12072280.93,14406484.6
122,2024-11-23,31,1767.85,2233.86,12074048.77,14408718.46
122,2024-11-24,32,1767.85,2233.86,12075816.62,14410952.32
122,2024-11-25,33,1767.85,2233.86,12077584.47,14413186.17
122,2024-11-26,34,1767.85,2233.86,12079352.31,14415420.03
122,2024-11-27,35,1767.85,2233.86,12081120.16,14417653.88
122,2024-11-28,36,1767.85,2233.86,12082888,14419887.74
122,2024-11-29,37,1767.85,2233.86,12084655.85,14422121.6
122,2024-11-30,38,1767.85,2233.86,12086423.7,14424355.45
122,2024-12-01,39,1767.85,2233.86,12088191.54,14426589.31
122,2024-12-02,40,1767.85,2233.86,12089959.39,14428823.17
122,2024-12-03,41,1767.85,2233.86,12091727.24,14431057.02
122,2024-12-04,42,1767.85,2233.86,12093495.08,14433290.88
122,2024-12-05,43,1767.85,2233.86,12095262.93,14435524.74
122,2024-12-06,44,1767.85,2233.86,12097030.78,14437758.59
122,2024-12-07,45,1767.85,2233.86,12098798.62,14439992.45
122,2024-12-08,46,1767.85,2233.86,12100566.47,14442226.31
122,2024-12-09,47,1767.85,2233.86,12102334.32,14444460.16
122,2024-12-10,48,1767.85,2233.86,12104102.16,14446694.02
122,2024-12-11,49,1767.85,2233.86,12105870.01,14448927.87
122,2024-12-12,50,1767.85,2233.86,12107637.86,14451161.73
122,2024-12-13,51,1767.85,2233.86,12109405.7,14453395.59
122,2024-12-14,52,1767.85,2233.86,12111173.55,14455629.44
122,2024-12-15,53,1767.85,2233.86,12112941.4,14457863.3
122,2024-12-16,54,2972.72,3739.94,12115914.11,14461603.24
122,2024-12-17,55,1468.39,1814.41,12117382.5,14463417.65
122,2024-12-18,56,1468.39,1814.41,12118850.89,14465232.06
122,2024-12-19,57,1468.39,1814.41,12120319.28,14467046.46
122,2024-12-20,58,1468.39,1814.41,12121787.67,14468860.87
122,2024-12-21,59,1468.39,1814.41,12123256.06,14470675.27
122,2024-12-22,60,1468.39,1814.41,12124724.45,14472489.68
122,2024-12-23,61,1468.39,1814.41,12126192.84,14474304.09
122,2024-12-24,62,1468.39,1814.41,12127661.23,14476118.49
122,2024-12-25,63,1468.39,1814.41,12129129.62,14477932.9
122,2024-12-26,64,1468.39,1814.41,12130598.01,14479747.3
122,2024-12-27,65,1468.39,1814.41,12132066.4,14481561.71
122,2024-12-28,66,1468.39,1814.41,12133534.79,14483376.12
122,2024-12-29,67,1468.39,1814.41,12135003.18,14485190.52
122,2024-12-30,68,1468.39,1814.41,12136471.57,14487004.93
122,2024-12-31,69,1468.39,1814.41,12137939.96,14488819.33
122,2025-01-01,70,1468.39,1814.41,12139408.35,14490633.74
122,2025-01-02,71,1468.39,1814.41,12140876.74,14492448.15
122,2025-01-03,72,1468.39,1814.41,12142345.13,14494262.55
122,2025-01-04,73,1468.39,1814.41,12143813.52,14496076.96
122,2025-01-05,74,1468.39,1814.41,12145281.91,14497891.36
122,2025-01-06,75,1468.39,1814.41,12146750.3,14499705.77
122,2025-01-07,76,1468.39,1814.41,12148218.7,14501520.18
122,2025-01-08,77,1468.39,1814.41,12149687.09,14503334.58
122,2025-01-09,78,1468.39,1814.41,12151155.48,14505148.99
122,2025-01-10,79,1468.39,1814.41,12152623.87,14506963.39
122,2025-01-11,80,1468.39,1814.41,12154092.26,14508777.8
122,2025-01-12,81,1468.39,1814.41,12155560.65,14510592.21
122,2025-01-13,82,1468.39,1814.41,12157029.04,14512406.61
122,2025-01-14,83,1468.39,1814.41,12158497.43,14514221.02
122,2025-01-15,84,1468.39,1814.41,12159965.82,14516035.42
122,2025-01-16,85,1468.39,1814.41,12161434.21,14517849.83
122,2025-01-17,86,1468.39,1814.41,12162902.6,14519664.24
122,2025-01-18,87,1468.39,1814.41,12164370.99,14521478.64
122,2025-01-19,88,1468.39,1814.41,12165839.38,14523293.05
122,2025-01-20,89,1468.39,1814.41,12167307.77,14525107.45
122,2025-01-21,90,1468.39,1814.41,12168776.16,14526921.86
122,2025-01-22,91,1468.39,1814.41,12170244.55,14528736.27
122,2025-01-23,92,1468.39,1814.41,12171712.94,14530550.67
122,2025-01-24,93,1468.39,1814.41,12173181.33,14532365.08
122,2025-01-25,94,1468.39,1814.41,12174649.72,14534179.48
122,2025-01-26,95,1468.39,1814.41,12176118.11,14535993.89
122,2025-01-27,96,1468.39,1814.41,12177586.5,14537808.3
122,2025-01-28,97,1468.39,1814.41,12179054.89,14539622.7
122,2025-01-29,98,1468.39,1814.41,12180523.28,14541437.11
122,2025-01-30,99,1468.39,1814.41,12181991.67,14543251.51
122,2025-01-31,100,1468.39,1814.41,12183460.06,14545065.92
122,2025-02-01,101,1468.39,1814.41,12184928.45,14546880.33
122,2025-02-02,102,1468.39,1814.41,12186396.84,14548694.73
122,2025-02-03,103,1468.39,1814.41,12187865.23,14550509.14
122,2025-02-04,104,1468.39,1814.41,12189333.62,14552323.54
122,2025-02-05,105,1468.39,1814.41,12190802.01,14554137.95
122,2025-02-06,106,1468.39,1814.41,12192270.4,14555952.36
122,2025-02-07,107,1468.39,1814.41,12193738.79,14557766.76
122,2025-02-08,108,1468.39,1814.41,12195207.18,14559581.17
122,2025-02-09,109,1468.39,1814.41,12196675.57,14561395.57
122,2025-02-10,110,1468.39,1814.41,12198143.96,14563209.98
122,2025-02-11,111,1468.39,1814.41,12199612.35,14565024.39
122,2025-02-12,112,1468.39,1814.41,12201080.74,14566838.79
122,2025-02-13,113,1468.39,1814.41,12202549.13,14568653.2
122,2025-02-14,114,1468.39,1814.41,12204017.52,14570467.6
122,2025-02-15,115,1468.39,1814.41,12205485.91,14572282.01
122,2025-02-16,116,1468.39,1814.41,12206954.3,14574096.42
122,2025-02-17,117,1468.39,1814.41,12208422.69,14575910.82
122,2025-02-18,118,1468.39,1814.41,12209891.08,14577725.23
122,2025-02-19,119,1468.39,1814.41,12211359.47,14579539.63
122,2025-02-20,120,1468.39,1814.41,12212827.86,14581354.04
122,2025-02-21,121,1468.39,1814.41,12214296.25,14583168.44
122,2025-02-22,122,1468.39,1814.41,12215764.64,14584982.85
122,2025-02-23,123,1468.39,1814.41,12217233.03,14586797.26
122,2025-02-24,124,1468.39,1814.41,12218701.42,14588611.66
122,2025-02-25,125,1468.39,1814.41,12220169.81,14590426.07
122,2025-02-26,126,1468.39,1814.41,12221638.2,14592240.47
122,2025-02-27,127,1468.39,1814.41,12223106.59,14594054.88
122,2025-02-28,128,1468.39,1814.41,12224574.98,14595869.29
122,2025-03-01,129,1468.39,1814.41,12226043.37,14597683.69
122,2025-03-02,130,1468.39,1814.41,12227511.76,14599498.1
122,2025-03-03,131,1468.39,1814.41,12228980.15,14601312.5
122,2025-03-04,132,1468.39,1814.41,12230448.54,14603126.91
122,2025-03-05,133,3891.51,4843.3,12234340.05,14607970.21
122,2025-03-06,134,3891.51,4843.3,12238231.55,14612813.52
122,2025-03-07,135,3891.51,4843.3,12242123.06,14617656.82
122,2025-03-08,136,3891.51,4843.3,12246014.57,14622500.12
122,2025-03-09,137,3891.51,4843.3,12249906.08,14627343.43
122,2025-03-10,138,3891.51,4843.3,12253797.58,14632186.73
122,2025-03-11,139,3891.51,4843.3,12257689.09,14637030.03
122,2025-03-12,140,3891.51,4843.3,12261580.6,14641873.33
122,2025-03-13,141,3891.51,4843.3,12265472.11,14646716.64
122,2025-03-14,142,3891.51,4843.3,12269363.62,14651559.94
122,2025-03-15,143,6866.96,8503.11,12276230.57,14660063.05
122,2025-03-16,144,6866.96,8503.11,12283097.53,14668566.15
122,2025-03-17,145,6866.96,8503.11,12289964.49,14677069.26
122,2025-03-18,146,6866.96,8503.11,12296831.45,14685572.37
122,2025-03-19,147,6866.96,8503.11,12303698.41,14694075.48
122,2025-03-20,148,6866.96,8503.11,12310565.36,14702578.58
122,2025-03-21,149,6866.96,8503.11,12317432.32,14711081.69
122,2025-03-22,150,6866.96,8503.11,12324299.28,14719584.8
122,2025-03-23,151,6866.96,8503.11,12331166.24,14728087.9
122,2025-03-24,152,6866.96,8503.11,12338033.2,14736591.01
122,2025-03-25,153,6866.96,8503.11,12344900.15,14745094.12
122,2025-03-26,154,5662.09,6997.02,12350562.24,14752091.14
122,2025-03-27,155,5662.09,6997.02,12356224.33,14759088.16
122,2025-03-28,156,5662.09,6997.02,12361886.42,14766085.18
122,2025-03-29,157,5662.09,6997.02,12367548.51,14773082.2
122,2025-03-30,158,5662.09,6997.02,12373210.59,14780079.21
122,2025-03-31,159,5662.09,6997.02,12378872.68,14787076.23
122,2025-04-01,160,5662.09,6997.02,12384534.77,14794073.25
122,2025-04-02,161,5662.09,6997.02,12390196.86,14801070.27
122,2025-04-03,162,5662.09,6997.02,12395858.95,14808067.29
122,2025-04-04,163,5662.09,6997.02,12401521.03,14815064.31
122,2025-04-05,164,5662.09,6997.02,12407183.12,14822061.33
122,2025-04-06,165,5662.09,6997.02,12412845.21,14829058.35
122,2025-04-07,166,5662.09,6997.02,12418507.3,14836055.37
122,2025-04-08,167,3238.97,3968.12,12421746.27,14840023.49
122,2025-04-09,168,3238.97,3968.12,12424985.24,14843991.61
122,2025-04-10,169,3238.97,3968.12,12428224.21,14847959.74
122,2025-04-11,170,3238.97,3968.12,12431463.18,14851927.86
122,2025-04-12,171,3238.97,3968.12,12434702.15,14855895.98
122,2025-04-13,172,3238.97,3968.12,12437941.12,14859864.1
122,2025-04-14,173,3238.97,3968.12,12441180.09,14863832.23
122,2025-04-15,174,3238.97,3968.12,12444419.06,14867800.35
122,2025-04-16,175,3238.97,3968.12,12447658.03,14871768.47
122,2025-04-17,176,3238.97,3968.12,12450897,14875736.59
122,2025-04-18,177,3238.97,3968.12,12454135.97,14879704.72
122,2025-04-19,178,3238.97,3968.12,12457374.94,14883672.84
122,2025-04-20,179,3238.97,3968.12,12460613.91,14887640.96
122,2025-04-21,180,3238.97,3968.12,12463852.88,14891609.08
122,2025-04-22,181,3238.97,3968.12,12467091.85,14895577.21
122,2025-04-23,182,3238.97,3968.12,12470330.83,14899545.33
122,2025-04-24,183,3238.97,3968.12,12473569.8,14903513.45
122,2025-04-25,184,3238.97,3968.12,12476808.77,14907481.57
122,2025-04-26,185,3238.97,3968.12,12480047.74,14911449.7
122,2025-04-27,186,3238.97,3968.12,12483286.71,14915417.82
122,2025-04-28,187,3238.97,3968.12,12486525.68,14919385.94
122,2025-04-29,188,3238.97,3968.12,12489764.65,14923354.06
122,2025-04-30,189,3238.97,3968.12,12493003.62,14927322.19
122,2025-05-01,190,3238.97,3968.12,12496242.59,14931290.31
122,2025-05-02,191,3238.97,3968.12,12499481.56,14935258.43
122,2025-05-03,192,3238.97,3968.12,12502720.53,14939226.55
122,2025-05-04,193,3238.97,3968.12,12505959.5,14943194.67
122,2025-05-05,194,3238.97,3968.12,12509198.47,14947162.8
122,2025-05-06,195,3238.97,3968.12,12512437.44,14951130.92
122,2025-05-07,196,3238.97,3968.12,12515676.41,14955099.04
122,2025-05-08,197,3238.97,3968.12,12518915.38,14959067.16
122,2025-05-09,198,3238.97,3968.12,12522154.35,14963035.29
122,2025-05-10,199,3238.97,3968.12,12525393.32,14967003.41
122,2025-05-11,200,3238.97,3968.12,12528632.29,14970971.53
122,2025-05-12,201,3238.97,3968.12,12531871.26,14974939.65
122,2025-05-13,202,3238.97,3968.12,12535110.23,14978907.78
122,2025-05-14,203,3238.97,3968.12,12538349.2,14982875.9
122,2025-05-15,204,3238.97,3968.12,12541588.17,14986844.02
122,2025-05-16,205,3238.97,3968.12,12544827.14,14990812.14
122,2025-05-17,206,3238.97,3968.12,12548066.11,14994780.27
122,2025-05-18,207,3238.97,3968.12,12551305.09,14998748.39
122,2025-05-19,208,3238.97,3968.12,12554544.06,15002716.51
122,2025-05-20,209,3238.97,3968.12,12557783.03,15006684.63
122,2025-05-21,210,3238.97,3968.12,12561022,15010652.76
122,2025-05-22,211,3238.97,3968.12,12564260.97,15014620.88
122,2025-05-23,212,3238.97,3968.12,12567499.94,15018589
122,2025-05-24,213,3238.97,3968.12,12570738.91,15022557.12
122,2025-05-25,214,3238.97,3968.12,12573977.88,15026525.24
122,2025-05-26,215,3238.97,3968.12,12577216.85,15030493.37
122,2025-05-27,216,3238.97,3968.12,12580455.82,15034461.49
122,2025-05-28,217,3238.97,3968.12,12583694.79,15038429.61
122,2025-05-29,218,3238.97,3968.12,12586933.76,15042397.73
122,2025-05-30,219,3238.97,3968.12,12590172.73,15046365.86
122,2025-05-31,220,3238.97,3968.12,12593411.7,15050333.98
122,2025-06-01,221,3238.97,3968.12,12596650.67,15054302.1
122,2025-06-02,222,3238.97,3968.12,12599889.64,15058270.22
122,2025-06-03,223,3238.97,3968.12,12603128.61,15062238.35
122,2025-06-04,224,3238.97,3968.12,12606367.58,15066206.47
122,2025-06-05,225,3238.97,3968.12,12609606.55,15070174.59
122,2025-06-06,226,3238.97,3968.12,12612845.52,15074142.71
122,2025-06-07,227,3238.97,3968.12,12616084.49,15078110.84
122,2025-06-08,228,3238.97,3968.12,12619323.46,15082078.96
122,2025-06-09,229,3238.97,3968.12,12622562.43,15086047.08
122,2025-06-10,230,3238.97,3968.12,12625801.4,15090015.2
122,2025-06-11,231,3238.97,3968.12,12629040.37,15093983.33
122,2025-06-12,232,3238.97,3968.12,12632279.35,15097951.45
122,2025-06-13,233,3238.97,3968.12,12635518.32,15101919.57
122,2025-06-14,234,3238.97,3968.12,12638757.29,15105887.69
122,2025-06-15,235,3238.97,3968.12,12641996.26,15109855.81
122,2025-06-16,236,3238.97,3968.12,12645235.23,15113823.94
122,2025-06-17,237,3238.97,3968.12,12648474.2,15117792.06
122,2025-06-18,238,3238.97,3968.12,12651713.17,15121760.18
122,2025-06-19,239,3238.97,3968.12,12654952.14,15125728.3
122,2025-06-20,240,3238.97,3968.12,12658191.11,15129696.43
122,2025-06-21,241,3238.97,3968.12,12661430.08,15133664.55
122,2025-06-22,242,3238.97,3968.12,12664669.05,15137632.67
122,2025-06-23,243,3238.97,3968.12,12667908.02,15141600.79
122,2025-06-24,244,3238.97,3968.12,12671146.99,15145568.92
122,2025-06-25,245,3238.97,3968.12,12674385.96,15149537.04
122,2025-06-26,246,3238.97,3968.12,12677624.93,15153505.16
122,2025-06-27,247,3238.97,3968.12,12680863.9,15157473.28
122,2025-06-28,248,3238.97,3968.12,12684102.87,15161441.41
122,2025-06-29,249,3238.97,3968.12,12687341.84,15165409.53
122,2025-06-30,250,3238.97,3968.12,12690580.81,15169377.65
122,2025-07-01,251,3238.97,3968.12,12693819.78,15173345.77
122,2025-07-02,252,3238.97,3968.12,12697058.75,15177313.9
122,2025-07-03,253,3238.97,3968.12,12700297.72,15181282.02
122,2025-07-04,254,3238.97,3968.12,12703536.69,15185250.14
122,2025-07-05,255,3238.97,3968.12,12706775.66,15189218.26
122,2025-07-06,256,3238.97,3968.12,12710014.63,15193186.38
122,2025-07-07,257,3238.97,3968.12,12713253.61,15197154.51
122,2025-07-08,258,3238.97,3968.12,12716492.58,15201122.63
122,2025-07-09,259,3238.97,3968.12,12719731.55,15205090.75
122,2025-07-10,260,3238.97,3968.12,12722970.52,15209058.87
122,2025-07-11,261,3238.97,3968.12,12726209.49,15213027
122,2025-07-12,262,3238.97,3968.12,12729448.46,15216995.12
122,2025-07-13,263,3238.97,3968.12,12732687.43,15220963.24
122,2025-07-14,264,3238.97,3968.12,12735926.4,15224931.36
122,2025-07-15,265,3238.97,3968.12,12739165.37,15228899.49
122,2025-07-16,266,3238.97,3968.12,12742404.34,15232867.61
122,2025-07-17,267,3238.97,3968.12,12745643.31,15236835.73
122,2025-07-18,268,3238.97,3968.12,12748882.28,15240803.85
122,2025-07-19,269,3238.97,3968.12,12752121.25,15244771.98
122,2025-07-20,270,3238.97,3968.12,12755360.22,15248740.1
122,2025-07-21,271,3238.97,3968.12,12758599.19,15252708.22
122,2025-07-22,272,3238.97,3968.12,12761838.16,15256676.34
122,2025-07-23,273,3238.97,3968.12,12765077.13,15260644.47
122,2025-07-24,274,3238.97,3968.12,12768316.1,15264612.59
122,2025-07-25,275,3238.97,3968.12,12771555.07,15268580.71
122,2025-07-26,276,3238.97,3968.12,12774794.04,15272548.83
122,2025-07-27,277,3238.97,3968.12,12778033.01,15276516.95
122,2025-07-28,278,3238.97,3968.12,12781271.98,15280485.08
122,2025-07-29,279,3238.97,3968.12,12784510.95,15284453.2
122,2025-07-30,280,3238.97,3968.12,12787749.92,15288421.32
122,2025-07-31,281,3238.97,3968.12,12790988.89,15292389.44
122,2025-08-01,282,3238.97,3968.12,12794227.86,15296357.57
122,2025-08-02,283,3238.97,3968.12,12797466.84,15300325.69
122,2025-08-03,284,3238.97,3968.12,12800705.81,15304293.81
122,2025-08-04,285,3238.97,3968.12,12803944.78,15308261.93
122,2025-08-05,286,3238.97,3968.12,12807183.75,15312230.06
122,2025-08-06,287,3238.97,3968.12,12810422.72,15316198.18
122,2025-08-07,288,3238.97,3968.12,12813661.69,15320166.3
122,2025-08-08,289,3238.97,3968.12,12816900.66,15324134.42
122,2025-08-09,290,3238.97,3968.12,12820139.63,15328102.55
122,2025-08-10,291,3238.97,3968.12,12823378.6,15332070.67
122,2025-08-11,292,3238.97,3968.12,12826617.57,15336038.79
122,2025-08-12,293,3238.97,3968.12,12829856.54,15340006.91
122,2025-08-13,294,263.52,308.32,12830120.06,15340315.23
122,2025-08-14,295,263.52,308.32,12830383.58,15340623.55
122,2025-08-15,296,263.52,308.32,12830647.1,15340931.87
122,2025-08-16,297,263.52,308.32,12830910.62,15341240.19
122,2025-08-17,298,263.52,308.32,12831174.14,15341548.51
122,2025-08-18,299,263.52,308.32,12831437.66,15341856.82
122,2025-08-19,300,263.52,308.32,12831701.18,15342165.14
122,2025-08-20,301,263.52,308.32,12831964.7,15342473.46
122,2025-08-21,302,263.52,308.32,12832228.22,15342781.78
122,2025-08-22,303,263.52,308.32,12832491.74,15343090.1
123,2024-11-05,1,331.76,368.25,12832823.5,15343458.35
123,2024-11-06,2,331.76,368.25,12833155.26,15343826.6
123,2024-11-07,3,331.76,368.25,12833487.01,15344194.85
123,2024-11-08,4,331.76,368.25,12833818.77,15344563.1
123,2024-11-09,5,331.76,368.25,12834150.53,15344931.36
123,2024-11-10,6,2603.03,2889.36,12836753.56,15347820.72
123,2024-11-11,7,2603.03,2889.36,12839356.59,15350710.08
123,2024-11-12,8,2603.03,2889.36,12841959.62,15353599.45
123,2024-11-13,9,2603.03,2889.36,12844562.65,15356488.81
123,2024-11-14,10,2603.03,2889.36,12847165.68,15359378.18
123,2024-11-15,11,2603.03,2889.36,12849768.72,15362267.54
123,2024-11-16,12,2603.03,2889.36,12852371.75,15365156.9
123,2024-11-17,13,2603.03,2889.36,12854974.78,15368046.27
123,2024-11-18,14,2603.03,2889.36,12857577.81,15370935.63
123,2024-11-19,15,2603.03,2889.36,12860180.84,15373825
123,2024-11-20,16,2603.03,2889.36,12862783.87,15376714.36
123,2024-11-21,17,2603.03,2889.36,12865386.9,15379603.73
123,2024-11-22,18,2603.03,2889.36,12867989.93,15382493.09
123,2024-11-23,19,2603.03,2889.36,12870592.96,15385382.45
123,2024-11-24,20,2603.03,2889.36,12873195.99,15388271.82
123,2024-11-25,21,2603.03,2889.36,12875799.02,15391161.18
123,2024-11-26,22,2603.03,2889.36,12878402.05,15394050.55
123,2024-11-27,23,2603.03,2889.36,12881005.08,15396939.91
123,2024-11-28,24,2603.03,2889.36,12883608.12,15399829.27
123,2024-11-29,25,2603.03,2889.36,12886211.15,15402718.64
123,2024-11-30,26,2603.03,2889.36,12888814.18,15405608
123,2024-12-01,27,2603.03,2889.36,12891417.21,15408497.37
123,2024-12-02,28,2603.03,2889.36,12894020.24,15411386.73
123,2024-12-03,29,2603.03,2889.36,12896623.27,15414276.1
123,2024-12-04,30,2603.03,2889.36,12899226.3,15417165.46
123,2024-12-05,31,2603.03,2889.36,12901829.33,15420054.82
123,2024-12-06,32,2603.03,2889.36,12904432.36,15422944.19
123,2024-12-07,33,2603.03,2889.36,12907035.39,15425833.55
123,2024-12-08,34,2603.03,2889.36,12909638.42,15428722.92
123,2024-12-09,35,2603.03,2889.36,12912241.45,15431612.28
123,2024-12-10,36,2603.03,2889.36,12914844.49,15434501.64
123,2024-12-11,37,2603.03,2889.36,12917447.52,15437391.01
123,2024-12-12,38,3903.32,4449.71,12921350.83,15441840.72
123,2024-12-13,39,1632.05,1928.6,12922982.88,15443769.32
123,2024-12-14,40,1632.05,1928.6,12924614.93,15445697.91
123,2024-12-15,41,1632.05,1928.6,12926246.97,15447626.51
123,2024-12-16,42,1632.05,1928.6,12927879.02,15449555.11
123,2024-12-17,43,1632.05,1928.6,12929511.07,15451483.7
123,2024-12-18,44,1632.05,1928.6,12931143.11,15453412.3
123,2024-12-19,45,1632.05,1928.6,12932775.16,15455340.9
123,2024-12-20,46,1632.05,1928.6,12934407.2,15457269.5
123,2024-12-21,47,1632.05,1928.6,12936039.25,15459198.09
123,2024-12-22,48,1632.05,1928.6,12937671.3,15461126.69
123,2024-12-23,49,1632.05,1928.6,12939303.34,15463055.29
123,2024-12-24,50,1632.05,1928.6,12940935.39,15464983.88
123,2024-12-25,51,1632.05,1928.6,12942567.43,15466912.48
123,2024-12-26,52,1632.05,1928.6,12944199.48,15468841.08
123,2024-12-27,53,1632.05,1928.6,12945831.53,15470769.67
123,2024-12-28,54,1632.05,1928.6,12947463.57,15472698.27
123,2024-12-29,55,1632.05,1928.6,12949095.62,15474626.87
123,2024-12-30,56,1632.05,1928.6,12950727.66,15476555.47
123,2024-12-31,57,1632.05,1928.6,12952359.71,15478484.06
123,2025-01-01,58,1632.05,1928.6,12953991.76,15480412.66
123,2025-01-02,59,1632.05,1928.6,12955623.8,15482341.26
123,2025-01-03,60,1632.05,1928.6,12957255.85,15484269.85
123,2025-01-04,61,1632.05,1928.6,12958887.89,15486198.45
123,2025-01-05,62,1632.05,1928.6,12960519.94,15488127.05
123,2025-01-06,63,1632.05,1928.6,12962151.99,15490055.65
123,2025-01-07,64,1632.05,1928.6,12963784.03,15491984.24
123,2025-01-08,65,1632.05,1928.6,12965416.08,15493912.84
123,2025-01-09,66,1632.05,1928.6,12967048.12,15495841.44
123,2025-01-10,67,1632.05,1928.6,12968680.17,15497770.03
123,2025-01-11,68,1632.05,1928.6,12970312.22,15499698.63
123,2025-01-12,69,1632.05,1928.6,12971944.26,15501627.23
123,2025-01-13,70,1632.05,1928.6,12973576.31,15503555.82
123,2025-01-14,71,1632.05,1928.6,12975208.36,15505484.42
123,2025-01-15,72,1632.05,1928.6,12976840.4,15507413.02
123,2025-01-16,73,1632.05,1928.6,12978472.45,15509341.62
123,2025-01-17,74,1632.05,1928.6,12980104.49,15511270.21
123,2025-01-18,75,1632.05,1928.6,12981736.54,15513198.81
123,2025-01-19,76,1632.05,1928.6,12983368.59,15515127.41
123,2025-01-20,77,1632.05,1928.6,12985000.63,15517056
123,2025-01-21,78,1632.05,1928.6,12986632.68,15518984.6
123,2025-01-22,79,1632.05,1928.6,12988264.72,15520913.2
123,2025-01-23,80,1632.05,1928.6,12989896.77,15522841.8
123,2025-01-24,81,1632.05,1928.6,12991528.82,15524770.39
123,2025-01-25,82,1632.05,1928.6,12993160.86,15526698.99
123,2025-01-26,83,1632.05,1928.6,12994792.91,15528627.59
123,2025-01-27,84,1632.05,1928.6,12996424.95,15530556.18
123,2025-01-28,85,1632.05,1928.6,12998057,15532484.78
123,2025-01-29,86,1632.05,1928.6,12999689.05,15534413.38
123,2025-01-30,87,1632.05,1928.6,13001321.09,15536341.97
123,2025-01-31,88,1632.05,1928.6,13002953.14,15538270.57
123,2025-02-01,89,1632.05,1928.6,13004585.18,15540199.17
123,2025-02-02,90,1632.05,1928.6,13006217.23,15542127.77
123,2025-02-03,91,1632.05,1928.6,13007849.28,15544056.36
123,2025-02-04,92,1632.05,1928.6,13009481.32,15545984.96
123,2025-02-05,93,1632.05,1928.6,13011113.37,15547913.56
123,2025-02-06,94,1632.05,1928.6,13012745.41,15549842.15
123,2025-02-07,95,1632.05,1928.6,13014377.46,15551770.75
123,2025-02-08,96,1632.05,1928.6,13016009.51,15553699.35
123,2025-02-09,97,1632.05,1928.6,13017641.55,15555627.95
123,2025-02-10,98,1632.05,1928.6,13019273.6,15557556.54
123,2025-02-11,99,1632.05,1928.6,13020905.65,15559485.14
123,2025-02-12,100,1632.05,1928.6,13022537.69,15561413.74
123,2025-02-13,101,1632.05,1928.6,13024169.74,15563342.33
123,2025-02-14,102,1632.05,1928.6,13025801.78,15565270.93
123,2025-02-15,103,1632.05,1928.6,13027433.83,15567199.53
123,2025-02-16,104,1632.05,1928.6,13029065.88,15569128.12
123,2025-02-17,105,1632.05,1928.6,13030697.92,15571056.72
123,2025-02-18,106,1632.05,1928.6,13032329.97,15572985.32
123,2025-02-19,107,1632.05,1928.6,13033962.01,15574913.92
123,2025-02-20,108,1632.05,1928.6,13035594.06,15576842.51
123,2025-02-21,109,1632.05,1928.6,13037226.11,15578771.11
123,2025-02-22,110,1632.05,1928.6,13038858.15,15580699.71
123,2025-02-23,111,1632.05,1928.6,13040490.2,15582628.3
123,2025-02-24,112,1632.05,1928.6,13042122.24,15584556.9
123,2025-02-25,113,1632.05,1928.6,13043754.29,15586485.5
123,2025-02-26,114,1632.05,1928.6,13045386.34,15588414.1
123,2025-02-27,115,1632.05,1928.6,13047018.38,15590342.69
123,2025-02-28,116,1632.05,1928.6,13048650.43,15592271.29
123,2025-03-01,117,1632.05,1928.6,13050282.47,15594199.89
123,2025-03-02,118,1632.05,1928.6,13051914.52,15596128.48
123,2025-03-03,119,1632.05,1928.6,13053546.57,15598057.08
123,2025-03-04,120,1632.05,1928.6,13055178.61,15599985.68
123,2025-03-05,121,1632.05,1928.6,13056810.66,15601914.27
123,2025-03-06,122,1632.05,1928.6,13058442.7,15603842.87
123,2025-03-07,123,1632.05,1928.6,13060074.75,15605771.47
123,2025-03-08,124,1632.05,1928.6,13061706.8,15607700.07
123,2025-03-09,125,1632.05,1928.6,13063338.84,15609628.66
123,2025-03-10,126,1632.05,1928.6,13064970.89,15611557.26
123,2025-03-11,127,1632.05,1928.6,13066602.94,15613485.86
123,2025-03-12,128,1632.05,1928.6,13068234.98,15615414.45
123,2025-03-13,129,1632.05,1928.6,13069867.03,15617343.05
123,2025-03-14,130,1632.05,1928.6,13071499.07,15619271.65
123,2025-03-15,131,1632.05,1928.6,13073131.12,15621200.25
123,2025-03-16,132,1632.05,1928.6,13074763.17,15623128.84
123,2025-03-17,133,1632.05,1928.6,13076395.21,15625057.44
123,2025-03-18,134,1632.05,1928.6,13078027.26,15626986.04
123,2025-03-19,135,1632.05,1928.6,13079659.3,15628914.63
123,2025-03-20,136,1632.05,1928.6,13081291.35,15630843.23
123,2025-03-21,137,1632.05,1928.6,13082923.4,15632771.83
123,2025-03-22,138,1632.05,1928.6,13084555.44,15634700.42
123,2025-03-23,139,1632.05,1928.6,13086187.49,15636629.02
123,2025-03-24,140,1632.05,1928.6,13087819.53,15638557.62
123,2025-03-25,141,1632.05,1928.6,13089451.58,15640486.22
123,2025-03-26,142,4479.74,5602.13,13093931.32,15646088.34
123,2025-03-27,143,4479.74,5602.13,13098411.07,15651690.47
123,2025-03-28,144,4479.74,5602.13,13102890.81,15657292.59
123,2025-03-29,145,4479.74,5602.13,13107370.55,15662894.72
123,2025-03-30,146,4479.74,5602.13,13111850.29,15668496.84
123,2025-03-31,147,4479.74,5602.13,13116330.04,15674098.97
123,2025-04-01,148,4479.74,5602.13,13120809.78,15679701.09
123,2025-04-02,149,4479.74,5602.13,13125289.52,15685303.22
123,2025-04-03,150,4479.74,5602.13,13129769.26,15690905.35
123,2025-04-04,151,4479.74,5602.13,13134249.01,15696507.47
123,2025-04-05,152,7525.97,9562.22,13141774.98,15706069.69
123,2025-04-06,153,7525.97,9562.22,13149300.95,15715631.91
123,2025-04-07,154,7525.97,9562.22,13156826.92,15725194.14
123,2025-04-08,155,7525.97,9562.22,13164352.89,15734756.36
123,2025-04-09,156,7525.97,9562.22,13171878.86,15744318.58
123,2025-04-10,157,7525.97,9562.22,13179404.83,15753880.8
123,2025-04-11,158,7525.97,9562.22,13186930.8,15763443.02
123,2025-04-12,159,7525.97,9562.22,13194456.77,15773005.25
123,2025-04-13,160,7525.97,9562.22,13201982.74,15782567.47
123,2025-04-14,161,7525.97,9562.22,13209508.71,15792129.69
123,2025-04-15,162,7525.97,9562.22,13217034.68,15801691.91
123,2025-04-16,163,6225.68,8001.88,13223260.36,15809693.79
123,2025-04-17,164,6225.68,8001.88,13229486.05,15817695.66
123,2025-04-18,165,6225.68,8001.88,13235711.73,15825697.54
123,2025-04-19,166,6225.68,8001.88,13241937.41,15833699.42
123,2025-04-20,167,6225.68,8001.88,13248163.09,15841701.29
123,2025-04-21,168,6225.68,8001.88,13254388.78,15849703.17
123,2025-04-22,169,6225.68,8001.88,13260614.46,15857705.05
123,2025-04-23,170,6225.68,8001.88,13266840.14,15865706.92
123,2025-04-24,171,6225.68,8001.88,13273065.82,15873708.8
123,2025-04-25,172,6225.68,8001.88,13279291.51,15881710.68
123,2025-04-26,173,6225.68,8001.88,13285517.19,15889712.55
123,2025-04-27,174,6225.68,8001.88,13291742.87,15897714.43
123,2025-04-28,175,6225.68,8001.88,13297968.55,15905716.3
123,2025-04-29,176,6225.68,8001.88,13304194.24,15913718.18
123,2025-04-30,177,6225.68,8001.88,13310419.92,15921720.06
123,2025-05-01,178,6225.68,8001.88,13316645.6,15929721.93
123,2025-05-02,179,6225.68,8001.88,13322871.29,15937723.81
123,2025-05-03,180,6225.68,8001.88,13329096.97,15945725.69
123,2025-05-04,181,6225.68,8001.88,13335322.65,15953727.56
123,2025-05-05,182,6225.68,8001.88,13341548.33,15961729.44
123,2025-05-06,183,6225.68,8001.88,13347774.02,15969731.32
123,2025-05-07,184,6225.68,8001.88,13353999.7,15977733.19
123,2025-05-08,185,6225.68,8001.88,13360225.38,15985735.07
123,2025-05-09,186,6225.68,8001.88,13366451.06,15993736.94
123,2025-05-10,187,6225.68,8001.88,13372676.75,16001738.82
123,2025-05-11,188,6225.68,8001.88,13378902.43,16009740.7
123,2025-05-12,189,6225.68,8001.88,13385128.11,16017742.57
123,2025-05-13,190,6225.68,8001.88,13391353.79,16025744.45
123,2025-05-14,191,6225.68,8001.88,13397579.48,16033746.33
123,2025-05-15,192,6225.68,8001.88,13403805.16,16041748.2
123,2025-05-16,193,6225.68,8001.88,13410030.84,16049750.08
123,2025-05-17,194,6225.68,8001.88,13416256.52,16057751.96
123,2025-05-18,195,6225.68,8001.88,13422482.21,16065753.83
123,2025-05-19,196,6225.68,8001.88,13428707.89,16073755.71
123,2025-05-20,197,6225.68,8001.88,13434933.57,16081757.58
123,2025-05-21,198,3377.99,4328.35,13438311.56,16086085.93
123,2025-05-22,199,3377.99,4328.35,13441689.54,16090414.28
123,2025-05-23,200,3377.99,4328.35,13445067.53,16094742.63
123,2025-05-24,201,3377.99,4328.35,13448445.52,16099070.98
123,2025-05-25,202,3377.99,4328.35,13451823.5,16103399.32
123,2025-05-26,203,3377.99,4328.35,13455201.49,16107727.67
123,2025-05-27,204,3377.99,4328.35,13458579.47,16112056.02
123,2025-05-28,205,3377.99,4328.35,13461957.46,16116384.37
123,2025-05-29,206,3377.99,4328.35,13465335.45,16120712.72
123,2025-05-30,207,3377.99,4328.35,13468713.43,16125041.06
123,2025-05-31,208,3377.99,4328.35,13472091.42,16129369.41
123,2025-06-01,209,3377.99,4328.35,13475469.41,16133697.76
123,2025-06-02,210,3377.99,4328.35,13478847.39,16138026.11
123,2025-06-03,211,3377.99,4328.35,13482225.38,16142354.46
123,2025-06-04,212,3377.99,4328.35,13485603.36,16146682.8
123,2025-06-05,213,3377.99,4328.35,13488981.35,16151011.15
123,2025-06-06,214,3377.99,4328.35,13492359.34,16155339.5
123,2025-06-07,215,3377.99,4328.35,13495737.32,16159667.85
123,2025-06-08,216,3377.99,4328.35,13499115.31,16163996.2
123,2025-06-09,217,3377.99,4328.35,13502493.29,16168324.54
123,2025-06-10,218,3377.99,4328.35,13505871.28,16172652.89
123,2025-06-11,219,3377.99,4328.35,13509249.27,16176981.24
123,2025-06-12,220,3377.99,4328.35,13512627.25,16181309.59
123,2025-06-13,221,3377.99,4328.35,13516005.24,16185637.93
123,2025-06-14,222,3377.99,4328.35,13519383.23,16189966.28
123,2025-06-15,223,3377.99,4328.35,13522761.21,16194294.63
123,2025-06-16,224,3377.99,4328.35,13526139.2,16198622.98
123,2025-06-17,225,3377.99,4328.35,13529517.18,16202951.33
123,2025-06-18,226,3377.99,4328.35,13532895.17,16207279.67
123,2025-06-19,227,3377.99,4328.35,13536273.16,16211608.02
123,2025-06-20,228,3377.99,4328.35,13539651.14,16215936.37
123,2025-06-21,229,3377.99,4328.35,13543029.13,16220264.72
123,2025-06-22,230,3377.99,4328.35,13546407.11,16224593.07
123,2025-06-23,231,3377.99,4328.35,13549785.1,16228921.41
123,2025-06-24,232,3377.99,4328.35,13553163.09,16233249.76
123,2025-06-25,233,3377.99,4328.35,13556541.07,16237578.11
123,2025-06-26,234,3377.99,4328.35,13559919.06,16241906.46
123,2025-06-27,235,3377.99,4328.35,13563297.04,16246234.81
123,2025-06-28,236,3377.99,4328.35,13566675.03,16250563.15
123,2025-06-29,237,3377.99,4328.35,13570053.02,16254891.5
123,2025-06-30,238,3377.99,4328.35,13573431,16259219.85
123,2025-07-01,239,3377.99,4328.35,13576808.99,16263548.2
123,2025-07-02,240,3377.99,4328.35,13580186.98,16267876.55
123,2025-07-03,241,3377.99,4328.35,13583564.96,16272204.89
123,2025-07-04,242,3377.99,4328.35,13586942.95,16276533.24
123,2025-07-05,243,3377.99,4328.35,13590320.93,16280861.59
123,2025-07-06,244,3377.99,4328.35,13593698.92,16285189.94
123,2025-07-07,245,3377.99,4328.35,13597076.91,16289518.29
123,2025-07-08,246,3377.99,4328.35,13600454.89,16293846.63
123,2025-07-09,247,3377.99,4328.35,13603832.88,16298174.98
123,2025-07-10,248,3377.99,4328.35,13607210.86,16302503.33
123,2025-07-11,249,3377.99,4328.35,13610588.85,16306831.68
123,2025-07-12,250,3377.99,4328.35,13613966.84,16311160.03
123,2025-07-13,251,3377.99,4328.35,13617344.82,16315488.37
123,2025-07-14,252,3377.99,4328.35,13620722.81,16319816.72
123,2025-07-15,253,3377.99,4328.35,13624100.8,16324145.07
123,2025-07-16,254,3377.99,4328.35,13627478.78,16328473.42
123,2025-07-17,255,3377.99,4328.35,13630856.77,16332801.77
123,2025-07-18,256,3377.99,4328.35,13634234.75,16337130.11
123,2025-07-19,257,3377.99,4328.35,13637612.74,16341458.46
123,2025-07-20,258,3377.99,4328.35,13640990.73,16345786.81
123,2025-07-21,259,3377.99,4328.35,13644368.71,16350115.16
123,2025-07-22,260,3377.99,4328.35,13647746.7,16354443.51
123,2025-07-23,261,3377.99,4328.35,13651124.68,16358771.85
123,2025-07-24,262,3377.99,4328.35,13654502.67,16363100.2
123,2025-07-25,263,3377.99,4328.35,13657880.66,16367428.55
123,2025-07-26,264,3377.99,4328.35,13661258.64,16371756.9
123,2025-07-27,265,3377.99,4328.35,13664636.63,16376085.24
123,2025-07-28,266,3377.99,4328.35,13668014.62,16380413.59
123,2025-07-29,267,3377.99,4328.35,13671392.6,16384741.94
123,2025-07-30,268,3377.99,4328.35,13674770.59,16389070.29
123,2025-07-31,269,3377.99,4328.35,13678148.57,16393398.64
123,2025-08-01,270,3377.99,4328.35,13681526.56,16397726.98
123,2025-08-02,271,3377.99,4328.35,13684904.55,16402055.33
123,2025-08-03,272,3377.99,4328.35,13688282.53,16406383.68
123,2025-08-04,273,3377.99,4328.35,13691660.52,16410712.03
123,2025-08-05,274,3377.99,4328.35,13695038.5,16415040.38
123,2025-08-06,275,3377.99,4328.35,13698416.49,16419368.72
123,2025-08-07,276,3377.99,4328.35,13701794.48,16423697.07
123,2025-08-08,277,3377.99,4328.35,13705172.46,16428025.42
123,2025-08-09,278,3377.99,4328.35,13708550.45,16432353.77
123,2025-08-10,279,3377.99,4328.35,13711928.44,16436682.12
123,2025-08-11,280,3377.99,4328.35,13715306.42,16441010.46
123,2025-08-12,281,3377.99,4328.35,13718684.41,16445338.81
123,2025-08-13,282,3377.99,4328.35,13722062.39,16449667.16
123,2025-08-14,283,3377.99,4328.35,13725440.38,16453995.51
123,2025-08-15,284,3377.99,4328.35,13728818.37,16458323.86
123,2025-08-16,285,3377.99,4328.35,13732196.35,16462652.2
123,2025-08-17,286,3377.99,4328.35,13735574.34,16466980.55
123,2025-08-18,287,3377.99,4328.35,13738952.32,16471308.9
123,2025-08-19,288,3377.99,4328.35,13742330.31,16475637.25
123,2025-08-20,289,3377.99,4328.35,13745708.3,16479965.6
123,2025-08-21,290,3377.99,4328.35,13749086.28,16484293.94
123,2025-08-22,291,3377.99,4328.35,13752464.27,16488622.29
123,2025-08-23,292,3377.99,4328.35,13755842.26,16492950.64
123,2025-08-24,293,3377.99,4328.35,13759220.24,16497278.99
123,2025-08-25,294,3377.99,4328.35,13762598.23,16501607.34
123,2025-08-26,295,3377.99,4328.35,13765976.21,16505935.68
123,2025-08-27,296,3377.99,4328.35,13769354.2,16510264.03
123,2025-08-28,297,3377.99,4328.35,13772732.19,16514592.38
123,2025-08-29,298,3377.99,4328.35,13776110.17,16518920.73
123,2025-08-30,299,3377.99,4328.35,13779488.16,16523249.08
123,2025-08-31,300,3377.99,4328.35,13782866.14,16527577.42
123,2025-09-01,301,3377.99,4328.35,13786244.13,16531905.77
123,2025-09-02,302,3377.99,4328.35,13789622.12,16536234.12
123,2025-09-03,303,3377.99,4328.35,13793000.1,16540562.47
123,2025-09-04,304,3377.99,4328.35,13796378.09,16544890.81
123,2025-09-05,305,3377.99,4328.35,13799756.07,16549219.16
123,2025-09-06,306,3377.99,4328.35,13803134.06,16553547.51
123,2025-09-07,307,3377.99,4328.35,13806512.05,16557875.86
123,2025-09-08,308,3377.99,4328.35,13809890.03,16562204.21
123,2025-09-09,309,3377.99,4328.35,13813268.02,16566532.55
123,2025-09-10,310,3377.99,4328.35,13816646.01,16570860.9
123,2025-09-11,311,3377.99,4328.35,13820023.99,16575189.25
123,2025-09-12,312,3377.99,4328.35,13823401.98,16579517.6
123,2025-09-13,313,3377.99,4328.35,13826779.96,16583845.95
123,2025-09-14,314,3377.99,4328.35,13830157.95,16588174.29
123,2025-09-15,315,3377.99,4328.35,13833535.94,16592502.64
123,2025-09-16,316,3377.99,4328.35,13836913.92,16596830.99
123,2025-09-17,317,3377.99,4328.35,13840291.91,16601159.34
123,2025-09-18,318,3377.99,4328.35,13843669.89,16605487.69
123,2025-09-19,319,3377.99,4328.35,13847047.88,16609816.03
123,2025-09-20,320,3377.99,4328.35,13850425.87,16614144.38
123,2025-09-21,321,3377.99,4328.35,13853803.85,16618472.73
123,2025-09-22,322,3377.99,4328.35,13857181.84,16622801.08
123,2025-09-23,323,331.76,368.25,13857513.6,16623169.33
123,2025-09-24,324,331.76,368.25,13857845.36,16623537.58
123,2025-09-25,325,331.76,368.25,13858177.11,16623905.83
123,2025-09-26,326,331.76,368.25,13858508.87,16624274.08
123,2025-09-27,327,331.76,368.25,13858840.63,16624642.34
123,2025-09-28,328,331.76,368.25,13859172.39,16625010.59
123,2025-09-29,329,331.76,368.25,13859504.15,16625378.84
123,2025-09-30,330,331.76,368.25,13859835.9,16625747.09
123,2025-10-01,331,331.76,368.25,13860167.66,16626115.34
123,2025-10-02,332,331.76,368.25,13860499.42,16626483.59
124,2024-12-18,1,409.78,520.42,13860909.2,16627004.01
124,2024-12-19,2,409.78,520.42,13861318.97,16627524.42
124,2024-12-20,3,409.78,520.42,13861728.75,16628044.84
124,2024-12-21,4,409.78,520.42,13862138.53,16628565.26
124,2024-12-22,5,409.78,520.42,13862548.3,16629085.67
124,2024-12-23,6,2550.87,3196.78,13865099.17,16632282.45
124,2024-12-24,7,2550.87,3196.78,13867650.04,16635479.23
124,2024-12-25,8,2550.87,3196.78,13870200.9,16638676.01
124,2024-12-26,9,2550.87,3196.78,13872751.77,16641872.79
124,2024-12-27,10,2550.87,3196.78,13875302.64,16645069.57
124,2024-12-28,11,2550.87,3196.78,13877853.5,16648266.35
124,2024-12-29,12,2550.87,3196.78,13880404.37,16651463.13
124,2024-12-30,13,2550.87,3196.78,13882955.24,16654659.91
124,2024-12-31,14,2550.87,3196.78,13885506.11,16657856.69
124,2025-01-01,15,2550.87,3196.78,13888056.97,16661053.47
124,2025-01-02,16,2550.87,3196.78,13890607.84,16664250.25
124,2025-01-03,17,2550.87,3196.78,13893158.71,16667447.03
124,2025-01-04,18,2550.87,3196.78,13895709.58,16670643.81
124,2025-01-05,19,2550.87,3196.78,13898260.44,16673840.59
124,2025-01-06,20,2550.87,3196.78,13900811.31,16677037.37
124,2025-01-07,21,2550.87,3196.78,13903362.18,16680234.15
124,2025-01-08,22,2550.87,3196.78,13905913.04,16683430.92
124,2025-01-09,23,2550.87,3196.78,13908463.91,16686627.7
124,2025-01-10,24,2550.87,3196.78,13911014.78,16689824.48
124,2025-01-11,25,2550.87,3196.78,13913565.65,16693021.26
124,2025-01-12,26,2550.87,3196.78,13916116.51,16696218.04
124,2025-01-13,27,2550.87,3196.78,13918667.38,16699414.82
124,2025-01-14,28,2550.87,3196.78,13921218.25,16702611.6
124,2025-01-15,29,2550.87,3196.78,13923769.12,16705808.38
124,2025-01-16,30,2550.87,3196.78,13926319.98,16709005.16
124,2025-01-17,31,2550.87,3196.78,13928870.85,16712201.94
124,2025-01-18,32,2550.87,3196.78,13931421.72,16715398.72
124,2025-01-19,33,2550.87,3196.78,13933972.58,16718595.5
124,2025-01-20,34,2550.87,3196.78,13936523.45,16721792.28
124,2025-01-21,35,2550.87,3196.78,13939074.32,16724989.06
124,2025-01-22,36,2550.87,3196.78,13941625.19,16728185.84
124,2025-01-23,37,2550.87,3196.78,13944176.05,16731382.62
124,2025-01-24,38,4361.53,5496.33,13948537.59,16736878.94
124,2025-01-25,39,2220.44,2819.96,13950758.03,16739698.91
124,2025-01-26,40,2220.44,2819.96,13952978.47,16742518.87
124,2025-01-27,41,2220.44,2819.96,13955198.92,16745338.83
124,2025-01-28,42,2220.44,2819.96,13957419.36,16748158.79
124,2025-01-29,43,2220.44,2819.96,13959639.8,16750978.76
124,2025-01-30,44,2220.44,2819.96,13961860.24,16753798.72
124,2025-01-31,45,2220.44,2819.96,13964080.69,16756618.68
124,2025-02-01,46,2220.44,2819.96,13966301.13,16759438.65
124,2025-02-02,47,2220.44,2819.96,13968521.57,16762258.61
124,2025-02-03,48,2220.44,2819.96,13970742.02,16765078.57
124,2025-02-04,49,2220.44,2819.96,13972962.46,16767898.53
124,2025-02-05,50,2220.44,2819.96,13975182.9,16770718.5
124,2025-02-06,51,2220.44,2819.96,13977403.35,16773538.46
124,2025-02-07,52,2220.44,2819.96,13979623.79,16776358.42
124,2025-02-08,53,2220.44,2819.96,13981844.23,16779178.38
124,2025-02-09,54,2220.44,2819.96,13984064.67,16781998.35
124,2025-02-10,55,2220.44,2819.96,13986285.12,16784818.31
124,2025-02-11,56,2220.44,2819.96,13988505.56,16787638.27
124,2025-02-12,57,2220.44,2819.96,13990726,16790458.23
124,2025-02-13,58,2220.44,2819.96,13992946.45,16793278.2
124,2025-02-14,59,2220.44,2819.96,13995166.89,16796098.16
124,2025-02-15,60,2220.44,2819.96,13997387.33,16798918.12
124,2025-02-16,61,2220.44,2819.96,13999607.78,16801738.08
124,2025-02-17,62,2220.44,2819.96,14001828.22,16804558.05
124,2025-02-18,63,2220.44,2819.96,14004048.66,16807378.01
124,2025-02-19,64,2220.44,2819.96,14006269.1,16810197.97
124,2025-02-20,65,2220.44,2819.96,14008489.55,16813017.93
124,2025-02-21,66,2220.44,2819.96,14010709.99,16815837.9
124,2025-02-22,67,2220.44,2819.96,14012930.43,16818657.86
124,2025-02-23,68,2220.44,2819.96,14015150.88,16821477.82
124,2025-02-24,69,2220.44,2819.96,14017371.32,16824297.78
124,2025-02-25,70,2220.44,2819.96,14019591.76,16827117.75
124,2025-02-26,71,2220.44,2819.96,14021812.21,16829937.71
124,2025-02-27,72,2220.44,2819.96,14024032.65,16832757.67
124,2025-02-28,73,2220.44,2819.96,14026253.09,16835577.64
124,2025-03-01,74,2220.44,2819.96,14028473.53,16838397.6
124,2025-03-02,75,2220.44,2819.96,14030693.98,16841217.56
124,2025-03-03,76,2220.44,2819.96,14032914.42,16844037.52
124,2025-03-04,77,2220.44,2819.96,14035134.86,16846857.49
124,2025-03-05,78,2220.44,2819.96,14037355.31,16849677.45
124,2025-03-06,79,2220.44,2819.96,14039575.75,16852497.41
124,2025-03-07,80,2220.44,2819.96,14041796.19,16855317.37
124,2025-03-08,81,2220.44,2819.96,14044016.64,16858137.34
124,2025-03-09,82,2220.44,2819.96,14046237.08,16860957.3
124,2025-03-10,83,2220.44,2819.96,14048457.52,16863777.26
124,2025-03-11,84,2220.44,2819.96,14050677.96,16866597.22
124,2025-03-12,85,2220.44,2819.96,14052898.41,16869417.19
124,2025-03-13,86,2220.44,2819.96,14055118.85,16872237.15
124,2025-03-14,87,2220.44,2819.96,14057339.29,16875057.11
124,2025-03-15,88,2220.44,2819.96,14059559.74,16877877.07
124,2025-03-16,89,2220.44,2819.96,14061780.18,16880697.04
124,2025-03-17,90,2220.44,2819.96,14064000.62,16883517
124,2025-03-18,91,2220.44,2819.96,14066221.07,16886336.96
124,2025-03-19,92,2220.44,2819.96,14068441.51,16889156.92
124,2025-03-20,93,2220.44,2819.96,14070661.95,16891976.89
124,2025-03-21,94,2220.44,2819.96,14072882.39,16894796.85
124,2025-03-22,95,2220.44,2819.96,14075102.84,16897616.81
124,2025-03-23,96,2220.44,2819.96,14077323.28,16900436.77
124,2025-03-24,97,2220.44,2819.96,14079543.72,16903256.74
124,2025-03-25,98,5668.29,6612.59,14085212.01,16909869.33
124,2025-03-26,99,5668.29,6612.59,14090880.3,16916481.92
124,2025-03-27,100,5668.29,6612.59,14096548.58,16923094.51
124,2025-03-28,101,5668.29,6612.59,14102216.87,16929707.1
124,2025-03-29,102,5668.29,6612.59,14107885.16,16936319.69
124,2025-03-30,103,5668.29,6612.59,14113553.44,16942932.28
124,2025-03-31,104,5668.29,6612.59,14119221.73,16949544.87
124,2025-04-01,105,5668.29,6612.59,14124890.02,16956157.46
124,2025-04-02,106,5668.29,6612.59,14130558.3,16962770.05
124,2025-04-03,107,5668.29,6612.59,14136226.59,16969382.64
124,2025-04-04,108,9478.04,11031.9,14145704.63,16980414.55
124,2025-04-05,109,9478.04,11031.9,14155182.67,16991446.45
124,2025-04-06,110,9478.04,11031.9,14164660.71,17002478.36
124,2025-04-07,111,9478.04,11031.9,14174138.75,17013510.26
124,2025-04-08,112,9478.04,11031.9,14183616.79,17024542.16
124,2025-04-09,113,9478.04,11031.9,14193094.83,17035574.07
124,2025-04-10,114,9478.04,11031.9,14202572.87,17046605.97
124,2025-04-11,115,9478.04,11031.9,14212050.91,17057637.88
124,2025-04-12,116,9478.04,11031.9,14221528.95,17068669.78
124,2025-04-13,117,9478.04,11031.9,14231006.99,17079701.68
124,2025-04-14,118,9478.04,11031.9,14240485.02,17090733.59
124,2025-04-15,119,7667.37,8732.36,14248152.4,17099465.94
124,2025-04-16,120,7667.37,8732.36,14255819.77,17108198.3
124,2025-04-17,121,7667.37,8732.36,14263487.14,17116930.66
124,2025-04-18,122,7667.37,8732.36,14271154.52,17125663.02
124,2025-04-19,123,7667.37,8732.36,14278821.89,17134395.37
124,2025-04-20,124,7667.37,8732.36,14286489.26,17143127.73
124,2025-04-21,125,7667.37,8732.36,14294156.63,17151860.09
124,2025-04-22,126,7667.37,8732.36,14301824.01,17160592.45
124,2025-04-23,127,7667.37,8732.36,14309491.38,17169324.8
124,2025-04-24,128,7667.37,8732.36,14317158.75,17178057.16
124,2025-04-25,129,7667.37,8732.36,14324826.13,17186789.52
124,2025-04-26,130,4219.53,4939.73,14329045.65,17191729.25
124,2025-04-27,131,4219.53,4939.73,14333265.18,17196668.98
124,2025-04-28,132,4219.53,4939.73,14337484.71,17201608.7
124,2025-04-29,133,4219.53,4939.73,14341704.24,17206548.43
124,2025-04-30,134,4219.53,4939.73,14345923.77,17211488.16
124,2025-05-01,135,4219.53,4939.73,14350143.3,17216427.89
124,2025-05-02,136,4219.53,4939.73,14354362.83,17221367.62
124,2025-05-03,137,4219.53,4939.73,14358582.36,17226307.35
124,2025-05-04,138,4219.53,4939.73,14362801.89,17231247.08
124,2025-05-05,139,4219.53,4939.73,14367021.42,17236186.81
124,2025-05-06,140,4219.53,4939.73,14371240.95,17241126.54
124,2025-05-07,141,4219.53,4939.73,14375460.47,17246066.27
124,2025-05-08,142,4219.53,4939.73,14379680,17251006
124,2025-05-09,143,4219.53,4939.73,14383899.53,17255945.72
124,2025-05-10,144,4219.53,4939.73,14388119.06,17260885.45
124,2025-05-11,145,4219.53,4939.73,14392338.59,17265825.18
124,2025-05-12,146,4219.53,4939.73,14396558.12,17270764.91
124,2025-05-13,147,4219.53,4939.73,14400777.65,17275704.64
124,2025-05-14,148,4219.53,4939.73,14404997.18,17280644.37
124,2025-05-15,149,4219.53,4939.73,14409216.71,17285584.1
124,2025-05-16,150,4219.53,4939.73,14413436.24,17290523.83
124,2025-05-17,151,4219.53,4939.73,14417655.77,17295463.56
124,2025-05-18,152,4219.53,4939.73,14421875.29,17300403.29
124,2025-05-19,153,4219.53,4939.73,14426094.82,17305343.02
124,2025-05-20,154,4219.53,4939.73,14430314.35,17310282.75
124,2025-05-21,155,4219.53,4939.73,14434533.88,17315222.47
124,2025-05-22,156,4219.53,4939.73,14438753.41,17320162.2
124,2025-05-23,157,4219.53,4939.73,14442972.94,17325101.93
124,2025-05-24,158,4219.53,4939.73,14447192.47,17330041.66
124,2025-05-25,159,4219.53,4939.73,14451412,17334981.39
124,2025-05-26,160,4219.53,4939.73,14455631.53,17339921.12
124,2025-05-27,161,4219.53,4939.73,14459851.06,17344860.85
124,2025-05-28,162,4219.53,4939.73,14464070.59,17349800.58
124,2025-05-29,163,4219.53,4939.73,14468290.11,17354740.31
124,2025-05-30,164,4219.53,4939.73,14472509.64,17359680.04
124,2025-05-31,165,4219.53,4939.73,14476729.17,17364619.77
124,2025-06-01,166,4219.53,4939.73,14480948.7,17369559.49
124,2025-06-02,167,4219.53,4939.73,14485168.23,17374499.22
124,2025-06-03,168,4219.53,4939.73,14489387.76,17379438.95
124,2025-06-04,169,4219.53,4939.73,14493607.29,17384378.68
124,2025-06-05,170,4219.53,4939.73,14497826.82,17389318.41
124,2025-06-06,171,4219.53,4939.73,14502046.35,17394258.14
124,2025-06-07,172,4219.53,4939.73,14506265.88,17399197.87
124,2025-06-08,173,4219.53,4939.73,14510485.4,17404137.6
124,2025-06-09,174,4219.53,4939.73,14514704.93,17409077.33
124,2025-06-10,175,4219.53,4939.73,14518924.46,17414017.06
124,2025-06-11,176,4219.53,4939.73,14523143.99,17418956.79
124,2025-06-12,177,4219.53,4939.73,14527363.52,17423896.51
124,2025-06-13,178,4219.53,4939.73,14531583.05,17428836.24
124,2025-06-14,179,4219.53,4939.73,14535802.58,17433775.97
124,2025-06-15,180,4219.53,4939.73,14540022.11,17438715.7
124,2025-06-16,181,4219.53,4939.73,14544241.64,17443655.43
124,2025-06-17,182,4219.53,4939.73,14548461.17,17448595.16
124,2025-06-18,183,4219.53,4939.73,14552680.7,17453534.89
124,2025-06-19,184,4219.53,4939.73,14556900.22,17458474.62
124,2025-06-20,185,4219.53,4939.73,14561119.75,17463414.35
124,2025-06-21,186,4219.53,4939.73,14565339.28,17468354.08
124,2025-06-22,187,4219.53,4939.73,14569558.81,17473293.81
124,2025-06-23,188,4219.53,4939.73,14573778.34,17478233.54
124,2025-06-24,189,4219.53,4939.73,14577997.87,17483173.26
124,2025-06-25,190,4219.53,4939.73,14582217.4,17488112.99
124,2025-06-26,191,4219.53,4939.73,14586436.93,17493052.72
124,2025-06-27,192,4219.53,4939.73,14590656.46,17497992.45
124,2025-06-28,193,4219.53,4939.73,14594875.99,17502932.18
124,2025-06-29,194,4219.53,4939.73,14599095.52,17507871.91
124,2025-06-30,195,4219.53,4939.73,14603315.04,17512811.64
124,2025-07-01,196,4219.53,4939.73,14607534.57,17517751.37
124,2025-07-02,197,4219.53,4939.73,14611754.1,17522691.1
124,2025-07-03,198,4219.53,4939.73,14615973.63,17527630.83
124,2025-07-04,199,4219.53,4939.73,14620193.16,17532570.56
124,2025-07-05,200,4219.53,4939.73,14624412.69,17537510.28
124,2025-07-06,201,4219.53,4939.73,14628632.22,17542450.01
124,2025-07-07,202,4219.53,4939.73,14632851.75,17547389.74
124,2025-07-08,203,4219.53,4939.73,14637071.28,17552329.47
124,2025-07-09,204,4219.53,4939.73,14641290.81,17557269.2
124,2025-07-10,205,4219.53,4939.73,14645510.34,17562208.93
124,2025-07-11,206,4219.53,4939.73,14649729.86,17567148.66
124,2025-07-12,207,4219.53,4939.73,14653949.39,17572088.39
124,2025-07-13,208,4219.53,4939.73,14658168.92,17577028.12
124,2025-07-14,209,4219.53,4939.73,14662388.45,17581967.85
124,2025-07-15,210,4219.53,4939.73,14666607.98,17586907.58
124,2025-07-16,211,4219.53,4939.73,14670827.51,17591847.3
124,2025-07-17,212,4219.53,4939.73,14675047.04,17596787.03
124,2025-07-18,213,4219.53,4939.73,14679266.57,17601726.76
124,2025-07-19,214,4219.53,4939.73,14683486.1,17606666.49
124,2025-07-20,215,4219.53,4939.73,14687705.63,17611606.22
124,2025-07-21,216,4219.53,4939.73,14691925.15,17616545.95
124,2025-07-22,217,4219.53,4939.73,14696144.68,17621485.68
124,2025-07-23,218,4219.53,4939.73,14700364.21,17626425.41
124,2025-07-24,219,4219.53,4939.73,14704583.74,17631365.14
124,2025-07-25,220,4219.53,4939.73,14708803.27,17636304.87
124,2025-07-26,221,4219.53,4939.73,14713022.8,17641244.6
124,2025-07-27,222,4219.53,4939.73,14717242.33,17646184.33
124,2025-07-28,223,4219.53,4939.73,14721461.86,17651124.05
124,2025-07-29,224,4219.53,4939.73,14725681.39,17656063.78
124,2025-07-30,225,4219.53,4939.73,14729900.92,17661003.51
124,2025-07-31,226,4219.53,4939.73,14734120.45,17665943.24
124,2025-08-01,227,4219.53,4939.73,14738339.97,17670882.97
124,2025-08-02,228,4219.53,4939.73,14742559.5,17675822.7
124,2025-08-03,229,4219.53,4939.73,14746779.03,17680762.43
124,2025-08-04,230,4219.53,4939.73,14750998.56,17685702.16
124,2025-08-05,231,4219.53,4939.73,14755218.09,17690641.89
124,2025-08-06,232,4219.53,4939.73,14759437.62,17695581.62
124,2025-08-07,233,4219.53,4939.73,14763657.15,17700521.35
124,2025-08-08,234,4219.53,4939.73,14767876.68,17705461.07
124,2025-08-09,235,4219.53,4939.73,14772096.21,17710400.8
124,2025-08-10,236,4219.53,4939.73,14776315.74,17715340.53
124,2025-08-11,237,4219.53,4939.73,14780535.27,17720280.26
124,2025-08-12,238,4219.53,4939.73,14784754.79,17725219.99
124,2025-08-13,239,4219.53,4939.73,14788974.32,17730159.72
124,2025-08-14,240,4219.53,4939.73,14793193.85,17735099.45
124,2025-08-15,241,4219.53,4939.73,14797413.38,17740039.18
124,2025-08-16,242,4219.53,4939.73,14801632.91,17744978.91
124,2025-08-17,243,4219.53,4939.73,14805852.44,17749918.64
124,2025-08-18,244,4219.53,4939.73,14810071.97,17754858.37
124,2025-08-19,245,4219.53,4939.73,14814291.5,17759798.09
124,2025-08-20,246,4219.53,4939.73,14818511.03,17764737.82
124,2025-08-21,247,4219.53,4939.73,14822730.56,17769677.55
124,2025-08-22,248,4219.53,4939.73,14826950.08,17774617.28
124,2025-08-23,249,4219.53,4939.73,14831169.61,17779557.01
124,2025-08-24,250,4219.53,4939.73,14835389.14,17784496.74
124,2025-08-25,251,4219.53,4939.73,14839608.67,17789436.47
124,2025-08-26,252,4219.53,4939.73,14843828.2,17794376.2
124,2025-08-27,253,4219.53,4939.73,14848047.73,17799315.93
124,2025-08-28,254,4219.53,4939.73,14852267.26,17804255.66
124,2025-08-29,255,4219.53,4939.73,14856486.79,17809195.39
124,2025-08-30,256,4219.53,4939.73,14860706.32,17814135.11
124,2025-08-31,257,4219.53,4939.73,14864925.85,17819074.84
124,2025-09-01,258,4219.53,4939.73,14869145.38,17824014.57
124,2025-09-02,259,4219.53,4939.73,14873364.9,17828954.3
124,2025-09-03,260,4219.53,4939.73,14877584.43,17833894.03
124,2025-09-04,261,4219.53,4939.73,14881803.96,17838833.76
124,2025-09-05,262,4219.53,4939.73,14886023.49,17843773.49
124,2025-09-06,263,4219.53,4939.73,14890243.02,17848713.22
124,2025-09-07,264,4219.53,4939.73,14894462.55,17853652.95
124,2025-09-08,265,4219.53,4939.73,14898682.08,17858592.68
124,2025-09-09,266,4219.53,4939.73,14902901.61,17863532.41
124,2025-09-10,267,4219.53,4939.73,14907121.14,17868472.14
124,2025-09-11,268,4219.53,4939.73,14911340.67,17873411.86
124,2025-09-12,269,4219.53,4939.73,14915560.2,17878351.59
124,2025-09-13,270,4219.53,4939.73,14919779.72,17883291.32
124,2025-09-14,271,4219.53,4939.73,14923999.25,17888231.05
124,2025-09-15,272,4219.53,4939.73,14928218.78,17893170.78
124,2025-09-16,273,4219.53,4939.73,14932438.31,17898110.51
124,2025-09-17,274,4219.53,4939.73,14936657.84,17903050.24
124,2025-09-18,275,4219.53,4939.73,14940877.37,17907989.97
124,2025-09-19,276,4219.53,4939.73,14945096.9,17912929.7
124,2025-09-20,277,4219.53,4939.73,14949316.43,17917869.43
124,2025-09-21,278,4219.53,4939.73,14953535.96,17922809.16
124,2025-09-22,279,4219.53,4939.73,14957755.49,17927748.88
124,2025-09-23,280,4219.53,4939.73,14961975.02,17932688.61
124,2025-09-24,281,4219.53,4939.73,14966194.54,17937628.34
124,2025-09-25,282,4219.53,4939.73,14970414.07,17942568.07
124,2025-09-26,283,4219.53,4939.73,14974633.6,17947507.8
124,2025-09-27,284,4219.53,4939.73,14978853.13,17952447.53
124,2025-09-28,285,4219.53,4939.73,14983072.66,17957387.26
124,2025-09-29,286,4219.53,4939.73,14987292.19,17962326.99
124,2025-09-30,287,4219.53,4939.73,14991511.72,17967266.72
124,2025-10-01,288,4219.53,4939.73,14995731.25,17972206.45
124,2025-10-02,289,4219.53,4939.73,14999950.78,17977146.18
124,2025-10-03,290,409.78,520.42,15000360.55,17977666.59
124,2025-10-04,291,409.78,520.42,15000770.33,17978187.01
124,2025-10-05,292,409.78,520.42,15001180.11,17978707.42
124,2025-10-06,293,409.78,520.42,15001589.88,17979227.84
124,2025-10-07,294,409.78,520.42,15001999.66,17979748.26
124,2025-10-08,295,409.78,520.42,15002409.43,17980268.67
124,2025-10-09,296,409.78,520.42,15002819.21,17980789.09
124,2025-10-10,297,409.78,520.42,15003228.99,17981309.5
124,2025-10-11,298,409.78,520.42,15003638.76,17981829.92
124,2025-10-12,299,409.78,520.42,15004048.54,17982350.34
