Project Number,Date,Day Number,Cost Per Day,Revenue Per Day,Cumulative Cost,Cumulative Revenue
106,2024-01-04,1,424.9638462,475.9595077,424.9638462,475.9595077
106,2024-01-05,2,424.9638462,475.9595077,849.9276923,951.9190154
106,2024-01-06,3,0,0,849.9276923,951.9190154
106,2024-01-07,4,0,0,849.9276923,951.9190154
106,2024-01-08,5,424.9638462,475.9595077,1274.891538,1427.878523
106,2024-01-09,6,4136.648057,4558.812139,5411.539595,5986.690662
106,2024-01-10,7,4136.648057,4558.812139,9548.187652,10545.5028
106,2024-01-11,8,4136.648057,4558.812139,13684.83571,15104.31494
106,2024-01-12,9,4136.648057,4558.812139,17821.48377,19663.12708
106,2024-01-13,10,0,0,17821.48377,19663.12708
106,2024-01-14,11,0,0,17821.48377,19663.12708
106,2024-01-15,12,4136.648057,4558.812139,21958.13182,24221.93922
106,2024-01-16,13,4136.648057,4558.812139,26094.77988,28780.75136
106,2024-01-17,14,4136.648057,4558.812139,30231.42794,33339.5635
106,2024-01-18,15,4136.648057,4558.812139,34368.07599,37898.37564
106,2024-01-19,16,4136.648057,4558.812139,38504.72405,42457.18778
106,2024-01-20,17,0,0,38504.72405,42457.18778
106,2024-01-21,18,0,0,38504.72405,42457.18778
106,2024-01-22,19,4136.648057,4558.812139,42641.37211,47015.99992
106,2024-01-23,20,4136.648057,4558.812139,46778.02016,51574.81206
106,2024-01-24,21,4136.648057,4558.812139,50914.66822,56133.62419
106,2024-01-25,22,4136.648057,4558.812139,55051.31628,60692.43633
106,2024-01-26,23,4136.648057,4558.812139,59187.96433,65251.24847
106,2024-01-27,24,0,0,59187.96433,65251.24847
106,2024-01-28,25,0,0,59187.96433,65251.24847
106,2024-01-29,26,4136.648057,4558.812139,63324.61239,69810.06061
106,2024-01-30,27,4136.648057,4558.812139,67461.26045,74368.87275
106,2024-01-31,28,4136.648057,4558.812139,71597.9085,78927.68489
106,2024-02-01,29,4136.648057,4558.812139,75734.55656,83486.49703
106,2024-02-02,30,4136.648057,4558.812139,79871.20462,88045.30917
106,2024-02-03,31,0,0,79871.20462,88045.30917
106,2024-02-04,32,0,0,79871.20462,88045.30917
106,2024-02-05,33,4136.648057,4558.812139,84007.85267,92604.12131
106,2024-02-06,34,4136.648057,4558.812139,88144.50073,97162.93345
106,2024-02-07,35,4136.648057,4558.812139,92281.14879,101721.7456
106,2024-02-08,36,4136.648057,4558.812139,96417.79684,106280.5577
106,2024-02-09,37,4136.648057,4558.812139,100554.4449,110839.3699
106,2024-02-10,38,0,0,100554.4449,110839.3699
106,2024-02-11,39,0,0,100554.4449,110839.3699
106,2024-02-12,40,4136.648057,4558.812139,104691.093,115398.182
106,2024-02-13,41,4136.648057,4558.812139,108827.741,119956.9941
106,2024-02-14,42,4136.648057,4558.812139,112964.3891,124515.8063
106,2024-02-15,43,4136.648057,4558.812139,117101.0371,129074.6184
106,2024-02-16,44,4136.648057,4558.812139,121237.6852,133633.4306
106,2024-02-17,45,0,0,121237.6852,133633.4306
106,2024-02-18,46,0,0,121237.6852,133633.4306
106,2024-02-19,47,4136.648057,4558.812139,125374.3332,138192.2427
106,2024-02-20,48,4136.648057,4558.812139,129510.9813,142751.0548
106,2024-02-21,49,4136.648057,4558.812139,133647.6294,147309.867
106,2024-02-22,50,4136.648057,4558.812139,137784.2774,151868.6791
106,2024-02-23,51,4136.648057,4558.812139,141920.9255,156427.4913
106,2024-02-24,52,0,0,141920.9255,156427.4913
106,2024-02-25,53,0,0,141920.9255,156427.4913
106,2024-02-26,54,4136.648057,4558.812139,146057.5735,160986.3034
106,2024-02-27,55,4136.648057,4558.812139,150194.2216,165545.1155
106,2024-02-28,56,4136.648057,4558.812139,154330.8696,170103.9277
106,2024-02-29,57,5868.184289,6550.078806,160199.0539,176654.0065
106,2024-03-01,58,2156.500078,2467.226174,162355.554,179121.2327
106,2024-03-02,59,0,0,162355.554,179121.2327
106,2024-03-03,60,0,0,162355.554,179121.2327
106,2024-03-04,61,2156.500078,2467.226174,164512.0541,181588.4588
106,2024-03-05,62,2156.500078,2467.226174,166668.5542,184055.685
106,2024-03-06,63,2156.500078,2467.226174,168825.0542,186522.9112
106,2024-03-07,64,2156.500078,2467.226174,170981.5543,188990.1374
106,2024-03-08,65,2156.500078,2467.226174,173138.0544,191457.3635
106,2024-03-09,66,0,0,173138.0544,191457.3635
106,2024-03-10,67,0,0,173138.0544,191457.3635
106,2024-03-11,68,2156.500078,2467.226174,175294.5545,193924.5897
106,2024-03-12,69,2156.500078,2467.226174,177451.0545,196391.8159
106,2024-03-13,70,2156.500078,2467.226174,179607.5546,198859.0421
106,2024-03-14,71,2156.500078,2467.226174,181764.0547,201326.2682
106,2024-03-15,72,2156.500078,2467.226174,183920.5548,203793.4944
106,2024-03-16,73,0,0,183920.5548,203793.4944
106,2024-03-17,74,0,0,183920.5548,203793.4944
106,2024-03-18,75,2156.500078,2467.226174,186077.0549,206260.7206
106,2024-03-19,76,2156.500078,2467.226174,188233.5549,208727.9467
106,2024-03-20,77,2156.500078,2467.226174,190390.055,211195.1729
106,2024-03-21,78,2156.500078,2467.226174,192546.5551,213662.3991
106,2024-03-22,79,2156.500078,2467.226174,194703.0552,216129.6253
106,2024-03-23,80,0,0,194703.0552,216129.6253
106,2024-03-24,81,0,0,194703.0552,216129.6253
106,2024-03-25,82,2156.500078,2467.226174,196859.5553,218596.8514
106,2024-03-26,83,2156.500078,2467.226174,199016.0553,221064.0776
106,2024-03-27,84,2156.500078,2467.226174,201172.5554,223531.3038
106,2024-03-28,85,2156.500078,2467.226174,203329.0555,225998.53
106,2024-03-29,86,2156.500078,2467.226174,205485.5556,228465.7561
106,2024-03-30,87,0,0,205485.5556,228465.7561
106,2024-03-31,88,0,0,205485.5556,228465.7561
106,2024-04-01,89,2156.500078,2467.226174,207642.0556,230932.9823
106,2024-04-02,90,2156.500078,2467.226174,209798.5557,233400.2085
106,2024-04-03,91,2156.500078,2467.226174,211955.0558,235867.4347
106,2024-04-04,92,2156.500078,2467.226174,214111.5559,238334.6608
106,2024-04-05,93,2156.500078,2467.226174,216268.056,240801.887
106,2024-04-06,94,0,0,216268.056,240801.887
106,2024-04-07,95,0,0,216268.056,240801.887
106,2024-04-08,96,2156.500078,2467.226174,218424.556,243269.1132
106,2024-04-09,97,2156.500078,2467.226174,220581.0561,245736.3394
106,2024-04-10,98,2156.500078,2467.226174,222737.5562,248203.5655
106,2024-04-11,99,2156.500078,2467.226174,224894.0563,250670.7917
106,2024-04-12,100,2156.500078,2467.226174,227050.5563,253138.0179
106,2024-04-13,101,0,0,227050.5563,253138.0179
106,2024-04-14,102,0,0,227050.5563,253138.0179
106,2024-04-15,103,2156.500078,2467.226174,229207.0564,255605.2441
106,2024-04-16,104,2156.500078,2467.226174,231363.5565,258072.4702
106,2024-04-17,105,2156.500078,2467.226174,233520.0566,260539.6964
106,2024-04-18,106,2156.500078,2467.226174,235676.5567,263006.9226
106,2024-04-19,107,2156.500078,2467.226174,237833.0567,265474.1488
106,2024-04-20,108,0,0,237833.0567,265474.1488
106,2024-04-21,109,0,0,237833.0567,265474.1488
106,2024-04-22,110,2156.500078,2467.226174,239989.5568,267941.3749
106,2024-04-23,111,2156.500078,2467.226174,242146.0569,270408.6011
106,2024-04-24,112,2156.500078,2467.226174,244302.557,272875.8273
106,2024-04-25,113,2156.500078,2467.226174,246459.057,275343.0535
106,2024-04-26,114,2156.500078,2467.226174,248615.5571,277810.2796
106,2024-04-27,115,0,0,248615.5571,277810.2796
106,2024-04-28,116,0,0,248615.5571,277810.2796
106,2024-04-29,117,2156.500078,2467.226174,250772.0572,280277.5058
106,2024-04-30,118,2156.500078,2467.226174,252928.5573,282744.732
106,2024-05-01,119,2156.500078,2467.226174,255085.0574,285211.9582
106,2024-05-02,120,2156.500078,2467.226174,257241.5574,287679.1843
106,2024-05-03,121,2156.500078,2467.226174,259398.0575,290146.4105
106,2024-05-04,122,0,0,259398.0575,290146.4105
106,2024-05-05,123,0,0,259398.0575,290146.4105
106,2024-05-06,124,2156.500078,2467.226174,261554.5576,292613.6367
106,2024-05-07,125,2156.500078,2467.226174,263711.0577,295080.8629
106,2024-05-08,126,2156.500078,2467.226174,265867.5577,297548.089
106,2024-05-09,127,2156.500078,2467.226174,268024.0578,300015.3152
106,2024-05-10,128,2156.500078,2467.226174,270180.5579,302482.5414
106,2024-05-11,129,0,0,270180.5579,302482.5414
106,2024-05-12,130,0,0,270180.5579,302482.5414
106,2024-05-13,131,2156.500078,2467.226174,272337.058,304949.7675
106,2024-05-14,132,2156.500078,2467.226174,274493.5581,307416.9937
106,2024-05-15,133,5876.638009,6968.593071,280370.1961,314385.5868
106,2024-05-16,134,5876.638009,6968.593071,286246.8341,321354.1799
106,2024-05-17,135,5876.638009,6968.593071,292123.4721,328322.7729
106,2024-05-18,136,0,0,292123.4721,328322.7729
106,2024-05-19,137,0,0,292123.4721,328322.7729
106,2024-05-20,138,5876.638009,6968.593071,298000.1101,335291.366
106,2024-05-21,139,5876.638009,6968.593071,303876.7481,342259.9591
106,2024-05-22,140,5876.638009,6968.593071,309753.3861,349228.5521
106,2024-05-23,141,5876.638009,6968.593071,315630.0241,356197.1452
106,2024-05-24,142,5876.638009,6968.593071,321506.6621,363165.7383
106,2024-05-25,143,0,0,321506.6621,363165.7383
106,2024-05-26,144,0,0,321506.6621,363165.7383
106,2024-05-27,145,9558.638009,11644.73307,331065.3001,374810.4714
106,2024-05-28,146,9558.638009,11644.73307,340623.9382,386455.2044
106,2024-05-29,147,9558.638009,11644.73307,350182.5762,398099.9375
106,2024-05-30,148,9558.638009,11644.73307,359741.2142,409744.6706
106,2024-05-31,149,9558.638009,11644.73307,369299.8522,421389.4036
106,2024-06-01,150,0,0,369299.8522,421389.4036
106,2024-06-02,151,0,0,369299.8522,421389.4036
106,2024-06-03,152,9558.638009,11644.73307,378858.4902,433034.1367
106,2024-06-04,153,9558.638009,11644.73307,388417.1282,444678.8698
106,2024-06-05,154,7827.101777,9653.466404,396244.23,454332.3362
106,2024-06-06,155,7827.101777,9653.466404,404071.3318,463985.8026
106,2024-06-07,156,7827.101777,9653.466404,411898.4335,473639.269
106,2024-06-08,157,0,0,411898.4335,473639.269
106,2024-06-09,158,0,0,411898.4335,473639.269
106,2024-06-10,159,7827.101777,9653.466404,419725.5353,483292.7354
106,2024-06-11,160,7827.101777,9653.466404,427552.6371,492946.2018
106,2024-06-12,161,7827.101777,9653.466404,435379.7389,502599.6682
106,2024-06-13,162,7827.101777,9653.466404,443206.8406,512253.1346
106,2024-06-14,163,7827.101777,9653.466404,451033.9424,521906.601
106,2024-06-15,164,0,0,451033.9424,521906.601
106,2024-06-16,165,0,0,451033.9424,521906.601
106,2024-06-17,166,7827.101777,9653.466404,458861.0442,531560.0674
106,2024-06-18,167,7827.101777,9653.466404,466688.146,541213.5338
106,2024-06-19,168,7827.101777,9653.466404,474515.2477,550867.0002
106,2024-06-20,169,7827.101777,9653.466404,482342.3495,560520.4666
106,2024-06-21,170,7827.101777,9653.466404,490169.4513,570173.933
106,2024-06-22,171,0,0,490169.4513,570173.933
106,2024-06-23,172,0,0,490169.4513,570173.933
106,2024-06-24,173,7827.101777,9653.466404,497996.5531,579827.3994
106,2024-06-25,174,4106.963846,5152.099508,502103.5169,584979.499
106,2024-06-26,175,4106.963846,5152.099508,506210.4808,590131.5985
106,2024-06-27,176,4106.963846,5152.099508,510317.4446,595283.698
106,2024-06-28,177,4106.963846,5152.099508,514424.4085,600435.7975
106,2024-06-29,178,0,0,514424.4085,600435.7975
106,2024-06-30,179,0,0,514424.4085,600435.7975
106,2024-07-01,180,4106.963846,5152.099508,518531.3723,605587.897
106,2024-07-02,181,4106.963846,5152.099508,522638.3362,610739.9965
106,2024-07-03,182,4106.963846,5152.099508,526745.3,615892.096
106,2024-07-04,183,4106.963846,5152.099508,530852.2638,621044.1955
106,2024-07-05,184,4106.963846,5152.099508,534959.2277,626196.295
106,2024-07-06,185,0,0,534959.2277,626196.295
106,2024-07-07,186,0,0,534959.2277,626196.295
106,2024-07-08,187,4106.963846,5152.099508,539066.1915,631348.3945
106,2024-07-09,188,4106.963846,5152.099508,543173.1554,636500.494
106,2024-07-10,189,4106.963846,5152.099508,547280.1192,641652.5935
106,2024-07-11,190,4106.963846,5152.099508,551387.0831,646804.693
106,2024-07-12,191,4106.963846,5152.099508,555494.0469,651956.7926
106,2024-07-13,192,0,0,555494.0469,651956.7926
106,2024-07-14,193,0,0,555494.0469,651956.7926
106,2024-07-15,194,4106.963846,5152.099508,559601.0108,657108.8921
106,2024-07-16,195,4106.963846,5152.099508,563707.9746,662260.9916
106,2024-07-17,196,4106.963846,5152.099508,567814.9385,667413.0911
106,2024-07-18,197,4106.963846,5152.099508,571921.9023,672565.1906
106,2024-07-19,198,4106.963846,5152.099508,576028.8662,677717.2901
106,2024-07-20,199,0,0,576028.8662,677717.2901
106,2024-07-21,200,0,0,576028.8662,677717.2901
106,2024-07-22,201,4106.963846,5152.099508,580135.83,682869.3896
106,2024-07-23,202,4106.963846,5152.099508,584242.7938,688021.4891
106,2024-07-24,203,4106.963846,5152.099508,588349.7577,693173.5886
106,2024-07-25,204,4106.963846,5152.099508,592456.7215,698325.6881
106,2024-07-26,205,4106.963846,5152.099508,596563.6854,703477.7876
106,2024-07-27,206,0,0,596563.6854,703477.7876
106,2024-07-28,207,0,0,596563.6854,703477.7876
106,2024-07-29,208,4106.963846,5152.099508,600670.6492,708629.8871
106,2024-07-30,209,4106.963846,5152.099508,604777.6131,713781.9866
106,2024-07-31,210,4106.963846,5152.099508,608884.5769,718934.0862
106,2024-08-01,211,4106.963846,5152.099508,612991.5408,724086.1857
106,2024-08-02,212,4106.963846,5152.099508,617098.5046,729238.2852
106,2024-08-03,213,0,0,617098.5046,729238.2852
106,2024-08-04,214,0,0,617098.5046,729238.2852
106,2024-08-05,215,4106.963846,5152.099508,621205.4685,734390.3847
106,2024-08-06,216,4106.963846,5152.099508,625312.4323,739542.4842
106,2024-08-07,217,4106.963846,5152.099508,629419.3962,744694.5837
106,2024-08-08,218,4106.963846,5152.099508,633526.36,749846.6832
106,2024-08-09,219,4106.963846,5152.099508,637633.3238,754998.7827
106,2024-08-10,220,0,0,637633.3238,754998.7827
106,2024-08-11,221,0,0,637633.3238,754998.7827
106,2024-08-12,222,4106.963846,5152.099508,641740.2877,760150.8822
106,2024-08-13,223,4106.963846,5152.099508,645847.2515,765302.9817
106,2024-08-14,224,4106.963846,5152.099508,649954.2154,770455.0812
106,2024-08-15,225,4106.963846,5152.099508,654061.1792,775607.1807
106,2024-08-16,226,4106.963846,5152.099508,658168.1431,780759.2802
106,2024-08-17,227,0,0,658168.1431,780759.2802
106,2024-08-18,228,0,0,658168.1431,780759.2802
106,2024-08-19,229,4106.963846,5152.099508,662275.1069,785911.3798
106,2024-08-20,230,4106.963846,5152.099508,666382.0708,791063.4793
106,2024-08-21,231,4106.963846,5152.099508,670489.0346,796215.5788
106,2024-08-22,232,4106.963846,5152.099508,674595.9985,801367.6783
106,2024-08-23,233,4106.963846,5152.099508,678702.9623,806519.7778
106,2024-08-24,234,0,0,678702.9623,806519.7778
106,2024-08-25,235,0,0,678702.9623,806519.7778
106,2024-08-26,236,4106.963846,5152.099508,682809.9262,811671.8773
106,2024-08-27,237,4106.963846,5152.099508,686916.89,816823.9768
106,2024-08-28,238,4106.963846,5152.099508,691023.8538,821976.0763
106,2024-08-29,239,4106.963846,5152.099508,695130.8177,827128.1758
106,2024-08-30,240,4106.963846,5152.099508,699237.7815,832280.2753
106,2024-08-31,241,0,0,699237.7815,832280.2753
106,2024-09-01,242,0,0,699237.7815,832280.2753
106,2024-09-02,243,4106.963846,5152.099508,703344.7454,837432.3748
106,2024-09-03,244,4106.963846,5152.099508,707451.7092,842584.4743
106,2024-09-04,245,4106.963846,5152.099508,711558.6731,847736.5738
106,2024-09-05,246,4106.963846,5152.099508,715665.6369,852888.6734
106,2024-09-06,247,4106.963846,5152.099508,719772.6008,858040.7729
106,2024-09-07,248,0,0,719772.6008,858040.7729
106,2024-09-08,249,0,0,719772.6008,858040.7729
106,2024-09-09,250,4106.963846,5152.099508,723879.5646,863192.8724
106,2024-09-10,251,4106.963846,5152.099508,727986.5285,868344.9719
106,2024-09-11,252,4106.963846,5152.099508,732093.4923,873497.0714
106,2024-09-12,253,4106.963846,5152.099508,736200.4562,878649.1709
106,2024-09-13,254,4106.963846,5152.099508,740307.42,883801.2704
106,2024-09-14,255,0,0,740307.42,883801.2704
106,2024-09-15,256,0,0,740307.42,883801.2704
106,2024-09-16,257,4106.963846,5152.099508,744414.3838,888953.3699
106,2024-09-17,258,4106.963846,5152.099508,748521.3477,894105.4694
106,2024-09-18,259,4106.963846,5152.099508,752628.3115,899257.5689
106,2024-09-19,260,4106.963846,5152.099508,756735.2754,904409.6684
106,2024-09-20,261,4106.963846,5152.099508,760842.2392,909561.7679
106,2024-09-21,262,0,0,760842.2392,909561.7679
106,2024-09-22,263,0,0,760842.2392,909561.7679
106,2024-09-23,264,4106.963846,5152.099508,764949.2031,914713.8674
106,2024-09-24,265,4106.963846,5152.099508,769056.1669,919865.967
106,2024-09-25,266,4106.963846,5152.099508,773163.1308,925018.0665
106,2024-09-26,267,4106.963846,5152.099508,777270.0946,930170.166
106,2024-09-27,268,4106.963846,5152.099508,781377.0585,935322.2655
106,2024-09-28,269,0,0,781377.0585,935322.2655
106,2024-09-29,270,0,0,781377.0585,935322.2655
106,2024-09-30,271,4106.963846,5152.099508,785484.0223,940474.365
106,2024-10-01,272,4106.963846,5152.099508,789590.9862,945626.4645
106,2024-10-02,273,4106.963846,5152.099508,793697.95,950778.564
106,2024-10-03,274,4106.963846,5152.099508,797804.9138,955930.6635
106,2024-10-04,275,4106.963846,5152.099508,801911.8777,961082.763
106,2024-10-05,276,0,0,801911.8777,961082.763
106,2024-10-06,277,0,0,801911.8777,961082.763
106,2024-10-07,278,4106.963846,5152.099508,806018.8415,966234.8625
106,2024-10-08,279,4106.963846,5152.099508,810125.8054,971386.962
106,2024-10-09,280,4106.963846,5152.099508,814232.7692,976539.0615
106,2024-10-10,281,4106.963846,5152.099508,818339.7331,981691.161
106,2024-10-11,282,4106.963846,5152.099508,822446.6969,986843.2606
106,2024-10-12,283,0,0,822446.6969,986843.2606
106,2024-10-13,284,0,0,822446.6969,986843.2606
106,2024-10-14,285,424.9638462,475.9595077,822871.6608,987319.2201
106,2024-10-15,286,424.9638462,475.9595077,823296.6246,987795.1796
106,2024-10-16,287,424.9638462,475.9595077,823721.5885,988271.1391
106,2024-10-17,288,424.9638462,475.9595077,824146.5523,988747.0986
106,2024-10-18,289,424.9638462,475.9595077,824571.5162,989223.0581
106,2024-10-19,290,0,0,824571.5162,989223.0581
106,2024-10-20,291,0,0,824571.5162,989223.0581
106,2024-10-21,292,424.9638462,475.9595077,824996.48,989699.0176
107,2024-02-18,1,0,0,0,0
107,2024-02-19,2,269.3674359,315.1599,269.3674359,315.1599
107,2024-02-20,3,269.3674359,315.1599,538.7348718,630.3198
107,2024-02-21,4,269.3674359,315.1599,808.1023077,945.4797
107,2024-02-22,5,269.3674359,315.1599,1077.469744,1260.6396
107,2024-02-23,6,1630.556625,1826.0799,2708.026369,3086.7195
107,2024-02-24,7,0,0,2708.026369,3086.7195
107,2024-02-25,8,0,0,2708.026369,3086.7195
107,2024-02-26,9,1630.556625,1826.0799,4338.582994,4912.7994
107,2024-02-27,10,1630.556625,1826.0799,5969.139619,6738.8793
107,2024-02-28,11,1630.556625,1826.0799,7599.696244,8564.9592
107,2024-02-29,12,1630.556625,1826.0799,9230.252869,10391.0391
107,2024-03-01,13,1630.556625,1826.0799,10860.80949,12217.119
107,2024-03-02,14,0,0,10860.80949,12217.119
107,2024-03-03,15,0,0,10860.80949,12217.119
107,2024-03-04,16,1630.556625,1826.0799,12491.36612,14043.1989
107,2024-03-05,17,1630.556625,1826.0799,14121.92274,15869.2788
107,2024-03-06,18,1630.556625,1826.0799,15752.47937,17695.3587
107,2024-03-07,19,1630.556625,1826.0799,17383.03599,19521.4386
107,2024-03-08,20,1630.556625,1826.0799,19013.59262,21347.5185
107,2024-03-09,21,0,0,19013.59262,21347.5185
107,2024-03-10,22,0,0,19013.59262,21347.5185
107,2024-03-11,23,1630.556625,1826.0799,20644.14924,23173.5984
107,2024-03-12,24,1630.556625,1826.0799,22274.70587,24999.6783
107,2024-03-13,25,1630.556625,1826.0799,23905.26249,26825.7582
107,2024-03-14,26,1630.556625,1826.0799,25535.81912,28651.8381
107,2024-03-15,27,1630.556625,1826.0799,27166.37574,30477.918
107,2024-03-16,28,0,0,27166.37574,30477.918
107,2024-03-17,29,0,0,27166.37574,30477.918
107,2024-03-18,30,1630.556625,1826.0799,28796.93237,32303.9979
107,2024-03-19,31,1630.556625,1826.0799,30427.489,34130.0778
107,2024-03-20,32,1630.556625,1826.0799,32058.04562,35956.1577
107,2024-03-21,33,1630.556625,1826.0799,33688.60225,37782.2376
107,2024-03-22,34,1630.556625,1826.0799,35319.15887,39608.3175
107,2024-03-23,35,0,0,35319.15887,39608.3175
107,2024-03-24,36,0,0,35319.15887,39608.3175
107,2024-03-25,37,1630.556625,1826.0799,36949.7155,41434.3974
107,2024-03-26,38,1630.556625,1826.0799,38580.27212,43260.4773
107,2024-03-27,39,1630.556625,1826.0799,40210.82875,45086.5572
107,2024-03-28,40,1630.556625,1826.0799,41841.38537,46912.6371
107,2024-03-29,41,1630.556625,1826.0799,43471.942,48738.717
107,2024-03-30,42,0,0,43471.942,48738.717
107,2024-03-31,43,0,0,43471.942,48738.717
107,2024-04-01,44,1630.556625,1826.0799,45102.49862,50564.7969
107,2024-04-02,45,1630.556625,1826.0799,46733.05525,52390.8768
107,2024-04-03,46,1630.556625,1826.0799,48363.61187,54216.9567
107,2024-04-04,47,1630.556625,1826.0799,49994.1685,56043.0366
107,2024-04-05,48,1630.556625,1826.0799,51624.72512,57869.1165
107,2024-04-06,49,0,0,51624.72512,57869.1165
107,2024-04-07,50,0,0,51624.72512,57869.1165
107,2024-04-08,51,1630.556625,1826.0799,53255.28175,59695.1964
107,2024-04-09,52,1630.556625,1826.0799,54885.83837,61521.2763
107,2024-04-10,53,1630.556625,1826.0799,56516.395,63347.3562
107,2024-04-11,54,1630.556625,1826.0799,58146.95162,65173.4361
107,2024-04-12,55,1630.556625,1826.0799,59777.50825,66999.516
107,2024-04-13,56,0,0,59777.50825,66999.516
107,2024-04-14,57,0,0,59777.50825,66999.516
107,2024-04-15,58,3728.76558,4176.07393,63506.27383,71175.58993
107,2024-04-16,59,2367.576391,2665.15393,65873.85022,73840.74386
107,2024-04-17,60,2367.576391,2665.15393,68241.42661,76505.89779
107,2024-04-18,61,2367.576391,2665.15393,70609.003,79171.05172
107,2024-04-19,62,2367.576391,2665.15393,72976.57939,81836.20565
107,2024-04-20,63,0,0,72976.57939,81836.20565
107,2024-04-21,64,0,0,72976.57939,81836.20565
107,2024-04-22,65,2367.576391,2665.15393,75344.15578,84501.35958
107,2024-04-23,66,2367.576391,2665.15393,77711.73217,87166.51351
107,2024-04-24,67,2367.576391,2665.15393,80079.30856,89831.66744
107,2024-04-25,68,2367.576391,2665.15393,82446.88496,92496.82137
107,2024-04-26,69,2367.576391,2665.15393,84814.46135,95161.9753
107,2024-04-27,70,0,0,84814.46135,95161.9753
107,2024-04-28,71,0,0,84814.46135,95161.9753
107,2024-04-29,72,2367.576391,2665.15393,87182.03774,97827.12923
107,2024-04-30,73,2367.576391,2665.15393,89549.61413,100492.2832
107,2024-05-01,74,2367.576391,2665.15393,91917.19052,103157.4371
107,2024-05-02,75,2367.576391,2665.15393,94284.76691,105822.591
107,2024-05-03,76,2367.576391,2665.15393,96652.3433,108487.7449
107,2024-05-04,77,0,0,96652.3433,108487.7449
107,2024-05-05,78,0,0,96652.3433,108487.7449
107,2024-05-06,79,2367.576391,2665.15393,99019.91969,111152.8989
107,2024-05-07,80,2367.576391,2665.15393,101387.4961,113818.0528
107,2024-05-08,81,2367.576391,2665.15393,103755.0725,116483.2067
107,2024-05-09,82,2367.576391,2665.15393,106122.6489,119148.3607
107,2024-05-10,83,2367.576391,2665.15393,108490.2253,121813.5146
107,2024-05-11,84,0,0,108490.2253,121813.5146
107,2024-05-12,85,0,0,108490.2253,121813.5146
107,2024-05-13,86,2367.576391,2665.15393,110857.8016,124478.6685
107,2024-05-14,87,2367.576391,2665.15393,113225.378,127143.8225
107,2024-05-15,88,2367.576391,2665.15393,115592.9544,129808.9764
107,2024-05-16,89,2367.576391,2665.15393,117960.5308,132474.1303
107,2024-05-17,90,2367.576391,2665.15393,120328.1072,135139.2842
107,2024-05-18,91,0,0,120328.1072,135139.2842
107,2024-05-19,92,0,0,120328.1072,135139.2842
107,2024-05-20,93,2367.576391,2665.15393,122695.6836,137804.4382
107,2024-05-21,94,2367.576391,2665.15393,125063.26,140469.5921
107,2024-05-22,95,2367.576391,2665.15393,127430.8364,143134.746
107,2024-05-23,96,2367.576391,2665.15393,129798.4128,145799.9
107,2024-05-24,97,2367.576391,2665.15393,132165.9892,148465.0539
107,2024-05-25,98,0,0,132165.9892,148465.0539
107,2024-05-26,99,0,0,132165.9892,148465.0539
107,2024-05-27,100,2367.576391,2665.15393,134533.5656,151130.2078
107,2024-05-28,101,2367.576391,2665.15393,136901.142,153795.3618
107,2024-05-29,102,2367.576391,2665.15393,139268.7183,156460.5157
107,2024-05-30,103,2367.576391,2665.15393,141636.2947,159125.6696
107,2024-05-31,104,2367.576391,2665.15393,144003.8711,161790.8235
107,2024-06-01,105,0,0,144003.8711,161790.8235
107,2024-06-02,106,0,0,144003.8711,161790.8235
107,2024-06-03,107,2367.576391,2665.15393,146371.4475,164455.9775
107,2024-06-04,108,2367.576391,2665.15393,148739.0239,167121.1314
107,2024-06-05,109,2367.576391,2665.15393,151106.6003,169786.2853
107,2024-06-06,110,2367.576391,2665.15393,153474.1767,172451.4393
107,2024-06-07,111,2367.576391,2665.15393,155841.7531,175116.5932
107,2024-06-08,112,0,0,155841.7531,175116.5932
107,2024-06-09,113,0,0,155841.7531,175116.5932
107,2024-06-10,114,2367.576391,2665.15393,158209.3295,177781.7471
107,2024-06-11,115,2367.576391,2665.15393,160576.9059,180446.9011
107,2024-06-12,116,2367.576391,2665.15393,162944.4823,183112.055
107,2024-06-13,117,2367.576391,2665.15393,165312.0586,185777.2089
107,2024-06-14,118,2367.576391,2665.15393,167679.635,188442.3628
107,2024-06-15,119,0,0,167679.635,188442.3628
107,2024-06-16,120,0,0,167679.635,188442.3628
107,2024-06-17,121,2367.576391,2665.15393,170047.2114,191107.5168
107,2024-06-18,122,2367.576391,2665.15393,172414.7878,193772.6707
107,2024-06-19,123,2367.576391,2665.15393,174782.3642,196437.8246
107,2024-06-20,124,2367.576391,2665.15393,177149.9406,199102.9786
107,2024-06-21,125,2367.576391,2665.15393,179517.517,201768.1325
107,2024-06-22,126,0,0,179517.517,201768.1325
107,2024-06-23,127,0,0,179517.517,201768.1325
107,2024-06-24,128,2367.576391,2665.15393,181885.0934,204433.2864
107,2024-06-25,129,2367.576391,2665.15393,184252.6698,207098.4404
107,2024-06-26,130,4795.176391,5602.54993,189047.8462,212700.9903
107,2024-06-27,131,4795.176391,5602.54993,193843.0226,218303.5402
107,2024-06-28,132,4795.176391,5602.54993,198638.1989,223906.0901
107,2024-06-29,133,0,0,198638.1989,223906.0901
107,2024-06-30,134,0,0,198638.1989,223906.0901
107,2024-07-01,135,4795.176391,5602.54993,203433.3753,229508.6401
107,2024-07-02,136,4795.176391,5602.54993,208228.5517,235111.19
107,2024-07-03,137,4795.176391,5602.54993,213023.7281,240713.7399
107,2024-07-04,138,4795.176391,5602.54993,217818.9045,246316.2899
107,2024-07-05,139,4795.176391,5602.54993,222614.0809,251918.8398
107,2024-07-06,140,0,0,222614.0809,251918.8398
107,2024-07-07,141,0,0,222614.0809,251918.8398
107,2024-07-08,142,7153.176391,8479.30993,229767.2573,260398.1497
107,2024-07-09,143,7153.176391,8479.30993,236920.4337,268877.4597
107,2024-07-10,144,7153.176391,8479.30993,244073.6101,277356.7696
107,2024-07-11,145,7153.176391,8479.30993,251226.7865,285836.0795
107,2024-07-12,146,7153.176391,8479.30993,258379.9629,294315.3894
107,2024-07-13,147,0,0,258379.9629,294315.3894
107,2024-07-14,148,0,0,258379.9629,294315.3894
107,2024-07-15,149,7153.176391,8479.30993,265533.1392,302794.6994
107,2024-07-16,150,7153.176391,8479.30993,272686.3156,311274.0093
107,2024-07-17,151,5054.967436,6129.3159,277741.2831,317403.3252
107,2024-07-18,152,5054.967436,6129.3159,282796.2505,323532.6411
107,2024-07-19,153,5054.967436,6129.3159,287851.2179,329661.957
107,2024-07-20,154,0,0,287851.2179,329661.957
107,2024-07-21,155,0,0,287851.2179,329661.957
107,2024-07-22,156,5054.967436,6129.3159,292906.1854,335791.2729
107,2024-07-23,157,5054.967436,6129.3159,297961.1528,341920.5888
107,2024-07-24,158,5054.967436,6129.3159,303016.1203,348049.9047
107,2024-07-25,159,5054.967436,6129.3159,308071.0877,354179.2206
107,2024-07-26,160,5054.967436,6129.3159,313126.0551,360308.5365
107,2024-07-27,161,0,0,313126.0551,360308.5365
107,2024-07-28,162,0,0,313126.0551,360308.5365
107,2024-07-29,163,5054.967436,6129.3159,318181.0226,366437.8524
107,2024-07-30,164,5054.967436,6129.3159,323235.99,372567.1683
107,2024-07-31,165,5054.967436,6129.3159,328290.9574,378696.4842
107,2024-08-01,166,5054.967436,6129.3159,333345.9249,384825.8001
107,2024-08-02,167,5054.967436,6129.3159,338400.8923,390955.116
107,2024-08-03,168,0,0,338400.8923,390955.116
107,2024-08-04,169,0,0,338400.8923,390955.116
107,2024-08-05,170,5054.967436,6129.3159,343455.8597,397084.4319
107,2024-08-06,171,5054.967436,6129.3159,348510.8272,403213.7478
107,2024-08-07,172,5054.967436,6129.3159,353565.7946,409343.0637
107,2024-08-08,173,5054.967436,6129.3159,358620.7621,415472.3796
107,2024-08-09,174,5054.967436,6129.3159,363675.7295,421601.6955
107,2024-08-10,175,0,0,363675.7295,421601.6955
107,2024-08-11,176,0,0,363675.7295,421601.6955
107,2024-08-12,177,5054.967436,6129.3159,368730.6969,427731.0114
107,2024-08-13,178,5054.967436,6129.3159,373785.6644,433860.3273
107,2024-08-14,179,2627.367436,3191.9199,376413.0318,437052.2472
107,2024-08-15,180,2627.367436,3191.9199,379040.3992,440244.1671
107,2024-08-16,181,2627.367436,3191.9199,381667.7667,443436.087
107,2024-08-17,182,0,0,381667.7667,443436.087
107,2024-08-18,183,0,0,381667.7667,443436.087
107,2024-08-19,184,2627.367436,3191.9199,384295.1341,446628.0069
107,2024-08-20,185,2627.367436,3191.9199,386922.5015,449819.9268
107,2024-08-21,186,2627.367436,3191.9199,389549.869,453011.8467
107,2024-08-22,187,2627.367436,3191.9199,392177.2364,456203.7666
107,2024-08-23,188,2627.367436,3191.9199,394804.6038,459395.6865
107,2024-08-24,189,0,0,394804.6038,459395.6865
107,2024-08-25,190,0,0,394804.6038,459395.6865
107,2024-08-26,191,2627.367436,3191.9199,397431.9713,462587.6064
107,2024-08-27,192,2627.367436,3191.9199,400059.3387,465779.5263
107,2024-08-28,193,2627.367436,3191.9199,402686.7062,468971.4462
107,2024-08-29,194,2627.367436,3191.9199,405314.0736,472163.3661
107,2024-08-30,195,2627.367436,3191.9199,407941.441,475355.286
107,2024-08-31,196,0,0,407941.441,475355.286
107,2024-09-01,197,0,0,407941.441,475355.286
107,2024-09-02,198,2627.367436,3191.9199,410568.8085,478547.2059
107,2024-09-03,199,2627.367436,3191.9199,413196.1759,481739.1258
107,2024-09-04,200,2627.367436,3191.9199,415823.5433,484931.0457
107,2024-09-05,201,2627.367436,3191.9199,418450.9108,488122.9656
107,2024-09-06,202,2627.367436,3191.9199,421078.2782,491314.8855
107,2024-09-07,203,0,0,421078.2782,491314.8855
107,2024-09-08,204,0,0,421078.2782,491314.8855
107,2024-09-09,205,2627.367436,3191.9199,423705.6456,494506.8054
107,2024-09-10,206,2627.367436,3191.9199,426333.0131,497698.7253
107,2024-09-11,207,2627.367436,3191.9199,428960.3805,500890.6452
107,2024-09-12,208,2627.367436,3191.9199,431587.7479,504082.5651
107,2024-09-13,209,2627.367436,3191.9199,434215.1154,507274.485
107,2024-09-14,210,0,0,434215.1154,507274.485
107,2024-09-15,211,0,0,434215.1154,507274.485
107,2024-09-16,212,2627.367436,3191.9199,436842.4828,510466.4049
107,2024-09-17,213,2627.367436,3191.9199,439469.8503,513658.3248
107,2024-09-18,214,2627.367436,3191.9199,442097.2177,516850.2447
107,2024-09-19,215,2627.367436,3191.9199,444724.5851,520042.1646
107,2024-09-20,216,2627.367436,3191.9199,447351.9526,523234.0845
107,2024-09-21,217,0,0,447351.9526,523234.0845
107,2024-09-22,218,0,0,447351.9526,523234.0845
107,2024-09-23,219,2627.367436,3191.9199,449979.32,526426.0044
107,2024-09-24,220,2627.367436,3191.9199,452606.6874,529617.9243
107,2024-09-25,221,2627.367436,3191.9199,455234.0549,532809.8442
107,2024-09-26,222,2627.367436,3191.9199,457861.4223,536001.7641
107,2024-09-27,223,2627.367436,3191.9199,460488.7897,539193.684
107,2024-09-28,224,0,0,460488.7897,539193.684
107,2024-09-29,225,0,0,460488.7897,539193.684
107,2024-09-30,226,2627.367436,3191.9199,463116.1572,542385.6039
107,2024-10-01,227,2627.367436,3191.9199,465743.5246,545577.5238
107,2024-10-02,228,2627.367436,3191.9199,468370.8921,548769.4437
107,2024-10-03,229,2627.367436,3191.9199,470998.2595,551961.3636
107,2024-10-04,230,2627.367436,3191.9199,473625.6269,555153.2835
107,2024-10-05,231,0,0,473625.6269,555153.2835
107,2024-10-06,232,0,0,473625.6269,555153.2835
107,2024-10-07,233,2627.367436,3191.9199,476252.9944,558345.2034
107,2024-10-08,234,2627.367436,3191.9199,478880.3618,561537.1233
107,2024-10-09,235,2627.367436,3191.9199,481507.7292,564729.0432
107,2024-10-10,236,2627.367436,3191.9199,484135.0967,567920.9631
107,2024-10-11,237,2627.367436,3191.9199,486762.4641,571112.883
107,2024-10-12,238,0,0,486762.4641,571112.883
107,2024-10-13,239,0,0,486762.4641,571112.883
107,2024-10-14,240,2627.367436,3191.9199,489389.8315,574304.8029
107,2024-10-15,241,2627.367436,3191.9199,492017.199,577496.7228
107,2024-10-16,242,2627.367436,3191.9199,494644.5664,580688.6427
107,2024-10-17,243,2627.367436,3191.9199,497271.9338,583880.5626
107,2024-10-18,244,2627.367436,3191.9199,499899.3013,587072.4825
107,2024-10-19,245,0,0,499899.3013,587072.4825
107,2024-10-20,246,0,0,499899.3013,587072.4825
107,2024-10-21,247,2627.367436,3191.9199,502526.6687,590264.4024
107,2024-10-22,248,2627.367436,3191.9199,505154.0362,593456.3223
107,2024-10-23,249,2627.367436,3191.9199,507781.4036,596648.2422
107,2024-10-24,250,2627.367436,3191.9199,510408.771,599840.1621
107,2024-10-25,251,2627.367436,3191.9199,513036.1385,603032.082
107,2024-10-26,252,0,0,513036.1385,603032.082
107,2024-10-27,253,0,0,513036.1385,603032.082
107,2024-10-28,254,2627.367436,3191.9199,515663.5059,606224.0019
107,2024-10-29,255,2627.367436,3191.9199,518290.8733,609415.9218
107,2024-10-30,256,2627.367436,3191.9199,520918.2408,612607.8417
107,2024-10-31,257,2627.367436,3191.9199,523545.6082,615799.7616
107,2024-11-01,258,2627.367436,3191.9199,526172.9756,618991.6815
107,2024-11-02,259,0,0,526172.9756,618991.6815
107,2024-11-03,260,0,0,526172.9756,618991.6815
107,2024-11-04,261,2627.367436,3191.9199,528800.3431,622183.6014
107,2024-11-05,262,2627.367436,3191.9199,531427.7105,625375.5213
107,2024-11-06,263,2627.367436,3191.9199,534055.0779,628567.4412
107,2024-11-07,264,2627.367436,3191.9199,536682.4454,631759.3611
107,2024-11-08,265,2627.367436,3191.9199,539309.8128,634951.281
107,2024-11-09,266,0,0,539309.8128,634951.281
107,2024-11-10,267,0,0,539309.8128,634951.281
107,2024-11-11,268,2627.367436,3191.9199,541937.1803,638143.2009
107,2024-11-12,269,2627.367436,3191.9199,544564.5477,641335.1208
107,2024-11-13,270,2627.367436,3191.9199,547191.9151,644527.0407
107,2024-11-14,271,2627.367436,3191.9199,549819.2826,647718.9606
107,2024-11-15,272,2627.367436,3191.9199,552446.65,650910.8805
107,2024-11-16,273,0,0,552446.65,650910.8805
107,2024-11-17,274,0,0,552446.65,650910.8805
107,2024-11-18,275,2627.367436,3191.9199,555074.0174,654102.8004
107,2024-11-19,276,2627.367436,3191.9199,557701.3849,657294.7203
107,2024-11-20,277,2627.367436,3191.9199,560328.7523,660486.6402
107,2024-11-21,278,2627.367436,3191.9199,562956.1197,663678.5601
107,2024-11-22,279,2627.367436,3191.9199,565583.4872,666870.48
107,2024-11-23,280,0,0,565583.4872,666870.48
107,2024-11-24,281,0,0,565583.4872,666870.48
107,2024-11-25,282,2627.367436,3191.9199,568210.8546,670062.3999
107,2024-11-26,283,2627.367436,3191.9199,570838.2221,673254.3198
107,2024-11-27,284,2627.367436,3191.9199,573465.5895,676446.2397
107,2024-11-28,285,2627.367436,3191.9199,576092.9569,679638.1596
107,2024-11-29,286,2627.367436,3191.9199,578720.3244,682830.0795
107,2024-11-30,287,0,0,578720.3244,682830.0795
107,2024-12-01,288,0,0,578720.3244,682830.0795
107,2024-12-02,289,2627.367436,3191.9199,581347.6918,686021.9994
107,2024-12-03,290,2627.367436,3191.9199,583975.0592,689213.9193
107,2024-12-04,291,2627.367436,3191.9199,586602.4267,692405.8392
107,2024-12-05,292,2627.367436,3191.9199,589229.7941,695597.7591
107,2024-12-06,293,2627.367436,3191.9199,591857.1615,698789.679
107,2024-12-07,294,0,0,591857.1615,698789.679
107,2024-12-08,295,0,0,591857.1615,698789.679
107,2024-12-09,296,2627.367436,3191.9199,594484.529,701981.5989
107,2024-12-10,297,2627.367436,3191.9199,597111.8964,705173.5188
107,2024-12-11,298,2627.367436,3191.9199,599739.2638,708365.4387
107,2024-12-12,299,2627.367436,3191.9199,602366.6313,711557.3586
107,2024-12-13,300,2627.367436,3191.9199,604993.9987,714749.2785
107,2024-12-14,301,0,0,604993.9987,714749.2785
107,2024-12-15,302,0,0,604993.9987,714749.2785
107,2024-12-16,303,2627.367436,3191.9199,607621.3662,717941.1984
107,2024-12-17,304,2627.367436,3191.9199,610248.7336,721133.1183
107,2024-12-18,305,2627.367436,3191.9199,612876.101,724325.0382
107,2024-12-19,306,2627.367436,3191.9199,615503.4685,727516.9581
107,2024-12-20,307,2627.367436,3191.9199,618130.8359,730708.878
107,2024-12-21,308,0,0,618130.8359,730708.878
107,2024-12-22,309,0,0,618130.8359,730708.878
107,2024-12-23,310,2627.367436,3191.9199,620758.2033,733900.7979
107,2024-12-24,311,2627.367436,3191.9199,623385.5708,737092.7178
107,2024-12-25,312,2627.367436,3191.9199,626012.9382,740284.6377
107,2024-12-26,313,2627.367436,3191.9199,628640.3056,743476.5576
107,2024-12-27,314,2627.367436,3191.9199,631267.6731,746668.4775
107,2024-12-28,315,0,0,631267.6731,746668.4775
107,2024-12-29,316,0,0,631267.6731,746668.4775
107,2024-12-30,317,2627.367436,3191.9199,633895.0405,749860.3974
107,2024-12-31,318,269.3674359,315.1599,634164.4079,750175.5573
107,2025-01-01,319,269.3674359,315.1599,634433.7754,750490.7172
107,2025-01-02,320,269.3674359,315.1599,634703.1428,750805.8771
107,2025-01-03,321,269.3674359,315.1599,634972.5103,751121.037
107,2025-01-04,322,0,0,634972.5103,751121.037
107,2025-01-05,323,0,0,634972.5103,751121.037
107,2025-01-06,324,269.3674359,315.1599,635241.8777,751436.1969
107,2025-01-07,325,269.3674359,315.1599,635511.2451,751751.3568
107,2025-01-08,326,269.3674359,315.1599,635780.6126,752066.5167
107,2025-01-09,327,269.3674359,315.1599,636049.98,752381.6766
109,2024-04-12,1,277.0144,304.71584,277.0144,304.71584
109,2024-04-13,2,0,0,277.0144,304.71584
109,2024-04-14,3,0,0,277.0144,304.71584
109,2024-04-15,4,277.0144,304.71584,554.0288,609.43168
109,2024-04-16,5,277.0144,304.71584,831.0432,914.14752
109,2024-04-17,6,1673.585829,1938.704411,2504.629029,2852.851931
109,2024-04-18,7,1673.585829,1938.704411,4178.214857,4791.556343
109,2024-04-19,8,1673.585829,1938.704411,5851.800686,6730.260754
109,2024-04-20,9,0,0,5851.800686,6730.260754
109,2024-04-21,10,0,0,5851.800686,6730.260754
109,2024-04-22,11,1673.585829,1938.704411,7525.386514,8668.965166
109,2024-04-23,12,1673.585829,1938.704411,9198.972343,10607.66958
109,2024-04-24,13,1673.585829,1938.704411,10872.55817,12546.37399
109,2024-04-25,14,1673.585829,1938.704411,12546.144,14485.0784
109,2024-04-26,15,1673.585829,1938.704411,14219.72983,16423.78281
109,2024-04-27,16,0,0,14219.72983,16423.78281
109,2024-04-28,17,0,0,14219.72983,16423.78281
109,2024-04-29,18,1673.585829,1938.704411,15893.31566,18362.48722
109,2024-04-30,19,1673.585829,1938.704411,17566.90149,20301.19163
109,2024-05-01,20,1673.585829,1938.704411,19240.48731,22239.89605
109,2024-05-02,21,1673.585829,1938.704411,20914.07314,24178.60046
109,2024-05-03,22,1673.585829,1938.704411,22587.65897,26117.30487
109,2024-05-04,23,0,0,22587.65897,26117.30487
109,2024-05-05,24,0,0,22587.65897,26117.30487
109,2024-05-06,25,3276.95425,3782.578096,25864.61322,29899.88296
109,2024-05-07,26,1880.382821,2148.589524,27744.99604,32048.47249
109,2024-05-08,27,1880.382821,2148.589524,29625.37886,34197.06201
109,2024-05-09,28,1880.382821,2148.589524,31505.76168,36345.65154
109,2024-05-10,29,1880.382821,2148.589524,33386.14451,38494.24106
109,2024-05-11,30,0,0,33386.14451,38494.24106
109,2024-05-12,31,0,0,33386.14451,38494.24106
109,2024-05-13,32,1880.382821,2148.589524,35266.52733,40642.83059
109,2024-05-14,33,1880.382821,2148.589524,37146.91015,42791.42011
109,2024-05-15,34,1880.382821,2148.589524,39027.29297,44940.00963
109,2024-05-16,35,1880.382821,2148.589524,40907.67579,47088.59916
109,2024-05-17,36,1880.382821,2148.589524,42788.05861,49237.18868
109,2024-05-18,37,0,0,42788.05861,49237.18868
109,2024-05-19,38,0,0,42788.05861,49237.18868
109,2024-05-20,39,1880.382821,2148.589524,44668.44143,51385.77821
109,2024-05-21,40,1880.382821,2148.589524,46548.82425,53534.36773
109,2024-05-22,41,1880.382821,2148.589524,48429.20707,55682.95725
109,2024-05-23,42,1880.382821,2148.589524,50309.58989,57831.54678
109,2024-05-24,43,1880.382821,2148.589524,52189.97272,59980.1363
109,2024-05-25,44,0,0,52189.97272,59980.1363
109,2024-05-26,45,0,0,52189.97272,59980.1363
109,2024-05-27,46,1880.382821,2148.589524,54070.35554,62128.72583
109,2024-05-28,47,1880.382821,2148.589524,55950.73836,64277.31535
109,2024-05-29,48,1880.382821,2148.589524,57831.12118,66425.90488
109,2024-05-30,49,1880.382821,2148.589524,59711.504,68574.4944
109,2024-05-31,50,1880.382821,2148.589524,61591.88682,70723.08392
109,2024-06-01,51,0,0,61591.88682,70723.08392
109,2024-06-02,52,0,0,61591.88682,70723.08392
109,2024-06-03,53,1880.382821,2148.589524,63472.26964,72871.67345
109,2024-06-04,54,1880.382821,2148.589524,65352.65246,75020.26297
109,2024-06-05,55,1880.382821,2148.589524,67233.03528,77168.8525
109,2024-06-06,56,1880.382821,2148.589524,69113.41811,79317.44202
109,2024-06-07,57,1880.382821,2148.589524,70993.80093,81466.03155
109,2024-06-08,58,0,0,70993.80093,81466.03155
109,2024-06-09,59,0,0,70993.80093,81466.03155
109,2024-06-10,60,1880.382821,2148.589524,72874.18375,83614.62107
109,2024-06-11,61,1880.382821,2148.589524,74754.56657,85763.21059
109,2024-06-12,62,1880.382821,2148.589524,76634.94939,87911.80012
109,2024-06-13,63,1880.382821,2148.589524,78515.33221,90060.38964
109,2024-06-14,64,1880.382821,2148.589524,80395.71503,92208.97917
109,2024-06-15,65,0,0,80395.71503,92208.97917
109,2024-06-16,66,0,0,80395.71503,92208.97917
109,2024-06-17,67,1880.382821,2148.589524,82276.09785,94357.56869
109,2024-06-18,68,1880.382821,2148.589524,84156.48067,96506.15821
109,2024-06-19,69,1880.382821,2148.589524,86036.86349,98654.74774
109,2024-06-20,70,1880.382821,2148.589524,87917.24632,100803.3373
109,2024-06-21,71,1880.382821,2148.589524,89797.62914,102951.9268
109,2024-06-22,72,0,0,89797.62914,102951.9268
109,2024-06-23,73,0,0,89797.62914,102951.9268
109,2024-06-24,74,1880.382821,2148.589524,91678.01196,105100.5163
109,2024-06-25,75,1880.382821,2148.589524,93558.39478,107249.1058
109,2024-06-26,76,1880.382821,2148.589524,95438.7776,109397.6954
109,2024-06-27,77,1880.382821,2148.589524,97319.16042,111546.2849
109,2024-06-28,78,1880.382821,2148.589524,99199.54324,113694.8744
109,2024-06-29,79,0,0,99199.54324,113694.8744
109,2024-06-30,80,0,0,99199.54324,113694.8744
109,2024-07-01,81,1880.382821,2148.589524,101079.9261,115843.4639
109,2024-07-02,82,1880.382821,2148.589524,102960.3089,117992.0535
109,2024-07-03,83,4412.934545,5390.255731,107373.2434,123382.3092
109,2024-07-04,84,4412.934545,5390.255731,111786.178,128772.5649
109,2024-07-05,85,4412.934545,5390.255731,116199.1125,134162.8207
109,2024-07-06,86,0,0,116199.1125,134162.8207
109,2024-07-07,87,0,0,116199.1125,134162.8207
109,2024-07-08,88,4412.934545,5390.255731,120612.0471,139553.0764
109,2024-07-09,89,4412.934545,5390.255731,125024.9816,144943.3321
109,2024-07-10,90,4412.934545,5390.255731,129437.9162,150333.5878
109,2024-07-11,91,4412.934545,5390.255731,133850.8507,155723.8436
109,2024-07-12,92,4412.934545,5390.255731,138263.7852,161114.0993
109,2024-07-13,93,0,0,138263.7852,161114.0993
109,2024-07-14,94,0,0,138263.7852,161114.0993
109,2024-07-15,95,6542.934545,7733.255731,144806.7198,168847.355
109,2024-07-16,96,6542.934545,7733.255731,151349.6543,176580.6108
109,2024-07-17,97,6542.934545,7733.255731,157892.5889,184313.8665
109,2024-07-18,98,6542.934545,7733.255731,164435.5234,192047.1222
109,2024-07-19,99,6542.934545,7733.255731,170978.458,199780.378
109,2024-07-20,100,0,0,170978.458,199780.378
109,2024-07-21,101,0,0,170978.458,199780.378
109,2024-07-22,102,6542.934545,7733.255731,177521.3925,207513.6337
109,2024-07-23,103,6542.934545,7733.255731,184064.3271,215246.8894
109,2024-07-24,104,4939.566124,5889.382047,189003.8932,221136.2715
109,2024-07-25,105,4939.566124,5889.382047,193943.4593,227025.6535
109,2024-07-26,106,4939.566124,5889.382047,198883.0254,232915.0356
109,2024-07-27,107,0,0,198883.0254,232915.0356
109,2024-07-28,108,0,0,198883.0254,232915.0356
109,2024-07-29,109,4939.566124,5889.382047,203822.5916,238804.4176
109,2024-07-30,110,4939.566124,5889.382047,208762.1577,244693.7997
109,2024-07-31,111,4939.566124,5889.382047,213701.7238,250583.1817
109,2024-08-01,112,4939.566124,5889.382047,218641.2899,256472.5638
109,2024-08-02,113,4939.566124,5889.382047,223580.8561,262361.9458
109,2024-08-03,114,0,0,223580.8561,262361.9458
109,2024-08-04,115,0,0,223580.8561,262361.9458
109,2024-08-05,116,4939.566124,5889.382047,228520.4222,268251.3278
109,2024-08-06,117,4939.566124,5889.382047,233459.9883,274140.7099
109,2024-08-07,118,4939.566124,5889.382047,238399.5544,280030.0919
109,2024-08-08,119,4939.566124,5889.382047,243339.1206,285919.474
109,2024-08-09,120,4939.566124,5889.382047,248278.6867,291808.856
109,2024-08-10,121,0,0,248278.6867,291808.856
109,2024-08-11,122,0,0,248278.6867,291808.856
109,2024-08-12,123,4939.566124,5889.382047,253218.2528,297698.2381
109,2024-08-13,124,2407.0144,2647.71584,255625.2672,300345.9539
109,2024-08-14,125,2407.0144,2647.71584,258032.2816,302993.6698
109,2024-08-15,126,2407.0144,2647.71584,260439.296,305641.3856
109,2024-08-16,127,2407.0144,2647.71584,262846.3104,308289.1014
109,2024-08-17,128,0,0,262846.3104,308289.1014
109,2024-08-18,129,0,0,262846.3104,308289.1014
109,2024-08-19,130,2407.0144,2647.71584,265253.3248,310936.8173
109,2024-08-20,131,2407.0144,2647.71584,267660.3392,313584.5331
109,2024-08-21,132,2407.0144,2647.71584,270067.3536,316232.249
109,2024-08-22,133,2407.0144,2647.71584,272474.368,318879.9648
109,2024-08-23,134,2407.0144,2647.71584,274881.3824,321527.6806
109,2024-08-24,135,0,0,274881.3824,321527.6806
109,2024-08-25,136,0,0,274881.3824,321527.6806
109,2024-08-26,137,2407.0144,2647.71584,277288.3968,324175.3965
109,2024-08-27,138,2407.0144,2647.71584,279695.4112,326823.1123
109,2024-08-28,139,2407.0144,2647.71584,282102.4256,329470.8282
109,2024-08-29,140,2407.0144,2647.71584,284509.44,332118.544
109,2024-08-30,141,2407.0144,2647.71584,286916.4544,334766.2598
109,2024-08-31,142,0,0,286916.4544,334766.2598
109,2024-09-01,143,0,0,286916.4544,334766.2598
109,2024-09-02,144,2407.0144,2647.71584,289323.4688,337413.9757
109,2024-09-03,145,2407.0144,2647.71584,291730.4832,340061.6915
109,2024-09-04,146,2407.0144,2647.71584,294137.4976,342709.4074
109,2024-09-05,147,2407.0144,2647.71584,296544.512,345357.1232
109,2024-09-06,148,2407.0144,2647.71584,298951.5264,348004.839
109,2024-09-07,149,0,0,298951.5264,348004.839
109,2024-09-08,150,0,0,298951.5264,348004.839
109,2024-09-09,151,2407.0144,2647.71584,301358.5408,350652.5549
109,2024-09-10,152,2407.0144,2647.71584,303765.5552,353300.2707
109,2024-09-11,153,2407.0144,2647.71584,306172.5696,355947.9866
109,2024-09-12,154,2407.0144,2647.71584,308579.584,358595.7024
109,2024-09-13,155,2407.0144,2647.71584,310986.5984,361243.4182
109,2024-09-14,156,0,0,310986.5984,361243.4182
109,2024-09-15,157,0,0,310986.5984,361243.4182
109,2024-09-16,158,2407.0144,2647.71584,313393.6128,363891.1341
109,2024-09-17,159,2407.0144,2647.71584,315800.6272,366538.8499
109,2024-09-18,160,2407.0144,2647.71584,318207.6416,369186.5658
109,2024-09-19,161,2407.0144,2647.71584,320614.656,371834.2816
109,2024-09-20,162,2407.0144,2647.71584,323021.6704,374481.9974
109,2024-09-21,163,0,0,323021.6704,374481.9974
109,2024-09-22,164,0,0,323021.6704,374481.9974
109,2024-09-23,165,2407.0144,2647.71584,325428.6848,377129.7133
109,2024-09-24,166,2407.0144,2647.71584,327835.6992,379777.4291
109,2024-09-25,167,2407.0144,2647.71584,330242.7136,382425.145
109,2024-09-26,168,2407.0144,2647.71584,332649.728,385072.8608
109,2024-09-27,169,2407.0144,2647.71584,335056.7424,387720.5766
109,2024-09-28,170,0,0,335056.7424,387720.5766
109,2024-09-29,171,0,0,335056.7424,387720.5766
109,2024-09-30,172,2407.0144,2647.71584,337463.7568,390368.2925
109,2024-10-01,173,2407.0144,2647.71584,339870.7712,393016.0083
109,2024-10-02,174,2407.0144,2647.71584,342277.7856,395663.7242
109,2024-10-03,175,2407.0144,2647.71584,344684.8,398311.44
109,2024-10-04,176,2407.0144,2647.71584,347091.8144,400959.1558
109,2024-10-05,177,0,0,347091.8144,400959.1558
109,2024-10-06,178,0,0,347091.8144,400959.1558
109,2024-10-07,179,2407.0144,2647.71584,349498.8288,403606.8717
109,2024-10-08,180,2407.0144,2647.71584,351905.8432,406254.5875
109,2024-10-09,181,2407.0144,2647.71584,354312.8576,408902.3034
109,2024-10-10,182,2407.0144,2647.71584,356719.872,411550.0192
109,2024-10-11,183,2407.0144,2647.71584,359126.8864,414197.735
109,2024-10-12,184,0,0,359126.8864,414197.735
109,2024-10-13,185,0,0,359126.8864,414197.735
109,2024-10-14,186,2407.0144,2647.71584,361533.9008,416845.4509
109,2024-10-15,187,2407.0144,2647.71584,363940.9152,419493.1667
109,2024-10-16,188,2407.0144,2647.71584,366347.9296,422140.8826
109,2024-10-17,189,2407.0144,2647.71584,368754.944,424788.5984
109,2024-10-18,190,2407.0144,2647.71584,371161.9584,427436.3142
109,2024-10-19,191,0,0,371161.9584,427436.3142
109,2024-10-20,192,0,0,371161.9584,427436.3142
109,2024-10-21,193,2407.0144,2647.71584,373568.9728,430084.0301
109,2024-10-22,194,2407.0144,2647.71584,375975.9872,432731.7459
109,2024-10-23,195,2407.0144,2647.71584,378383.0016,435379.4618
109,2024-10-24,196,2407.0144,2647.71584,380790.016,438027.1776
109,2024-10-25,197,2407.0144,2647.71584,383197.0304,440674.8934
109,2024-10-26,198,0,0,383197.0304,440674.8934
109,2024-10-27,199,0,0,383197.0304,440674.8934
109,2024-10-28,200,2407.0144,2647.71584,385604.0448,443322.6093
109,2024-10-29,201,277.0144,304.71584,385881.0592,443627.3251
109,2024-10-30,202,277.0144,304.71584,386158.0736,443932.041
109,2024-10-31,203,277.0144,304.71584,386435.088,444236.7568
109,2024-11-01,204,277.0144,304.71584,386712.1024,444541.4726
109,2024-11-02,205,0,0,386712.1024,444541.4726
109,2024-11-03,206,0,0,386712.1024,444541.4726
109,2024-11-04,207,277.0144,304.71584,386989.1168,444846.1885
109,2024-11-05,208,277.0144,304.71584,387266.1312,445150.9043
109,2024-11-06,209,277.0144,304.71584,387543.1456,445455.6202
109,2024-11-07,210,277.0144,304.71584,387820.16,445760.336
110,2024-02-27,1,389.0944379,474.6952142,389.0944379,474.6952142
110,2024-02-28,2,389.0944379,474.6952142,778.1888757,949.3904284
110,2024-02-29,3,389.0944379,474.6952142,1167.283314,1424.085643
110,2024-03-01,4,389.0944379,474.6952142,1556.377751,1898.780857
110,2024-03-02,5,0,0,1556.377751,1898.780857
110,2024-03-03,6,0,0,1556.377751,1898.780857
110,2024-03-04,7,3850.094438,4627.895214,5406.472189,6526.676071
110,2024-03-05,8,3850.094438,4627.895214,9256.566627,11154.57129
110,2024-03-06,9,3850.094438,4627.895214,13106.66107,15782.4665
110,2024-03-07,10,3850.094438,4627.895214,16956.7555,20410.36171
110,2024-03-08,11,3850.094438,4627.895214,20806.84994,25038.25693
110,2024-03-09,12,0,0,20806.84994,25038.25693
110,2024-03-10,13,0,0,20806.84994,25038.25693
110,2024-03-11,14,3850.094438,4627.895214,24656.94438,29666.15214
110,2024-03-12,15,3850.094438,4627.895214,28507.03882,34294.04736
110,2024-03-13,16,3850.094438,4627.895214,32357.13325,38921.94257
110,2024-03-14,17,3850.094438,4627.895214,36207.22769,43549.83778
110,2024-03-15,18,3850.094438,4627.895214,40057.32213,48177.733
110,2024-03-16,19,0,0,40057.32213,48177.733
110,2024-03-17,20,0,0,40057.32213,48177.733
110,2024-03-18,21,3850.094438,4627.895214,43907.41657,52805.62821
110,2024-03-19,22,3850.094438,4627.895214,47757.51101,57433.52343
110,2024-03-20,23,3850.094438,4627.895214,51607.60544,62061.41864
110,2024-03-21,24,7811.489787,9500.411493,59419.09523,71561.83013
110,2024-03-22,25,4350.489787,5347.211493,63769.58502,76909.04163
110,2024-03-23,26,0,0,63769.58502,76909.04163
110,2024-03-24,27,0,0,63769.58502,76909.04163
110,2024-03-25,28,4350.489787,5347.211493,68120.0748,82256.25312
110,2024-03-26,29,4350.489787,5347.211493,72470.56459,87603.46461
110,2024-03-27,30,4350.489787,5347.211493,76821.05438,92950.67611
110,2024-03-28,31,4350.489787,5347.211493,81171.54416,98297.8876
110,2024-03-29,32,4350.489787,5347.211493,85522.03395,103645.0991
110,2024-03-30,33,0,0,85522.03395,103645.0991
110,2024-03-31,34,0,0,85522.03395,103645.0991
110,2024-04-01,35,4350.489787,5347.211493,89872.52374,108992.3106
110,2024-04-02,36,4350.489787,5347.211493,94223.01352,114339.5221
110,2024-04-03,37,4350.489787,5347.211493,98573.50331,119686.7336
110,2024-04-04,38,4350.489787,5347.211493,102923.9931,125033.9451
110,2024-04-05,39,4350.489787,5347.211493,107274.4829,130381.1566
110,2024-04-06,40,0,0,107274.4829,130381.1566
110,2024-04-07,41,0,0,107274.4829,130381.1566
110,2024-04-08,42,4350.489787,5347.211493,111624.9727,135728.3681
110,2024-04-09,43,4350.489787,5347.211493,115975.4625,141075.5795
110,2024-04-10,44,4350.489787,5347.211493,120325.9522,146422.791
110,2024-04-11,45,4350.489787,5347.211493,124676.442,151770.0025
110,2024-04-12,46,4350.489787,5347.211493,129026.9318,157117.214
110,2024-04-13,47,0,0,129026.9318,157117.214
110,2024-04-14,48,0,0,129026.9318,157117.214
110,2024-04-15,49,4350.489787,5347.211493,133377.4216,162464.4255
110,2024-04-16,50,4350.489787,5347.211493,137727.9114,167811.637
110,2024-04-17,51,4350.489787,5347.211493,142078.4012,173158.8485
110,2024-04-18,52,4350.489787,5347.211493,146428.891,178506.06
110,2024-04-19,53,4350.489787,5347.211493,150779.3808,183853.2715
110,2024-04-20,54,0,0,150779.3808,183853.2715
110,2024-04-21,55,0,0,150779.3808,183853.2715
110,2024-04-22,56,4350.489787,5347.211493,155129.8705,189200.483
110,2024-04-23,57,4350.489787,5347.211493,159480.3603,194547.6945
110,2024-04-24,58,4350.489787,5347.211493,163830.8501,199894.906
110,2024-04-25,59,4350.489787,5347.211493,168181.3399,205242.1175
110,2024-04-26,60,4350.489787,5347.211493,172531.8297,210589.329
110,2024-04-27,61,0,0,172531.8297,210589.329
110,2024-04-28,62,0,0,172531.8297,210589.329
110,2024-04-29,63,4350.489787,5347.211493,176882.3195,215936.5405
110,2024-04-30,64,4350.489787,5347.211493,181232.8093,221283.7519
110,2024-05-01,65,4350.489787,5347.211493,185583.299,226630.9634
110,2024-05-02,66,4350.489787,5347.211493,189933.7888,231978.1749
110,2024-05-03,67,4350.489787,5347.211493,194284.2786,237325.3864
110,2024-05-04,68,0,0,194284.2786,237325.3864
110,2024-05-05,69,0,0,194284.2786,237325.3864
110,2024-05-06,70,4350.489787,5347.211493,198634.7684,242672.5979
110,2024-05-07,71,4350.489787,5347.211493,202985.2582,248019.8094
110,2024-05-08,72,4350.489787,5347.211493,207335.748,253367.0209
110,2024-05-09,73,4350.489787,5347.211493,211686.2378,258714.2324
110,2024-05-10,74,4350.489787,5347.211493,216036.7276,264061.4439
110,2024-05-11,75,0,0,216036.7276,264061.4439
110,2024-05-12,76,0,0,216036.7276,264061.4439
110,2024-05-13,77,4350.489787,5347.211493,220387.2173,269408.6554
110,2024-05-14,78,4350.489787,5347.211493,224737.7071,274755.8669
110,2024-05-15,79,4350.489787,5347.211493,229088.1969,280103.0784
110,2024-05-16,80,4350.489787,5347.211493,233438.6867,285450.2899
110,2024-05-17,81,4350.489787,5347.211493,237789.1765,290797.5014
110,2024-05-18,82,0,0,237789.1765,290797.5014
110,2024-05-19,83,0,0,237789.1765,290797.5014
110,2024-05-20,84,4350.489787,5347.211493,242139.6663,296144.7129
110,2024-05-21,85,4350.489787,5347.211493,246490.1561,301491.9243
110,2024-05-22,86,4350.489787,5347.211493,250840.6458,306839.1358
110,2024-05-23,87,4350.489787,5347.211493,255191.1356,312186.3473
110,2024-05-24,88,4350.489787,5347.211493,259541.6254,317533.5588
110,2024-05-25,89,0,0,259541.6254,317533.5588
110,2024-05-26,90,0,0,259541.6254,317533.5588
110,2024-05-27,91,4350.489787,5347.211493,263892.1152,322880.7703
110,2024-05-28,92,4350.489787,5347.211493,268242.605,328227.9818
110,2024-05-29,93,4350.489787,5347.211493,272593.0948,333575.1933
110,2024-05-30,94,4350.489787,5347.211493,276943.5846,338922.4048
110,2024-05-31,95,4350.489787,5347.211493,281294.0744,344269.6163
110,2024-06-01,96,0,0,281294.0744,344269.6163
110,2024-06-02,97,0,0,281294.0744,344269.6163
110,2024-06-03,98,4350.489787,5347.211493,285644.5641,349616.8278
110,2024-06-04,99,4350.489787,5347.211493,289995.0539,354964.0393
110,2024-06-05,100,4350.489787,5347.211493,294345.5437,360311.2508
110,2024-06-06,101,4350.489787,5347.211493,298696.0335,365658.4623
110,2024-06-07,102,4350.489787,5347.211493,303046.5233,371005.6738
110,2024-06-08,103,0,0,303046.5233,371005.6738
110,2024-06-09,104,0,0,303046.5233,371005.6738
110,2024-06-10,105,4350.489787,5347.211493,307397.0131,376352.8853
110,2024-06-11,106,4350.489787,5347.211493,311747.5029,381700.0967
110,2024-06-12,107,4350.489787,5347.211493,316097.9926,387047.3082
110,2024-06-13,108,4350.489787,5347.211493,320448.4824,392394.5197
110,2024-06-14,109,4350.489787,5347.211493,324798.9722,397741.7312
110,2024-06-15,110,0,0,324798.9722,397741.7312
110,2024-06-16,111,0,0,324798.9722,397741.7312
110,2024-06-17,112,4350.489787,5347.211493,329149.462,403088.9427
110,2024-06-18,113,4350.489787,5347.211493,333499.9518,408436.1542
110,2024-06-19,114,4350.489787,5347.211493,337850.4416,413783.3657
110,2024-06-20,115,4350.489787,5347.211493,342200.9314,419130.5772
110,2024-06-21,116,4350.489787,5347.211493,346551.4212,424477.7887
110,2024-06-22,117,0,0,346551.4212,424477.7887
110,2024-06-23,118,0,0,346551.4212,424477.7887
110,2024-06-24,119,4350.489787,5347.211493,350901.9109,429825.0002
110,2024-06-25,120,4350.489787,5347.211493,355252.4007,435172.2117
110,2024-06-26,121,4350.489787,5347.211493,359602.8905,440519.4232
110,2024-06-27,122,4350.489787,5347.211493,363953.3803,445866.6347
110,2024-06-28,123,9081.369787,10882.34109,373034.7501,456748.9758
110,2024-06-29,124,0,0,373034.7501,456748.9758
110,2024-06-30,125,0,0,373034.7501,456748.9758
110,2024-07-01,126,9081.369787,10882.34109,382116.1199,467631.3169
110,2024-07-02,127,9081.369787,10882.34109,391197.4897,478513.6579
110,2024-07-03,128,9081.369787,10882.34109,400278.8594,489395.999
110,2024-07-04,129,9081.369787,10882.34109,409360.2292,500278.3401
110,2024-07-05,130,9081.369787,10882.34109,418441.599,511160.6812
110,2024-07-06,131,0,0,418441.599,511160.6812
110,2024-07-07,132,0,0,418441.599,511160.6812
110,2024-07-08,133,13776.23546,16281.43662,432217.8345,527442.1178
110,2024-07-09,134,13776.23546,16281.43662,445994.0699,543723.5545
110,2024-07-10,135,13776.23546,16281.43662,459770.3054,560004.9911
110,2024-07-11,136,13776.23546,16281.43662,473546.5409,576286.4277
110,2024-07-12,137,13776.23546,16281.43662,487322.7763,592567.8643
110,2024-07-13,138,0,0,487322.7763,592567.8643
110,2024-07-14,139,0,0,487322.7763,592567.8643
110,2024-07-15,140,13776.23546,16281.43662,501099.0118,608849.3009
110,2024-07-16,141,13776.23546,16281.43662,514875.2472,625130.7375
110,2024-07-17,142,13776.23546,16281.43662,528651.4827,641412.1741
110,2024-07-18,143,13776.23546,16281.43662,542427.7181,657693.6108
110,2024-07-19,144,9814.84011,11408.92034,552242.5583,669102.5311
110,2024-07-20,145,0,0,552242.5583,669102.5311
110,2024-07-21,146,0,0,552242.5583,669102.5311
110,2024-07-22,147,9814.84011,11408.92034,562057.3984,680511.4514
110,2024-07-23,148,9814.84011,11408.92034,571872.2385,691920.3718
110,2024-07-24,149,9814.84011,11408.92034,581687.0786,703329.2921
110,2024-07-25,150,9814.84011,11408.92034,591501.9187,714738.2124
110,2024-07-26,151,9814.84011,11408.92034,601316.7588,726147.1328
110,2024-07-27,152,0,0,601316.7588,726147.1328
110,2024-07-28,153,0,0,601316.7588,726147.1328
110,2024-07-29,154,9814.84011,11408.92034,611131.5989,737556.0531
110,2024-07-30,155,9814.84011,11408.92034,620946.439,748964.9735
110,2024-07-31,156,9814.84011,11408.92034,630761.2791,760373.8938
110,2024-08-01,157,9814.84011,11408.92034,640576.1192,771782.8141
110,2024-08-02,158,5083.96011,5873.790737,645660.0793,777656.6049
110,2024-08-03,159,0,0,645660.0793,777656.6049
110,2024-08-04,160,0,0,645660.0793,777656.6049
110,2024-08-05,161,5083.96011,5873.790737,650744.0395,783530.3956
110,2024-08-06,162,5083.96011,5873.790737,655827.9996,789404.1863
110,2024-08-07,163,5083.96011,5873.790737,660911.9597,795277.9771
110,2024-08-08,164,5083.96011,5873.790737,665995.9198,801151.7678
110,2024-08-09,165,5083.96011,5873.790737,671079.8799,807025.5585
110,2024-08-10,166,0,0,671079.8799,807025.5585
110,2024-08-11,167,0,0,671079.8799,807025.5585
110,2024-08-12,168,5083.96011,5873.790737,676163.84,812899.3493
110,2024-08-13,169,5083.96011,5873.790737,681247.8001,818773.14
110,2024-08-14,170,5083.96011,5873.790737,686331.7602,824646.9308
110,2024-08-15,171,5083.96011,5873.790737,691415.7203,830520.7215
110,2024-08-16,172,5083.96011,5873.790737,696499.6804,836394.5122
110,2024-08-17,173,0,0,696499.6804,836394.5122
110,2024-08-18,174,0,0,696499.6804,836394.5122
110,2024-08-19,175,5083.96011,5873.790737,701583.6406,842268.303
110,2024-08-20,176,5083.96011,5873.790737,706667.6007,848142.0937
110,2024-08-21,177,5083.96011,5873.790737,711751.5608,854015.8844
110,2024-08-22,178,5083.96011,5873.790737,716835.5209,859889.6752
110,2024-08-23,179,5083.96011,5873.790737,721919.481,865763.4659
110,2024-08-24,180,0,0,721919.481,865763.4659
110,2024-08-25,181,0,0,721919.481,865763.4659
110,2024-08-26,182,5083.96011,5873.790737,727003.4411,871637.2567
110,2024-08-27,183,5083.96011,5873.790737,732087.4012,877511.0474
110,2024-08-28,184,5083.96011,5873.790737,737171.3613,883384.8381
110,2024-08-29,185,5083.96011,5873.790737,742255.3214,889258.6289
110,2024-08-30,186,5083.96011,5873.790737,747339.2815,895132.4196
110,2024-08-31,187,0,0,747339.2815,895132.4196
110,2024-09-01,188,0,0,747339.2815,895132.4196
110,2024-09-02,189,5083.96011,5873.790737,752423.2416,901006.2103
110,2024-09-03,190,5083.96011,5873.790737,757507.2018,906880.0011
110,2024-09-04,191,5083.96011,5873.790737,762591.1619,912753.7918
110,2024-09-05,192,5083.96011,5873.790737,767675.122,918627.5825
110,2024-09-06,193,5083.96011,5873.790737,772759.0821,924501.3733
110,2024-09-07,194,0,0,772759.0821,924501.3733
110,2024-09-08,195,0,0,772759.0821,924501.3733
110,2024-09-09,196,5083.96011,5873.790737,777843.0422,930375.164
110,2024-09-10,197,5083.96011,5873.790737,782927.0023,936248.9548
110,2024-09-11,198,5083.96011,5873.790737,788010.9624,942122.7455
110,2024-09-12,199,5083.96011,5873.790737,793094.9225,947996.5362
110,2024-09-13,200,5083.96011,5873.790737,798178.8826,953870.327
110,2024-09-14,201,0,0,798178.8826,953870.327
110,2024-09-15,202,0,0,798178.8826,953870.327
110,2024-09-16,203,5083.96011,5873.790737,803262.8427,959744.1177
110,2024-09-17,204,5083.96011,5873.790737,808346.8029,965617.9084
110,2024-09-18,205,5083.96011,5873.790737,813430.763,971491.6992
110,2024-09-19,206,5083.96011,5873.790737,818514.7231,977365.4899
110,2024-09-20,207,5083.96011,5873.790737,823598.6832,983239.2806
110,2024-09-21,208,0,0,823598.6832,983239.2806
110,2024-09-22,209,0,0,823598.6832,983239.2806
110,2024-09-23,210,5083.96011,5873.790737,828682.6433,989113.0714
110,2024-09-24,211,5083.96011,5873.790737,833766.6034,994986.8621
110,2024-09-25,212,5083.96011,5873.790737,838850.5635,1000860.653
110,2024-09-26,213,5083.96011,5873.790737,843934.5236,1006734.444
110,2024-09-27,214,5083.96011,5873.790737,849018.4837,1012608.234
110,2024-09-28,215,0,0,849018.4837,1012608.234
110,2024-09-29,216,0,0,849018.4837,1012608.234
110,2024-09-30,217,5083.96011,5873.790737,854102.4438,1018482.025
110,2024-10-01,218,5083.96011,5873.790737,859186.4039,1024355.816
110,2024-10-02,219,5083.96011,5873.790737,864270.3641,1030229.607
110,2024-10-03,220,5083.96011,5873.790737,869354.3242,1036103.397
110,2024-10-04,221,5083.96011,5873.790737,874438.2843,1041977.188
110,2024-10-05,222,0,0,874438.2843,1041977.188
110,2024-10-06,223,0,0,874438.2843,1041977.188
110,2024-10-07,224,5083.96011,5873.790737,879522.2444,1047850.979
110,2024-10-08,225,5083.96011,5873.790737,884606.2045,1053724.769
110,2024-10-09,226,389.0944379,474.6952142,884995.2989,1054199.465
110,2024-10-10,227,389.0944379,474.6952142,885384.3934,1054674.16
110,2024-10-11,228,389.0944379,474.6952142,885773.4878,1055148.855
110,2024-10-12,229,0,0,885773.4878,1055148.855
110,2024-10-13,230,0,0,885773.4878,1055148.855
110,2024-10-14,231,389.0944379,474.6952142,886162.5822,1055623.55
110,2024-10-15,232,389.0944379,474.6952142,886551.6767,1056098.246
110,2024-10-16,233,389.0944379,474.6952142,886940.7711,1056572.941
110,2024-10-17,234,389.0944379,474.6952142,887329.8656,1057047.636
110,2024-10-18,235,389.0944379,474.6952142,887718.96,1057522.331
111,2024-04-11,1,433.2998444,485.2958257,433.2998444,485.2958257
111,2024-04-12,2,433.2998444,485.2958257,866.5996887,970.5916514
111,2024-04-13,3,0,0,866.5996887,970.5916514
111,2024-04-14,4,0,0,866.5996887,970.5916514
111,2024-04-15,5,433.2998444,485.2958257,1299.899533,1455.887477
111,2024-04-16,6,2337.734627,2846.794956,3637.63416,4302.682433
111,2024-04-17,7,2337.734627,2846.794956,5975.368787,7149.477389
111,2024-04-18,8,2337.734627,2846.794956,8313.103414,9996.272345
111,2024-04-19,9,2337.734627,2846.794956,10650.83804,12843.0673
111,2024-04-20,10,0,0,10650.83804,12843.0673
111,2024-04-21,11,0,0,10650.83804,12843.0673
111,2024-04-22,12,2337.734627,2846.794956,12988.57267,15689.86226
111,2024-04-23,13,2337.734627,2846.794956,15326.30729,18536.65721
111,2024-04-24,14,2337.734627,2846.794956,17664.04192,21383.45217
111,2024-04-25,15,2337.734627,2846.794956,20001.77655,24230.24713
111,2024-04-26,16,2337.734627,2846.794956,22339.51118,27077.04208
111,2024-04-27,17,0,0,22339.51118,27077.04208
111,2024-04-28,18,0,0,22339.51118,27077.04208
111,2024-04-29,19,2337.734627,2846.794956,24677.2458,29923.83704
111,2024-04-30,20,2337.734627,2846.794956,27014.98043,32770.63199
111,2024-05-01,21,2337.734627,2846.794956,29352.71506,35617.42695
111,2024-05-02,22,2337.734627,2846.794956,31690.44968,38464.22191
111,2024-05-03,23,2337.734627,2846.794956,34028.18431,41311.01686
111,2024-05-04,24,0,0,34028.18431,41311.01686
111,2024-05-05,25,0,0,34028.18431,41311.01686
111,2024-05-06,26,2337.734627,2846.794956,36365.91894,44157.81182
111,2024-05-07,27,2337.734627,2846.794956,38703.65356,47004.60677
111,2024-05-08,28,2337.734627,2846.794956,41041.38819,49851.40173
111,2024-05-09,29,2337.734627,2846.794956,43379.12282,52698.19669
111,2024-05-10,30,2337.734627,2846.794956,45716.85745,55544.99164
111,2024-05-11,31,0,0,45716.85745,55544.99164
111,2024-05-12,32,0,0,45716.85745,55544.99164
111,2024-05-13,33,2337.734627,2846.794956,48054.59207,58391.7866
111,2024-05-14,34,2337.734627,2846.794956,50392.3267,61238.58156
111,2024-05-15,35,2337.734627,2846.794956,52730.06133,64085.37651
111,2024-05-16,36,5051.558951,6239.075362,57781.62028,70324.45187
111,2024-05-17,37,3147.124169,3877.576231,60928.74445,74202.0281
111,2024-05-18,38,0,0,60928.74445,74202.0281
111,2024-05-19,39,0,0,60928.74445,74202.0281
111,2024-05-20,40,3147.124169,3877.576231,64075.86861,78079.60434
111,2024-05-21,41,3147.124169,3877.576231,67222.99278,81957.18057
111,2024-05-22,42,3147.124169,3877.576231,70370.11695,85834.7568
111,2024-05-23,43,3147.124169,3877.576231,73517.24112,89712.33303
111,2024-05-24,44,3147.124169,3877.576231,76664.36529,93589.90926
111,2024-05-25,45,0,0,76664.36529,93589.90926
111,2024-05-26,46,0,0,76664.36529,93589.90926
111,2024-05-27,47,3147.124169,3877.576231,79811.48946,97467.48549
111,2024-05-28,48,3147.124169,3877.576231,82958.61363,101345.0617
111,2024-05-29,49,3147.124169,3877.576231,86105.7378,105222.638
111,2024-05-30,50,3147.124169,3877.576231,89252.86196,109100.2142
111,2024-05-31,51,3147.124169,3877.576231,92399.98613,112977.7904
111,2024-06-01,52,0,0,92399.98613,112977.7904
111,2024-06-02,53,0,0,92399.98613,112977.7904
111,2024-06-03,54,3147.124169,3877.576231,95547.1103,116855.3666
111,2024-06-04,55,3147.124169,3877.576231,98694.23447,120732.9429
111,2024-06-05,56,3147.124169,3877.576231,101841.3586,124610.5191
111,2024-06-06,57,3147.124169,3877.576231,104988.4828,128488.0953
111,2024-06-07,58,3147.124169,3877.576231,108135.607,132365.6716
111,2024-06-08,59,0,0,108135.607,132365.6716
111,2024-06-09,60,0,0,108135.607,132365.6716
111,2024-06-10,61,3147.124169,3877.576231,111282.7311,136243.2478
111,2024-06-11,62,3147.124169,3877.576231,114429.8553,140120.824
111,2024-06-12,63,3147.124169,3877.576231,117576.9795,143998.4003
111,2024-06-13,64,3147.124169,3877.576231,120724.1037,147875.9765
111,2024-06-14,65,3147.124169,3877.576231,123871.2278,151753.5527
111,2024-06-15,66,0,0,123871.2278,151753.5527
111,2024-06-16,67,0,0,123871.2278,151753.5527
111,2024-06-17,68,3147.124169,3877.576231,127018.352,155631.129
111,2024-06-18,69,3147.124169,3877.576231,130165.4762,159508.7052
111,2024-06-19,70,3147.124169,3877.576231,133312.6003,163386.2814
111,2024-06-20,71,3147.124169,3877.576231,136459.7245,167263.8577
111,2024-06-21,72,3147.124169,3877.576231,139606.8487,171141.4339
111,2024-06-22,73,0,0,139606.8487,171141.4339
111,2024-06-23,74,0,0,139606.8487,171141.4339
111,2024-06-24,75,3147.124169,3877.576231,142753.9728,175019.0101
111,2024-06-25,76,3147.124169,3877.576231,145901.097,178896.5863
111,2024-06-26,77,3147.124169,3877.576231,149048.2212,182774.1626
111,2024-06-27,78,3147.124169,3877.576231,152195.3453,186651.7388
111,2024-06-28,79,3147.124169,3877.576231,155342.4695,190529.315
111,2024-06-29,80,0,0,155342.4695,190529.315
111,2024-06-30,81,0,0,155342.4695,190529.315
111,2024-07-01,82,3147.124169,3877.576231,158489.5937,194406.8913
111,2024-07-02,83,3147.124169,3877.576231,161636.7178,198284.4675
111,2024-07-03,84,3147.124169,3877.576231,164783.842,202162.0437
111,2024-07-04,85,3147.124169,3877.576231,167930.9662,206039.62
111,2024-07-05,86,3147.124169,3877.576231,171078.0904,209917.1962
111,2024-07-06,87,0,0,171078.0904,209917.1962
111,2024-07-07,88,0,0,171078.0904,209917.1962
111,2024-07-08,89,3147.124169,3877.576231,174225.2145,213794.7724
111,2024-07-09,90,3147.124169,3877.576231,177372.3387,217672.3487
111,2024-07-10,91,3147.124169,3877.576231,180519.4629,221549.9249
111,2024-07-11,92,3147.124169,3877.576231,183666.587,225427.5011
111,2024-07-12,93,3147.124169,3877.576231,186813.7112,229305.0773
111,2024-07-13,94,0,0,186813.7112,229305.0773
111,2024-07-14,95,0,0,186813.7112,229305.0773
111,2024-07-15,96,3147.124169,3877.576231,189960.8354,233182.6536
111,2024-07-16,97,3147.124169,3877.576231,193107.9595,237060.2298
111,2024-07-17,98,3147.124169,3877.576231,196255.0837,240937.806
111,2024-07-18,99,3147.124169,3877.576231,199402.2079,244815.3823
111,2024-07-19,100,3147.124169,3877.576231,202549.332,248692.9585
111,2024-07-20,101,0,0,202549.332,248692.9585
111,2024-07-21,102,0,0,202549.332,248692.9585
111,2024-07-22,103,3147.124169,3877.576231,205696.4562,252570.5347
111,2024-07-23,104,3147.124169,3877.576231,208843.5804,256448.111
111,2024-07-24,105,3147.124169,3877.576231,211990.7045,260325.6872
111,2024-07-25,106,3147.124169,3877.576231,215137.8287,264203.2634
111,2024-07-26,107,3147.124169,3877.576231,218284.9529,268080.8397
111,2024-07-27,108,0,0,218284.9529,268080.8397
111,2024-07-28,109,0,0,218284.9529,268080.8397
111,2024-07-29,110,3147.124169,3877.576231,221432.077,271958.4159
111,2024-07-30,111,3147.124169,3877.576231,224579.2012,275835.9921
111,2024-07-31,112,3147.124169,3877.576231,227726.3254,279713.5684
111,2024-08-01,113,3147.124169,3877.576231,230873.4496,283591.1446
111,2024-08-02,114,3147.124169,3877.576231,234020.5737,287468.7208
111,2024-08-03,115,0,0,234020.5737,287468.7208
111,2024-08-04,116,0,0,234020.5737,287468.7208
111,2024-08-05,117,3147.124169,3877.576231,237167.6979,291346.297
111,2024-08-06,118,3147.124169,3877.576231,240314.8221,295223.8733
111,2024-08-07,119,6655.308379,8332.970178,246970.1304,303556.8435
111,2024-08-08,120,6655.308379,8332.970178,253625.4388,311889.8136
111,2024-08-09,121,6655.308379,8332.970178,260280.7472,320222.7838
111,2024-08-10,122,0,0,260280.7472,320222.7838
111,2024-08-11,123,0,0,260280.7472,320222.7838
111,2024-08-12,124,6655.308379,8332.970178,266936.0556,328555.754
111,2024-08-13,125,6655.308379,8332.970178,273591.364,336888.7242
111,2024-08-14,126,6655.308379,8332.970178,280246.6723,345221.6943
111,2024-08-15,127,6655.308379,8332.970178,286901.9807,353554.6645
111,2024-08-16,128,6655.308379,8332.970178,293557.2891,361887.6347
111,2024-08-17,129,0,0,293557.2891,361887.6347
111,2024-08-18,130,0,0,293557.2891,361887.6347
111,2024-08-19,131,10645.30838,12841.67018,304202.5975,374729.3049
111,2024-08-20,132,10645.30838,12841.67018,314847.9059,387570.9751
111,2024-08-21,133,10645.30838,12841.67018,325493.2142,400412.6452
111,2024-08-22,134,10645.30838,12841.67018,336138.5226,413254.3154
111,2024-08-23,135,10645.30838,12841.67018,346783.831,426095.9856
111,2024-08-24,136,0,0,346783.831,426095.9856
111,2024-08-25,137,0,0,346783.831,426095.9856
111,2024-08-26,138,10645.30838,12841.67018,357429.1394,438937.6558
111,2024-08-27,139,10645.30838,12841.67018,368074.4477,451779.326
111,2024-08-28,140,7931.484055,9449.389773,376005.9318,461228.7157
111,2024-08-29,141,7931.484055,9449.389773,383937.4159,470678.1055
111,2024-08-30,142,7931.484055,9449.389773,391868.8999,480127.4953
111,2024-08-31,143,0,0,391868.8999,480127.4953
111,2024-09-01,144,0,0,391868.8999,480127.4953
111,2024-09-02,145,7931.484055,9449.389773,399800.384,489576.885
111,2024-09-03,146,7931.484055,9449.389773,407731.868,499026.2748
111,2024-09-04,147,7931.484055,9449.389773,415663.3521,508475.6646
111,2024-09-05,148,7931.484055,9449.389773,423594.8361,517925.0544
111,2024-09-06,149,7931.484055,9449.389773,431526.3202,527374.4441
111,2024-09-07,150,0,0,431526.3202,527374.4441
111,2024-09-08,151,0,0,431526.3202,527374.4441
111,2024-09-09,152,7931.484055,9449.389773,439457.8042,536823.8339
111,2024-09-10,153,7931.484055,9449.389773,447389.2883,546273.2237
111,2024-09-11,154,7931.484055,9449.389773,455320.7724,555722.6135
111,2024-09-12,155,7931.484055,9449.389773,463252.2564,565172.0032
111,2024-09-13,156,7931.484055,9449.389773,471183.7405,574621.393
111,2024-09-14,157,0,0,471183.7405,574621.393
111,2024-09-15,158,0,0,471183.7405,574621.393
111,2024-09-16,159,7931.484055,9449.389773,479115.2245,584070.7828
111,2024-09-17,160,7931.484055,9449.389773,487046.7086,593520.1725
111,2024-09-18,161,7931.484055,9449.389773,494978.1926,602969.5623
111,2024-09-19,162,7931.484055,9449.389773,502909.6767,612418.9521
111,2024-09-20,163,7931.484055,9449.389773,510841.1607,621868.3419
111,2024-09-21,164,0,0,510841.1607,621868.3419
111,2024-09-22,165,0,0,510841.1607,621868.3419
111,2024-09-23,166,7931.484055,9449.389773,518772.6448,631317.7316
111,2024-09-24,167,7931.484055,9449.389773,526704.1288,640767.1214
111,2024-09-25,168,7931.484055,9449.389773,534635.6129,650216.5112
111,2024-09-26,169,7931.484055,9449.389773,542567.097,659665.901
111,2024-09-27,170,7931.484055,9449.389773,550498.581,669115.2907
111,2024-09-28,171,0,0,550498.581,669115.2907
111,2024-09-29,172,0,0,550498.581,669115.2907
111,2024-09-30,173,4423.299844,4993.995826,554921.8809,674109.2866
111,2024-10-01,174,4423.299844,4993.995826,559345.1807,679103.2824
111,2024-10-02,175,4423.299844,4993.995826,563768.4805,684097.2782
111,2024-10-03,176,4423.299844,4993.995826,568191.7804,689091.274
111,2024-10-04,177,4423.299844,4993.995826,572615.0802,694085.2699
111,2024-10-05,178,0,0,572615.0802,694085.2699
111,2024-10-06,179,0,0,572615.0802,694085.2699
111,2024-10-07,180,4423.299844,4993.995826,577038.3801,699079.2657
111,2024-10-08,181,4423.299844,4993.995826,581461.6799,704073.2615
111,2024-10-09,182,4423.299844,4993.995826,585884.9798,709067.2573
111,2024-10-10,183,4423.299844,4993.995826,590308.2796,714061.2532
111,2024-10-11,184,4423.299844,4993.995826,594731.5795,719055.249
111,2024-10-12,185,0,0,594731.5795,719055.249
111,2024-10-13,186,0,0,594731.5795,719055.249
111,2024-10-14,187,4423.299844,4993.995826,599154.8793,724049.2448
111,2024-10-15,188,4423.299844,4993.995826,603578.1791,729043.2406
111,2024-10-16,189,4423.299844,4993.995826,608001.479,734037.2365
111,2024-10-17,190,4423.299844,4993.995826,612424.7788,739031.2323
111,2024-10-18,191,4423.299844,4993.995826,616848.0787,744025.2281
111,2024-10-19,192,0,0,616848.0787,744025.2281
111,2024-10-20,193,0,0,616848.0787,744025.2281
111,2024-10-21,194,4423.299844,4993.995826,621271.3785,749019.2239
111,2024-10-22,195,4423.299844,4993.995826,625694.6784,754013.2198
111,2024-10-23,196,4423.299844,4993.995826,630117.9782,759007.2156
111,2024-10-24,197,4423.299844,4993.995826,634541.2781,764001.2114
111,2024-10-25,198,4423.299844,4993.995826,638964.5779,768995.2072
111,2024-10-26,199,0,0,638964.5779,768995.2072
111,2024-10-27,200,0,0,638964.5779,768995.2072
111,2024-10-28,201,4423.299844,4993.995826,643387.8777,773989.2031
111,2024-10-29,202,4423.299844,4993.995826,647811.1776,778983.1989
111,2024-10-30,203,4423.299844,4993.995826,652234.4774,783977.1947
111,2024-10-31,204,4423.299844,4993.995826,656657.7773,788971.1905
111,2024-11-01,205,4423.299844,4993.995826,661081.0771,793965.1864
111,2024-11-02,206,0,0,661081.0771,793965.1864
111,2024-11-03,207,0,0,661081.0771,793965.1864
111,2024-11-04,208,4423.299844,4993.995826,665504.377,798959.1822
111,2024-11-05,209,4423.299844,4993.995826,669927.6768,803953.178
111,2024-11-06,210,4423.299844,4993.995826,674350.9767,808947.1739
111,2024-11-07,211,4423.299844,4993.995826,678774.2765,813941.1697
111,2024-11-08,212,4423.299844,4993.995826,683197.5763,818935.1655
111,2024-11-09,213,0,0,683197.5763,818935.1655
111,2024-11-10,214,0,0,683197.5763,818935.1655
111,2024-11-11,215,4423.299844,4993.995826,687620.8762,823929.1613
111,2024-11-12,216,4423.299844,4993.995826,692044.176,828923.1572
111,2024-11-13,217,4423.299844,4993.995826,696467.4759,833917.153
111,2024-11-14,218,4423.299844,4993.995826,700890.7757,838911.1488
111,2024-11-15,219,4423.299844,4993.995826,705314.0756,843905.1446
111,2024-11-16,220,0,0,705314.0756,843905.1446
111,2024-11-17,221,0,0,705314.0756,843905.1446
111,2024-11-18,222,4423.299844,4993.995826,709737.3754,848899.1405
111,2024-11-19,223,4423.299844,4993.995826,714160.6753,853893.1363
111,2024-11-20,224,4423.299844,4993.995826,718583.9751,858887.1321
111,2024-11-21,225,4423.299844,4993.995826,723007.2749,863881.1279
111,2024-11-22,226,4423.299844,4993.995826,727430.5748,868875.1238
111,2024-11-23,227,0,0,727430.5748,868875.1238
111,2024-11-24,228,0,0,727430.5748,868875.1238
111,2024-11-25,229,4423.299844,4993.995826,731853.8746,873869.1196
111,2024-11-26,230,4423.299844,4993.995826,736277.1745,878863.1154
111,2024-11-27,231,4423.299844,4993.995826,740700.4743,883857.1112
111,2024-11-28,232,4423.299844,4993.995826,745123.7742,888851.1071
111,2024-11-29,233,4423.299844,4993.995826,749547.074,893845.1029
111,2024-11-30,234,0,0,749547.074,893845.1029
111,2024-12-01,235,0,0,749547.074,893845.1029
111,2024-12-02,236,4423.299844,4993.995826,753970.3739,898839.0987
111,2024-12-03,237,4423.299844,4993.995826,758393.6737,903833.0945
111,2024-12-04,238,4423.299844,4993.995826,762816.9735,908827.0904
111,2024-12-05,239,4423.299844,4993.995826,767240.2734,913821.0862
111,2024-12-06,240,4423.299844,4993.995826,771663.5732,918815.082
111,2024-12-07,241,0,0,771663.5732,918815.082
111,2024-12-08,242,0,0,771663.5732,918815.082
111,2024-12-09,243,4423.299844,4993.995826,776086.8731,923809.0778
111,2024-12-10,244,4423.299844,4993.995826,780510.1729,928803.0737
111,2024-12-11,245,4423.299844,4993.995826,784933.4728,933797.0695
111,2024-12-12,246,4423.299844,4993.995826,789356.7726,938791.0653
111,2024-12-13,247,4423.299844,4993.995826,793780.0725,943785.0611
111,2024-12-14,248,0,0,793780.0725,943785.0611
111,2024-12-15,249,0,0,793780.0725,943785.0611
111,2024-12-16,250,4423.299844,4993.995826,798203.3723,948779.057
111,2024-12-17,251,4423.299844,4993.995826,802626.6721,953773.0528
111,2024-12-18,252,4423.299844,4993.995826,807049.972,958767.0486
111,2024-12-19,253,4423.299844,4993.995826,811473.2718,963761.0444
111,2024-12-20,254,4423.299844,4993.995826,815896.5717,968755.0403
111,2024-12-21,255,0,0,815896.5717,968755.0403
111,2024-12-22,256,0,0,815896.5717,968755.0403
111,2024-12-23,257,4423.299844,4993.995826,820319.8715,973749.0361
111,2024-12-24,258,4423.299844,4993.995826,824743.1714,978743.0319
111,2024-12-25,259,4423.299844,4993.995826,829166.4712,983737.0278
111,2024-12-26,260,4423.299844,4993.995826,833589.7711,988731.0236
111,2024-12-27,261,4423.299844,4993.995826,838013.0709,993725.0194
111,2024-12-28,262,0,0,838013.0709,993725.0194
111,2024-12-29,263,0,0,838013.0709,993725.0194
111,2024-12-30,264,4423.299844,4993.995826,842436.3707,998719.0152
111,2024-12-31,265,4423.299844,4993.995826,846859.6706,1003713.011
111,2025-01-01,266,4423.299844,4993.995826,851282.9704,1008707.007
111,2025-01-02,267,4423.299844,4993.995826,855706.2703,1013701.003
111,2025-01-03,268,4423.299844,4993.995826,860129.5701,1018694.999
111,2025-01-04,269,0,0,860129.5701,1018694.999
111,2025-01-05,270,0,0,860129.5701,1018694.999
111,2025-01-06,271,4423.299844,4993.995826,864552.87,1023688.994
111,2025-01-07,272,4423.299844,4993.995826,868976.1698,1028682.99
111,2025-01-08,273,4423.299844,4993.995826,873399.4696,1033676.986
111,2025-01-09,274,4423.299844,4993.995826,877822.7695,1038670.982
111,2025-01-10,275,4423.299844,4993.995826,882246.0693,1043664.978
111,2025-01-11,276,0,0,882246.0693,1043664.978
111,2025-01-12,277,0,0,882246.0693,1043664.978
111,2025-01-13,278,4423.299844,4993.995826,886669.3692,1048658.973
111,2025-01-14,279,4423.299844,4993.995826,891092.669,1053652.969
111,2025-01-15,280,4423.299844,4993.995826,895515.9689,1058646.965
111,2025-01-16,281,4423.299844,4993.995826,899939.2687,1063640.961
111,2025-01-17,282,4423.299844,4993.995826,904362.5686,1068634.957
111,2025-01-18,283,0,0,904362.5686,1068634.957
111,2025-01-19,284,0,0,904362.5686,1068634.957
111,2025-01-20,285,4423.299844,4993.995826,908785.8684,1073628.953
111,2025-01-21,286,4423.299844,4993.995826,913209.1682,1078622.948
111,2025-01-22,287,4423.299844,4993.995826,917632.4681,1083616.944
111,2025-01-23,288,4423.299844,4993.995826,922055.7679,1088610.94
111,2025-01-24,289,4423.299844,4993.995826,926479.0678,1093604.936
111,2025-01-25,290,0,0,926479.0678,1093604.936
111,2025-01-26,291,0,0,926479.0678,1093604.936
111,2025-01-27,292,4423.299844,4993.995826,930902.3676,1098598.932
111,2025-01-28,293,4423.299844,4993.995826,935325.6675,1103592.928
111,2025-01-29,294,4423.299844,4993.995826,939748.9673,1108586.923
111,2025-01-30,295,4423.299844,4993.995826,944172.2672,1113580.919
111,2025-01-31,296,4423.299844,4993.995826,948595.567,1118574.915
111,2025-02-01,297,0,0,948595.567,1118574.915
111,2025-02-02,298,0,0,948595.567,1118574.915
111,2025-02-03,299,4423.299844,4993.995826,953018.8668,1123568.911
111,2025-02-04,300,4423.299844,4993.995826,957442.1667,1128562.907
111,2025-02-05,301,4423.299844,4993.995826,961865.4665,1133556.903
111,2025-02-06,302,4423.299844,4993.995826,966288.7664,1138550.898
111,2025-02-07,303,4423.299844,4993.995826,970712.0662,1143544.894
111,2025-02-08,304,0,0,970712.0662,1143544.894
111,2025-02-09,305,0,0,970712.0662,1143544.894
111,2025-02-10,306,4423.299844,4993.995826,975135.3661,1148538.89
111,2025-02-11,307,4423.299844,4993.995826,979558.6659,1153532.886
111,2025-02-12,308,4423.299844,4993.995826,983981.9658,1158526.882
111,2025-02-13,309,4423.299844,4993.995826,988405.2656,1163520.877
111,2025-02-14,310,4423.299844,4993.995826,992828.5654,1168514.873
111,2025-02-15,311,0,0,992828.5654,1168514.873
111,2025-02-16,312,0,0,992828.5654,1168514.873
111,2025-02-17,313,4423.299844,4993.995826,997251.8653,1173508.869
111,2025-02-18,314,4423.299844,4993.995826,1001675.165,1178502.865
111,2025-02-19,315,4423.299844,4993.995826,1006098.465,1183496.861
111,2025-02-20,316,4423.299844,4993.995826,1010521.765,1188490.857
111,2025-02-21,317,4423.299844,4993.995826,1014945.065,1193484.852
111,2025-02-22,318,0,0,1014945.065,1193484.852
111,2025-02-23,319,0,0,1014945.065,1193484.852
111,2025-02-24,320,4423.299844,4993.995826,1019368.365,1198478.848
111,2025-02-25,321,4423.299844,4993.995826,1023791.664,1203472.844
111,2025-02-26,322,4423.299844,4993.995826,1028214.964,1208466.84
111,2025-02-27,323,4423.299844,4993.995826,1032638.264,1213460.836
111,2025-02-28,324,4423.299844,4993.995826,1037061.564,1218454.832
111,2025-03-01,325,0,0,1037061.564,1218454.832
111,2025-03-02,326,0,0,1037061.564,1218454.832
111,2025-03-03,327,4423.299844,4993.995826,1041484.864,1223448.827
111,2025-03-04,328,4423.299844,4993.995826,1045908.164,1228442.823
111,2025-03-05,329,4423.299844,4993.995826,1050331.463,1233436.819
111,2025-03-06,330,4423.299844,4993.995826,1054754.763,1238430.815
111,2025-03-07,331,4423.299844,4993.995826,1059178.063,1243424.811
111,2025-03-08,332,0,0,1059178.063,1243424.811
111,2025-03-09,333,0,0,1059178.063,1243424.811
111,2025-03-10,334,4423.299844,4993.995826,1063601.363,1248418.807
111,2025-03-11,335,4423.299844,4993.995826,1068024.663,1253412.802
111,2025-03-12,336,4423.299844,4993.995826,1072447.963,1258406.798
111,2025-03-13,337,4423.299844,4993.995826,1076871.262,1263400.794
111,2025-03-14,338,4423.299844,4993.995826,1081294.562,1268394.79
111,2025-03-15,339,0,0,1081294.562,1268394.79
111,2025-03-16,340,0,0,1081294.562,1268394.79
111,2025-03-17,341,4423.299844,4993.995826,1085717.862,1273388.786
111,2025-03-18,342,4423.299844,4993.995826,1090141.162,1278382.781
111,2025-03-19,343,4423.299844,4993.995826,1094564.462,1283376.777
111,2025-03-20,344,4423.299844,4993.995826,1098987.762,1288370.773
111,2025-03-21,345,4423.299844,4993.995826,1103411.062,1293364.769
111,2025-03-22,346,0,0,1103411.062,1293364.769
111,2025-03-23,347,0,0,1103411.062,1293364.769
111,2025-03-24,348,4423.299844,4993.995826,1107834.361,1298358.765
111,2025-03-25,349,4423.299844,4993.995826,1112257.661,1303352.761
111,2025-03-26,350,4423.299844,4993.995826,1116680.961,1308346.756
111,2025-03-27,351,4423.299844,4993.995826,1121104.261,1313340.752
111,2025-03-28,352,433.2998444,485.2958257,1121537.561,1313826.048
111,2025-03-29,353,0,0,1121537.561,1313826.048
111,2025-03-30,354,0,0,1121537.561,1313826.048
111,2025-03-31,355,433.2998444,485.2958257,1121970.861,1314311.344
111,2025-04-01,356,433.2998444,485.2958257,1122404.16,1314796.64
111,2025-04-02,357,433.2998444,485.2958257,1122837.46,1315281.936
111,2025-04-03,358,433.2998444,485.2958257,1123270.76,1315767.231
111,2025-04-04,359,433.2998444,485.2958257,1123704.06,1316252.527
111,2025-04-05,360,0,0,1123704.06,1316252.527
111,2025-04-06,361,0,0,1123704.06,1316252.527
112,2024-05-01,1,490.3822086,622.7854049,490.3822086,622.7854049
112,2024-05-02,2,490.3822086,622.7854049,980.7644172,1245.57081
112,2024-05-03,3,490.3822086,622.7854049,1471.146626,1868.356215
112,2024-05-04,4,0,0,1471.146626,1868.356215
112,2024-05-05,5,0,0,1471.146626,1868.356215
112,2024-05-06,6,5055.826653,6283.936516,6526.973279,8152.292731
112,2024-05-07,7,5055.826653,6283.936516,11582.79993,14436.22925
112,2024-05-08,8,5055.826653,6283.936516,16638.62658,20720.16576
112,2024-05-09,9,5055.826653,6283.936516,21694.45324,27004.10228
112,2024-05-10,10,5055.826653,6283.936516,26750.27989,33288.03879
112,2024-05-11,11,0,0,26750.27989,33288.03879
112,2024-05-12,12,0,0,26750.27989,33288.03879
112,2024-05-13,13,5055.826653,6283.936516,31806.10654,39571.97531
112,2024-05-14,14,5055.826653,6283.936516,36861.9332,45855.91183
112,2024-05-15,15,5055.826653,6283.936516,41917.75985,52139.84834
112,2024-05-16,16,5055.826653,6283.936516,46973.5865,58423.78486
112,2024-05-17,17,5055.826653,6283.936516,52029.41316,64707.72137
112,2024-05-18,18,0,0,52029.41316,64707.72137
112,2024-05-19,19,0,0,52029.41316,64707.72137
112,2024-05-20,20,5055.826653,6283.936516,57085.23981,70991.65789
112,2024-05-21,21,5055.826653,6283.936516,62141.06646,77275.59441
112,2024-05-22,22,5055.826653,6283.936516,67196.89312,83559.53092
112,2024-05-23,23,5055.826653,6283.936516,72252.71977,89843.46744
112,2024-05-24,24,5055.826653,6283.936516,77308.54642,96127.40396
112,2024-05-25,25,0,0,77308.54642,96127.40396
112,2024-05-26,26,0,0,77308.54642,96127.40396
112,2024-05-27,27,5055.826653,6283.936516,82364.37307,102411.3405
112,2024-05-28,28,5055.826653,6283.936516,87420.19973,108695.277
112,2024-05-29,29,7632.894835,9170.25288,95053.09456,117865.5299
112,2024-05-30,30,3067.45039,3509.101769,98120.54495,121374.6316
112,2024-05-31,31,3067.45039,3509.101769,101187.9953,124883.7334
112,2024-06-01,32,0,0,101187.9953,124883.7334
112,2024-06-02,33,0,0,101187.9953,124883.7334
112,2024-06-03,34,3067.45039,3509.101769,104255.4457,128392.8352
112,2024-06-04,35,3067.45039,3509.101769,107322.8961,131901.9369
112,2024-06-05,36,3067.45039,3509.101769,110390.3465,135411.0387
112,2024-06-06,37,3067.45039,3509.101769,113457.7969,138920.1405
112,2024-06-07,38,3067.45039,3509.101769,116525.2473,142429.2422
112,2024-06-08,39,0,0,116525.2473,142429.2422
112,2024-06-09,40,0,0,116525.2473,142429.2422
112,2024-06-10,41,3067.45039,3509.101769,119592.6977,145938.344
112,2024-06-11,42,3067.45039,3509.101769,122660.1481,149447.4458
112,2024-06-12,43,3067.45039,3509.101769,125727.5985,152956.5476
112,2024-06-13,44,3067.45039,3509.101769,128795.0489,156465.6493
112,2024-06-14,45,3067.45039,3509.101769,131862.4992,159974.7511
112,2024-06-15,46,0,0,131862.4992,159974.7511
112,2024-06-16,47,0,0,131862.4992,159974.7511
112,2024-06-17,48,3067.45039,3509.101769,134929.9496,163483.8529
112,2024-06-18,49,3067.45039,3509.101769,137997.4,166992.9546
112,2024-06-19,50,3067.45039,3509.101769,141064.8504,170502.0564
112,2024-06-20,51,3067.45039,3509.101769,144132.3008,174011.1582
112,2024-06-21,52,3067.45039,3509.101769,147199.7512,177520.2599
112,2024-06-22,53,0,0,147199.7512,177520.2599
112,2024-06-23,54,0,0,147199.7512,177520.2599
112,2024-06-24,55,3067.45039,3509.101769,150267.2016,181029.3617
112,2024-06-25,56,3067.45039,3509.101769,153334.652,184538.4635
112,2024-06-26,57,3067.45039,3509.101769,156402.1024,188047.5652
112,2024-06-27,58,3067.45039,3509.101769,159469.5528,191556.667
112,2024-06-28,59,3067.45039,3509.101769,162537.0032,195065.7688
112,2024-06-29,60,0,0,162537.0032,195065.7688
112,2024-06-30,61,0,0,162537.0032,195065.7688
112,2024-07-01,62,3067.45039,3509.101769,165604.4535,198574.8705
112,2024-07-02,63,3067.45039,3509.101769,168671.9039,202083.9723
112,2024-07-03,64,3067.45039,3509.101769,171739.3543,205593.0741
112,2024-07-04,65,3067.45039,3509.101769,174806.8047,209102.1758
112,2024-07-05,66,3067.45039,3509.101769,177874.2551,212611.2776
112,2024-07-06,67,0,0,177874.2551,212611.2776
112,2024-07-07,68,0,0,177874.2551,212611.2776
112,2024-07-08,69,3067.45039,3509.101769,180941.7055,216120.3794
112,2024-07-09,70,7714.168339,9131.630486,188655.8738,225252.0099
112,2024-07-10,71,7714.168339,9131.630486,196370.0422,234383.6404
112,2024-07-11,72,7714.168339,9131.630486,204084.2105,243515.2708
112,2024-07-12,73,7714.168339,9131.630486,211798.3789,252646.9013
112,2024-07-13,74,0,0,211798.3789,252646.9013
112,2024-07-14,75,0,0,211798.3789,252646.9013
112,2024-07-15,76,7714.168339,9131.630486,219512.5472,261778.5318
112,2024-07-16,77,7714.168339,9131.630486,227226.7155,270910.1623
112,2024-07-17,78,7714.168339,9131.630486,234940.8839,280041.7928
112,2024-07-18,79,7714.168339,9131.630486,242655.0522,289173.4233
112,2024-07-19,80,12025.71936,14305.49171,254680.7716,303478.915
112,2024-07-20,81,0,0,254680.7716,303478.915
112,2024-07-21,82,0,0,254680.7716,303478.915
112,2024-07-22,83,12025.71936,14305.49171,266706.4909,317784.4067
112,2024-07-23,84,12025.71936,14305.49171,278732.2103,332089.8984
112,2024-07-24,85,12025.71936,14305.49171,290757.9296,346395.3901
112,2024-07-25,86,12025.71936,14305.49171,302783.649,360700.8818
112,2024-07-26,87,12025.71936,14305.49171,314809.3684,375006.3735
112,2024-07-27,88,0,0,314809.3684,375006.3735
112,2024-07-28,89,0,0,314809.3684,375006.3735
112,2024-07-29,90,12025.71936,14305.49171,326835.0877,389311.8653
112,2024-07-30,91,9448.651178,11419.17535,336283.7389,400731.0406
112,2024-07-31,92,9448.651178,11419.17535,345732.3901,412150.2159
112,2024-08-01,93,9448.651178,11419.17535,355181.0413,423569.3913
112,2024-08-02,94,9448.651178,11419.17535,364629.6924,434988.5666
112,2024-08-03,95,0,0,364629.6924,434988.5666
112,2024-08-04,96,0,0,364629.6924,434988.5666
112,2024-08-05,97,9448.651178,11419.17535,374078.3436,446407.742
112,2024-08-06,98,9448.651178,11419.17535,383526.9948,457826.9173
112,2024-08-07,99,9448.651178,11419.17535,392975.646,469246.0927
112,2024-08-08,100,9448.651178,11419.17535,402424.2971,480665.268
112,2024-08-09,101,9448.651178,11419.17535,411872.9483,492084.4434
112,2024-08-10,102,0,0,411872.9483,492084.4434
112,2024-08-11,103,0,0,411872.9483,492084.4434
112,2024-08-12,104,9448.651178,11419.17535,421321.5995,503503.6187
112,2024-08-13,105,9448.651178,11419.17535,430770.2507,514922.7941
112,2024-08-14,106,9448.651178,11419.17535,440218.9019,526341.9694
112,2024-08-15,107,9448.651178,11419.17535,449667.553,537761.1448
112,2024-08-16,108,9448.651178,11419.17535,459116.2042,549180.3201
112,2024-08-17,109,0,0,459116.2042,549180.3201
112,2024-08-18,110,0,0,459116.2042,549180.3201
112,2024-08-19,111,9448.651178,11419.17535,468564.8554,560599.4955
112,2024-08-20,112,9448.651178,11419.17535,478013.5066,572018.6708
112,2024-08-21,113,9448.651178,11419.17535,487462.1577,583437.8462
112,2024-08-22,114,9448.651178,11419.17535,496910.8089,594857.0215
112,2024-08-23,115,9448.651178,11419.17535,506359.4601,606276.1969
112,2024-08-24,116,0,0,506359.4601,606276.1969
112,2024-08-25,117,0,0,506359.4601,606276.1969
112,2024-08-26,118,9448.651178,11419.17535,515808.1113,617695.3722
112,2024-08-27,119,9448.651178,11419.17535,525256.7625,629114.5475
112,2024-08-28,120,9448.651178,11419.17535,534705.4136,640533.7229
112,2024-08-29,121,9448.651178,11419.17535,544154.0648,651952.8982
112,2024-08-30,122,9448.651178,11419.17535,553602.716,663372.0736
112,2024-08-31,123,0,0,553602.716,663372.0736
112,2024-09-01,124,0,0,553602.716,663372.0736
112,2024-09-02,125,4801.933229,5796.646629,558404.6492,669168.7202
112,2024-09-03,126,4801.933229,5796.646629,563206.5824,674965.3668
112,2024-09-04,127,4801.933229,5796.646629,568008.5157,680762.0135
112,2024-09-05,128,4801.933229,5796.646629,572810.4489,686558.6601
112,2024-09-06,129,4801.933229,5796.646629,577612.3821,692355.3067
112,2024-09-07,130,0,0,577612.3821,692355.3067
112,2024-09-08,131,0,0,577612.3821,692355.3067
112,2024-09-09,132,4801.933229,5796.646629,582414.3154,698151.9534
112,2024-09-10,133,4801.933229,5796.646629,587216.2486,703948.6
112,2024-09-11,134,4801.933229,5796.646629,592018.1818,709745.2466
112,2024-09-12,135,4801.933229,5796.646629,596820.115,715541.8933
112,2024-09-13,136,4801.933229,5796.646629,601622.0483,721338.5399
112,2024-09-14,137,0,0,601622.0483,721338.5399
112,2024-09-15,138,0,0,601622.0483,721338.5399
112,2024-09-16,139,4801.933229,5796.646629,606423.9815,727135.1865
112,2024-09-17,140,4801.933229,5796.646629,611225.9147,732931.8331
112,2024-09-18,141,4801.933229,5796.646629,616027.848,738728.4798
112,2024-09-19,142,4801.933229,5796.646629,620829.7812,744525.1264
112,2024-09-20,143,4801.933229,5796.646629,625631.7144,750321.773
112,2024-09-21,144,0,0,625631.7144,750321.773
112,2024-09-22,145,0,0,625631.7144,750321.773
112,2024-09-23,146,4801.933229,5796.646629,630433.6477,756118.4197
112,2024-09-24,147,4801.933229,5796.646629,635235.5809,761915.0663
112,2024-09-25,148,4801.933229,5796.646629,640037.5141,767711.7129
112,2024-09-26,149,4801.933229,5796.646629,644839.4473,773508.3595
112,2024-09-27,150,4801.933229,5796.646629,649641.3806,779305.0062
112,2024-09-28,151,0,0,649641.3806,779305.0062
112,2024-09-29,152,0,0,649641.3806,779305.0062
112,2024-09-30,153,4801.933229,5796.646629,654443.3138,785101.6528
112,2024-10-01,154,4801.933229,5796.646629,659245.247,790898.2994
112,2024-10-02,155,4801.933229,5796.646629,664047.1803,796694.9461
112,2024-10-03,156,4801.933229,5796.646629,668849.1135,802491.5927
112,2024-10-04,157,4801.933229,5796.646629,673651.0467,808288.2393
112,2024-10-05,158,0,0,673651.0467,808288.2393
112,2024-10-06,159,0,0,673651.0467,808288.2393
112,2024-10-07,160,4801.933229,5796.646629,678452.9799,814084.886
112,2024-10-08,161,4801.933229,5796.646629,683254.9132,819881.5326
112,2024-10-09,162,4801.933229,5796.646629,688056.8464,825678.1792
112,2024-10-10,163,4801.933229,5796.646629,692858.7796,831474.8258
112,2024-10-11,164,4801.933229,5796.646629,697660.7129,837271.4725
112,2024-10-12,165,0,0,697660.7129,837271.4725
112,2024-10-13,166,0,0,697660.7129,837271.4725
112,2024-10-14,167,4801.933229,5796.646629,702462.6461,843068.1191
112,2024-10-15,168,4801.933229,5796.646629,707264.5793,848864.7657
112,2024-10-16,169,4801.933229,5796.646629,712066.5125,854661.4124
112,2024-10-17,170,4801.933229,5796.646629,716868.4458,860458.059
112,2024-10-18,171,4801.933229,5796.646629,721670.379,866254.7056
112,2024-10-19,172,0,0,721670.379,866254.7056
112,2024-10-20,173,0,0,721670.379,866254.7056
112,2024-10-21,174,4801.933229,5796.646629,726472.3122,872051.3522
112,2024-10-22,175,4801.933229,5796.646629,731274.2455,877847.9989
112,2024-10-23,176,4801.933229,5796.646629,736076.1787,883644.6455
112,2024-10-24,177,4801.933229,5796.646629,740878.1119,889441.2921
112,2024-10-25,178,4801.933229,5796.646629,745680.0451,895237.9388
112,2024-10-26,179,0,0,745680.0451,895237.9388
112,2024-10-27,180,0,0,745680.0451,895237.9388
112,2024-10-28,181,4801.933229,5796.646629,750481.9784,901034.5854
112,2024-10-29,182,4801.933229,5796.646629,755283.9116,906831.232
112,2024-10-30,183,4801.933229,5796.646629,760085.8448,912627.8787
112,2024-10-31,184,4801.933229,5796.646629,764887.7781,918424.5253
112,2024-11-01,185,4801.933229,5796.646629,769689.7113,924221.1719
112,2024-11-02,186,0,0,769689.7113,924221.1719
112,2024-11-03,187,0,0,769689.7113,924221.1719
112,2024-11-04,188,4801.933229,5796.646629,774491.6445,930017.8185
112,2024-11-05,189,4801.933229,5796.646629,779293.5778,935814.4652
112,2024-11-06,190,4801.933229,5796.646629,784095.511,941611.1118
112,2024-11-07,191,4801.933229,5796.646629,788897.4442,947407.7584
112,2024-11-08,192,4801.933229,5796.646629,793699.3774,953204.4051
112,2024-11-09,193,0,0,793699.3774,953204.4051
112,2024-11-10,194,0,0,793699.3774,953204.4051
112,2024-11-11,195,4801.933229,5796.646629,798501.3107,959001.0517
112,2024-11-12,196,4801.933229,5796.646629,803303.2439,964797.6983
112,2024-11-13,197,4801.933229,5796.646629,808105.1771,970594.3449
112,2024-11-14,198,4801.933229,5796.646629,812907.1104,976390.9916
112,2024-11-15,199,4801.933229,5796.646629,817709.0436,982187.6382
112,2024-11-16,200,0,0,817709.0436,982187.6382
112,2024-11-17,201,0,0,817709.0436,982187.6382
112,2024-11-18,202,4801.933229,5796.646629,822510.9768,987984.2848
112,2024-11-19,203,4801.933229,5796.646629,827312.91,993780.9315
112,2024-11-20,204,4801.933229,5796.646629,832114.8433,999577.5781
112,2024-11-21,205,4801.933229,5796.646629,836916.7765,1005374.225
112,2024-11-22,206,4801.933229,5796.646629,841718.7097,1011170.871
112,2024-11-23,207,0,0,841718.7097,1011170.871
112,2024-11-24,208,0,0,841718.7097,1011170.871
112,2024-11-25,209,4801.933229,5796.646629,846520.643,1016967.518
112,2024-11-26,210,4801.933229,5796.646629,851322.5762,1022764.165
112,2024-11-27,211,4801.933229,5796.646629,856124.5094,1028560.811
112,2024-11-28,212,4801.933229,5796.646629,860926.4426,1034357.458
112,2024-11-29,213,4801.933229,5796.646629,865728.3759,1040154.105
112,2024-11-30,214,0,0,865728.3759,1040154.105
112,2024-12-01,215,0,0,865728.3759,1040154.105
112,2024-12-02,216,4801.933229,5796.646629,870530.3091,1045950.751
112,2024-12-03,217,4801.933229,5796.646629,875332.2423,1051747.398
112,2024-12-04,218,490.3822086,622.7854049,875822.6245,1052370.183
112,2024-12-05,219,490.3822086,622.7854049,876313.0067,1052992.969
112,2024-12-06,220,490.3822086,622.7854049,876803.389,1053615.754
112,2024-12-07,221,0,0,876803.389,1053615.754
112,2024-12-08,222,0,0,876803.389,1053615.754
112,2024-12-09,223,490.3822086,622.7854049,877293.7712,1054238.539
112,2024-12-10,224,490.3822086,622.7854049,877784.1534,1054861.325
112,2024-12-11,225,490.3822086,622.7854049,878274.5356,1055484.11
112,2024-12-12,226,490.3822086,622.7854049,878764.9178,1056106.896
112,2024-12-13,227,490.3822086,622.7854049,879255.3,1056729.681
113,2024-04-16,1,441.5263889,556.32325,441.5263889,556.32325
113,2024-04-17,2,441.5263889,556.32325,883.0527778,1112.6465
113,2024-04-18,3,441.5263889,556.32325,1324.579167,1668.96975
113,2024-04-19,4,441.5263889,556.32325,1766.105556,2225.293
113,2024-04-20,5,0,0,1766.105556,2225.293
113,2024-04-21,6,0,0,1766.105556,2225.293
113,2024-04-22,7,3601.526389,4348.32325,5367.631944,6573.61625
113,2024-04-23,8,3601.526389,4348.32325,8969.158333,10921.9395
113,2024-04-24,9,3601.526389,4348.32325,12570.68472,15270.26275
113,2024-04-25,10,3601.526389,4348.32325,16172.21111,19618.586
113,2024-04-26,11,3601.526389,4348.32325,19773.7375,23966.90925
113,2024-04-27,12,0,0,19773.7375,23966.90925
113,2024-04-28,13,0,0,19773.7375,23966.90925
113,2024-04-29,14,3601.526389,4348.32325,23375.26389,28315.2325
113,2024-04-30,15,3601.526389,4348.32325,26976.79028,32663.55575
113,2024-05-01,16,3601.526389,4348.32325,30578.31667,37011.879
113,2024-05-02,17,3601.526389,4348.32325,34179.84306,41360.20225
113,2024-05-03,18,3601.526389,4348.32325,37781.36944,45708.5255
113,2024-05-04,19,0,0,37781.36944,45708.5255
113,2024-05-05,20,0,0,37781.36944,45708.5255
113,2024-05-06,21,3601.526389,4348.32325,41382.89583,50056.84875
113,2024-05-07,22,3601.526389,4348.32325,44984.42222,54405.172
113,2024-05-08,23,3601.526389,4348.32325,48585.94861,58753.49525
113,2024-05-09,24,6673.97415,8127.433996,55259.92276,66880.92925
113,2024-05-10,25,3513.97415,4335.433996,58773.89691,71216.36324
113,2024-05-11,26,0,0,58773.89691,71216.36324
113,2024-05-12,27,0,0,58773.89691,71216.36324
113,2024-05-13,28,3513.97415,4335.433996,62287.87106,75551.79724
113,2024-05-14,29,3513.97415,4335.433996,65801.84521,79887.23124
113,2024-05-15,30,3513.97415,4335.433996,69315.81936,84222.66523
113,2024-05-16,31,3513.97415,4335.433996,72829.79351,88558.09923
113,2024-05-17,32,3513.97415,4335.433996,76343.76766,92893.53322
113,2024-05-18,33,0,0,76343.76766,92893.53322
113,2024-05-19,34,0,0,76343.76766,92893.53322
113,2024-05-20,35,3513.97415,4335.433996,79857.74181,97228.96722
113,2024-05-21,36,3513.97415,4335.433996,83371.71596,101564.4012
113,2024-05-22,37,3513.97415,4335.433996,86885.69011,105899.8352
113,2024-05-23,38,3513.97415,4335.433996,90399.66426,110235.2692
113,2024-05-24,39,3513.97415,4335.433996,93913.63841,114570.7032
113,2024-05-25,40,0,0,93913.63841,114570.7032
113,2024-05-26,41,0,0,93913.63841,114570.7032
113,2024-05-27,42,3513.97415,4335.433996,97427.61256,118906.1372
113,2024-05-28,43,3513.97415,4335.433996,100941.5867,123241.5712
113,2024-05-29,44,3513.97415,4335.433996,104455.5609,127577.0052
113,2024-05-30,45,3513.97415,4335.433996,107969.535,131912.4392
113,2024-05-31,46,3513.97415,4335.433996,111483.5092,136247.8732
113,2024-06-01,47,0,0,111483.5092,136247.8732
113,2024-06-02,48,0,0,111483.5092,136247.8732
113,2024-06-03,49,3513.97415,4335.433996,114997.4833,140583.3072
113,2024-06-04,50,3513.97415,4335.433996,118511.4575,144918.7412
113,2024-06-05,51,3513.97415,4335.433996,122025.4316,149254.1752
113,2024-06-06,52,3513.97415,4335.433996,125539.4058,153589.6092
113,2024-06-07,53,3513.97415,4335.433996,129053.3799,157925.0432
113,2024-06-08,54,0,0,129053.3799,157925.0432
113,2024-06-09,55,0,0,129053.3799,157925.0432
113,2024-06-10,56,3513.97415,4335.433996,132567.3541,162260.4772
113,2024-06-11,57,3513.97415,4335.433996,136081.3282,166595.9112
113,2024-06-12,58,3513.97415,4335.433996,139595.3024,170931.3452
113,2024-06-13,59,3513.97415,4335.433996,143109.2765,175266.7792
113,2024-06-14,60,3513.97415,4335.433996,146623.2507,179602.2131
113,2024-06-15,61,0,0,146623.2507,179602.2131
113,2024-06-16,62,0,0,146623.2507,179602.2131
113,2024-06-17,63,3513.97415,4335.433996,150137.2248,183937.6471
113,2024-06-18,64,3513.97415,4335.433996,153651.199,188273.0811
113,2024-06-19,65,3513.97415,4335.433996,157165.1731,192608.5151
113,2024-06-20,66,3513.97415,4335.433996,160679.1473,196943.9491
113,2024-06-21,67,3513.97415,4335.433996,164193.1214,201279.3831
113,2024-06-22,68,0,0,164193.1214,201279.3831
113,2024-06-23,69,0,0,164193.1214,201279.3831
113,2024-06-24,70,3513.97415,4335.433996,167707.0956,205614.8171
113,2024-06-25,71,3513.97415,4335.433996,171221.0697,209950.2511
113,2024-06-26,72,3513.97415,4335.433996,174735.0439,214285.6851
113,2024-06-27,73,3513.97415,4335.433996,178249.018,218621.1191
113,2024-06-28,74,3513.97415,4335.433996,181762.9922,222956.5531
113,2024-06-29,75,0,0,181762.9922,222956.5531
113,2024-06-30,76,0,0,181762.9922,222956.5531
113,2024-07-01,77,3513.97415,4335.433996,185276.9663,227291.9871
113,2024-07-02,78,3513.97415,4335.433996,188790.9405,231627.4211
113,2024-07-03,79,3513.97415,4335.433996,192304.9146,235962.8551
113,2024-07-04,80,3513.97415,4335.433996,195818.8888,240298.2891
113,2024-07-05,81,3513.97415,4335.433996,199332.8629,244633.7231
113,2024-07-06,82,0,0,199332.8629,244633.7231
113,2024-07-07,83,0,0,199332.8629,244633.7231
113,2024-07-08,84,3513.97415,4335.433996,202846.8371,248969.1571
113,2024-07-09,85,3513.97415,4335.433996,206360.8112,253304.5911
113,2024-07-10,86,3513.97415,4335.433996,209874.7854,257640.0251
113,2024-07-11,87,3513.97415,4335.433996,213388.7595,261975.4591
113,2024-07-12,88,3513.97415,4335.433996,216902.7337,266310.8931
113,2024-07-13,89,0,0,216902.7337,266310.8931
113,2024-07-14,90,0,0,216902.7337,266310.8931
113,2024-07-15,91,3513.97415,4335.433996,220416.7078,270646.3271
113,2024-07-16,92,3513.97415,4335.433996,223930.682,274981.7611
113,2024-07-17,93,3513.97415,4335.433996,227444.6561,279317.1951
113,2024-07-18,94,3513.97415,4335.433996,230958.6303,283652.6291
113,2024-07-19,95,3513.97415,4335.433996,234472.6044,287988.0631
113,2024-07-20,96,0,0,234472.6044,287988.0631
113,2024-07-21,97,0,0,234472.6044,287988.0631
113,2024-07-22,98,7417.97415,9293.513996,241890.5786,297281.5771
113,2024-07-23,99,7417.97415,9293.513996,249308.5527,306575.091
113,2024-07-24,100,7417.97415,9293.513996,256726.5269,315868.605
113,2024-07-25,101,7417.97415,9293.513996,264144.501,325162.119
113,2024-07-26,102,7417.97415,9293.513996,271562.4752,334455.633
113,2024-07-27,103,0,0,271562.4752,334455.633
113,2024-07-28,104,0,0,271562.4752,334455.633
113,2024-07-29,105,7417.97415,9293.513996,278980.4493,343749.147
113,2024-07-30,106,12396.99054,15467.49432,291377.4399,359216.6414
113,2024-07-31,107,12396.99054,15467.49432,303774.4304,374684.1357
113,2024-08-01,108,12396.99054,15467.49432,316171.4209,390151.63
113,2024-08-02,109,12396.99054,15467.49432,328568.4115,405619.1243
113,2024-08-03,110,0,0,328568.4115,405619.1243
113,2024-08-04,111,0,0,328568.4115,405619.1243
113,2024-08-05,112,12396.99054,15467.49432,340965.402,421086.6187
113,2024-08-06,113,12396.99054,15467.49432,353362.3926,436554.113
113,2024-08-07,114,12396.99054,15467.49432,365759.3831,452021.6073
113,2024-08-08,115,12396.99054,15467.49432,378156.3737,467489.1016
113,2024-08-09,116,12396.99054,15467.49432,390553.3642,482956.596
113,2024-08-10,117,0,0,390553.3642,482956.596
113,2024-08-11,118,0,0,390553.3642,482956.596
113,2024-08-12,119,9324.542782,11688.38358,399877.907,494644.9795
113,2024-08-13,120,9324.542782,11688.38358,409202.4498,506333.3631
113,2024-08-14,121,9324.542782,11688.38358,418526.9926,518021.7467
113,2024-08-15,122,9324.542782,11688.38358,427851.5353,529710.1303
113,2024-08-16,123,9324.542782,11688.38358,437176.0781,541398.5138
113,2024-08-17,124,0,0,437176.0781,541398.5138
113,2024-08-18,125,0,0,437176.0781,541398.5138
113,2024-08-19,126,9324.542782,11688.38358,446500.6209,553086.8974
113,2024-08-20,127,5420.542782,6730.303578,451921.1637,559817.201
113,2024-08-21,128,5420.542782,6730.303578,457341.7065,566547.5046
113,2024-08-22,129,5420.542782,6730.303578,462762.2492,573277.8082
113,2024-08-23,130,5420.542782,6730.303578,468182.792,580008.1117
113,2024-08-24,131,0,0,468182.792,580008.1117
113,2024-08-25,132,0,0,468182.792,580008.1117
113,2024-08-26,133,5420.542782,6730.303578,473603.3348,586738.4153
113,2024-08-27,134,5420.542782,6730.303578,479023.8776,593468.7189
113,2024-08-28,135,5420.542782,6730.303578,484444.4204,600199.0225
113,2024-08-29,136,5420.542782,6730.303578,489864.9632,606929.326
113,2024-08-30,137,5420.542782,6730.303578,495285.5059,613659.6296
113,2024-08-31,138,0,0,495285.5059,613659.6296
113,2024-09-01,139,0,0,495285.5059,613659.6296
113,2024-09-02,140,5420.542782,6730.303578,500706.0487,620389.9332
113,2024-09-03,141,5420.542782,6730.303578,506126.5915,627120.2368
113,2024-09-04,142,5420.542782,6730.303578,511547.1343,633850.5404
113,2024-09-05,143,5420.542782,6730.303578,516967.6771,640580.8439
113,2024-09-06,144,5420.542782,6730.303578,522388.2199,647311.1475
113,2024-09-07,145,0,0,522388.2199,647311.1475
113,2024-09-08,146,0,0,522388.2199,647311.1475
113,2024-09-09,147,5420.542782,6730.303578,527808.7626,654041.4511
113,2024-09-10,148,5420.542782,6730.303578,533229.3054,660771.7547
113,2024-09-11,149,5420.542782,6730.303578,538649.8482,667502.0582
113,2024-09-12,150,5420.542782,6730.303578,544070.391,674232.3618
113,2024-09-13,151,5420.542782,6730.303578,549490.9338,680962.6654
113,2024-09-14,152,0,0,549490.9338,680962.6654
113,2024-09-15,153,0,0,549490.9338,680962.6654
113,2024-09-16,154,5420.542782,6730.303578,554911.4765,687692.969
113,2024-09-17,155,5420.542782,6730.303578,560332.0193,694423.2726
113,2024-09-18,156,5420.542782,6730.303578,565752.5621,701153.5761
113,2024-09-19,157,5420.542782,6730.303578,571173.1049,707883.8797
113,2024-09-20,158,5420.542782,6730.303578,576593.6477,714614.1833
113,2024-09-21,159,0,0,576593.6477,714614.1833
113,2024-09-22,160,0,0,576593.6477,714614.1833
113,2024-09-23,161,5420.542782,6730.303578,582014.1905,721344.4869
113,2024-09-24,162,5420.542782,6730.303578,587434.7332,728074.7904
113,2024-09-25,163,5420.542782,6730.303578,592855.276,734805.094
113,2024-09-26,164,5420.542782,6730.303578,598275.8188,741535.3976
113,2024-09-27,165,5420.542782,6730.303578,603696.3616,748265.7012
113,2024-09-28,166,0,0,603696.3616,748265.7012
113,2024-09-29,167,0,0,603696.3616,748265.7012
113,2024-09-30,168,5420.542782,6730.303578,609116.9044,754996.0048
113,2024-10-01,169,5420.542782,6730.303578,614537.4472,761726.3083
113,2024-10-02,170,5420.542782,6730.303578,619957.9899,768456.6119
113,2024-10-03,171,5420.542782,6730.303578,625378.5327,775186.9155
113,2024-10-04,172,5420.542782,6730.303578,630799.0755,781917.2191
113,2024-10-05,173,0,0,630799.0755,781917.2191
113,2024-10-06,174,0,0,630799.0755,781917.2191
113,2024-10-07,175,5420.542782,6730.303578,636219.6183,788647.5226
113,2024-10-08,176,5420.542782,6730.303578,641640.1611,795377.8262
113,2024-10-09,177,5420.542782,6730.303578,647060.7038,802108.1298
113,2024-10-10,178,5420.542782,6730.303578,652481.2466,808838.4334
113,2024-10-11,179,5420.542782,6730.303578,657901.7894,815568.737
113,2024-10-12,180,0,0,657901.7894,815568.737
113,2024-10-13,181,0,0,657901.7894,815568.737
113,2024-10-14,182,5420.542782,6730.303578,663322.3322,822299.0405
113,2024-10-15,183,5420.542782,6730.303578,668742.875,829029.3441
113,2024-10-16,184,5420.542782,6730.303578,674163.4178,835759.6477
113,2024-10-17,185,5420.542782,6730.303578,679583.9605,842489.9513
113,2024-10-18,186,5420.542782,6730.303578,685004.5033,849220.2548
113,2024-10-19,187,0,0,685004.5033,849220.2548
113,2024-10-20,188,0,0,685004.5033,849220.2548
113,2024-10-21,189,5420.542782,6730.303578,690425.0461,855950.5584
113,2024-10-22,190,5420.542782,6730.303578,695845.5889,862680.862
113,2024-10-23,191,441.5263889,556.32325,696287.1153,863237.1853
113,2024-10-24,192,441.5263889,556.32325,696728.6417,863793.5085
113,2024-10-25,193,441.5263889,556.32325,697170.1681,864349.8318
113,2024-10-26,194,0,0,697170.1681,864349.8318
113,2024-10-27,195,0,0,697170.1681,864349.8318
113,2024-10-28,196,441.5263889,556.32325,697611.6944,864906.155
113,2024-10-29,197,441.5263889,556.32325,698053.2208,865462.4783
113,2024-10-30,198,441.5263889,556.32325,698494.7472,866018.8015
113,2024-10-31,199,441.5263889,556.32325,698936.2736,866575.1248
113,2024-11-01,200,441.5263889,556.32325,699377.8,867131.448
114,2024-05-30,1,255.1747748,306.2097297,255.1747748,306.2097297
114,2024-05-31,2,255.1747748,306.2097297,510.3495495,612.4194595
114,2024-06-01,3,0,0,510.3495495,612.4194595
114,2024-06-02,4,0,0,510.3495495,612.4194595
114,2024-06-03,5,255.1747748,306.2097297,765.5243243,918.6291892
114,2024-06-04,6,1689.720229,2042.00973,2455.244554,2960.638919
114,2024-06-05,7,1689.720229,2042.00973,4144.964783,5002.648649
114,2024-06-06,8,1689.720229,2042.00973,5834.685012,7044.658378
114,2024-06-07,9,1689.720229,2042.00973,7524.405242,9086.668108
114,2024-06-08,10,0,0,7524.405242,9086.668108
114,2024-06-09,11,0,0,7524.405242,9086.668108
114,2024-06-10,12,1689.720229,2042.00973,9214.125471,11128.67784
114,2024-06-11,13,1689.720229,2042.00973,10903.8457,13170.68757
114,2024-06-12,14,1689.720229,2042.00973,12593.56593,15212.6973
114,2024-06-13,15,1689.720229,2042.00973,14283.28616,17254.70703
114,2024-06-14,16,1689.720229,2042.00973,15973.00639,19296.71676
114,2024-06-15,17,0,0,15973.00639,19296.71676
114,2024-06-16,18,0,0,15973.00639,19296.71676
114,2024-06-17,19,1689.720229,2042.00973,17662.72662,21338.72649
114,2024-06-18,20,4036.214853,4670.083708,21698.94147,26008.81019
114,2024-06-19,21,2601.669398,2934.283708,24300.61087,28943.0939
114,2024-06-20,22,2601.669398,2934.283708,26902.28027,31877.37761
114,2024-06-21,23,2601.669398,2934.283708,29503.94967,34811.66132
114,2024-06-22,24,0,0,29503.94967,34811.66132
114,2024-06-23,25,0,0,29503.94967,34811.66132
114,2024-06-24,26,2601.669398,2934.283708,32105.61906,37745.94503
114,2024-06-25,27,2601.669398,2934.283708,34707.28846,40680.22874
114,2024-06-26,28,2601.669398,2934.283708,37308.95786,43614.51244
114,2024-06-27,29,2601.669398,2934.283708,39910.62726,46548.79615
114,2024-06-28,30,2601.669398,2934.283708,42512.29666,49483.07986
114,2024-06-29,31,0,0,42512.29666,49483.07986
114,2024-06-30,32,0,0,42512.29666,49483.07986
114,2024-07-01,33,2601.669398,2934.283708,45113.96606,52417.36357
114,2024-07-02,34,2601.669398,2934.283708,47715.63545,55351.64728
114,2024-07-03,35,2601.669398,2934.283708,50317.30485,58285.93099
114,2024-07-04,36,2601.669398,2934.283708,52918.97425,61220.21469
114,2024-07-05,37,2601.669398,2934.283708,55520.64365,64154.4984
114,2024-07-06,38,0,0,55520.64365,64154.4984
114,2024-07-07,39,0,0,55520.64365,64154.4984
114,2024-07-08,40,2601.669398,2934.283708,58122.31305,67088.78211
114,2024-07-09,41,2601.669398,2934.283708,60723.98245,70023.06582
114,2024-07-10,42,2601.669398,2934.283708,63325.65185,72957.34953
114,2024-07-11,43,2601.669398,2934.283708,65927.32124,75891.63323
114,2024-07-12,44,2601.669398,2934.283708,68528.99064,78825.91694
114,2024-07-13,45,0,0,68528.99064,78825.91694
114,2024-07-14,46,0,0,68528.99064,78825.91694
114,2024-07-15,47,2601.669398,2934.283708,71130.66004,81760.20065
114,2024-07-16,48,2601.669398,2934.283708,73732.32944,84694.48436
114,2024-07-17,49,2601.669398,2934.283708,76333.99884,87628.76807
114,2024-07-18,50,2601.669398,2934.283708,78935.66824,90563.05178
114,2024-07-19,51,2601.669398,2934.283708,81537.33763,93497.33548
114,2024-07-20,52,0,0,81537.33763,93497.33548
114,2024-07-21,53,0,0,81537.33763,93497.33548
114,2024-07-22,54,2601.669398,2934.283708,84139.00703,96431.61919
114,2024-07-23,55,2601.669398,2934.283708,86740.67643,99365.9029
114,2024-07-24,56,2601.669398,2934.283708,89342.34583,102300.1866
114,2024-07-25,57,2601.669398,2934.283708,91944.01523,105234.4703
114,2024-07-26,58,2601.669398,2934.283708,94545.68463,108168.754
114,2024-07-27,59,0,0,94545.68463,108168.754
114,2024-07-28,60,0,0,94545.68463,108168.754
114,2024-07-29,61,2601.669398,2934.283708,97147.35402,111103.0377
114,2024-07-30,62,2601.669398,2934.283708,99749.02342,114037.3214
114,2024-07-31,63,2601.669398,2934.283708,102350.6928,116971.6051
114,2024-08-01,64,2601.669398,2934.283708,104952.3622,119905.8889
114,2024-08-02,65,2601.669398,2934.283708,107554.0316,122840.1726
114,2024-08-03,66,0,0,107554.0316,122840.1726
114,2024-08-04,67,0,0,107554.0316,122840.1726
114,2024-08-05,68,2601.669398,2934.283708,110155.701,125774.4563
114,2024-08-06,69,2601.669398,2934.283708,112757.3704,128708.74
114,2024-08-07,70,2601.669398,2934.283708,115359.0398,131643.0237
114,2024-08-08,71,2601.669398,2934.283708,117960.7092,134577.3074
114,2024-08-09,72,2601.669398,2934.283708,120562.3786,137511.5911
114,2024-08-10,73,0,0,120562.3786,137511.5911
114,2024-08-11,74,0,0,120562.3786,137511.5911
114,2024-08-12,75,2601.669398,2934.283708,123164.048,140445.8748
114,2024-08-13,76,2601.669398,2934.283708,125765.7174,143380.1585
114,2024-08-14,77,2601.669398,2934.283708,128367.3868,146314.4422
114,2024-08-15,78,2601.669398,2934.283708,130969.0562,149248.7259
114,2024-08-16,79,2601.669398,2934.283708,133570.7256,152183.0096
114,2024-08-17,80,0,0,133570.7256,152183.0096
114,2024-08-18,81,0,0,133570.7256,152183.0096
114,2024-08-19,82,2601.669398,2934.283708,136172.395,155117.2934
114,2024-08-20,83,2601.669398,2934.283708,138774.0644,158051.5771
114,2024-08-21,84,2601.669398,2934.283708,141375.7338,160985.8608
114,2024-08-22,85,2601.669398,2934.283708,143977.4032,163920.1445
114,2024-08-23,86,2601.669398,2934.283708,146579.0726,166854.4282
114,2024-08-24,87,0,0,146579.0726,166854.4282
114,2024-08-25,88,0,0,146579.0726,166854.4282
114,2024-08-26,89,2601.669398,2934.283708,149180.742,169788.7119
114,2024-08-27,90,2601.669398,2934.283708,151782.4114,172722.9956
114,2024-08-28,91,2601.669398,2934.283708,154384.0808,175657.2793
114,2024-08-29,92,2601.669398,2934.283708,156985.7502,178591.563
114,2024-08-30,93,2601.669398,2934.283708,159587.4196,181525.8467
114,2024-08-31,94,0,0,159587.4196,181525.8467
114,2024-09-01,95,0,0,159587.4196,181525.8467
114,2024-09-02,96,2601.669398,2934.283708,162189.089,184460.1304
114,2024-09-03,97,2601.669398,2934.283708,164790.7584,187394.4141
114,2024-09-04,98,2601.669398,2934.283708,167392.4278,190328.6979
114,2024-09-05,99,2601.669398,2934.283708,169994.0972,193262.9816
114,2024-09-06,100,2601.669398,2934.283708,172595.7666,196197.2653
114,2024-09-07,101,0,0,172595.7666,196197.2653
114,2024-09-08,102,0,0,172595.7666,196197.2653
114,2024-09-09,103,2601.669398,2934.283708,175197.436,199131.549
114,2024-09-10,104,2601.669398,2934.283708,177799.1054,202065.8327
114,2024-09-11,105,2601.669398,2934.283708,180400.7748,205000.1164
114,2024-09-12,106,2601.669398,2934.283708,183002.4442,207934.4001
114,2024-09-13,107,2601.669398,2934.283708,185604.1136,210868.6838
114,2024-09-14,108,0,0,185604.1136,210868.6838
114,2024-09-15,109,0,0,185604.1136,210868.6838
114,2024-09-16,110,2601.669398,2934.283708,188205.783,213802.9675
114,2024-09-17,111,2601.669398,2934.283708,190807.4524,216737.2512
114,2024-09-18,112,2601.669398,2934.283708,193409.1218,219671.5349
114,2024-09-19,113,2601.669398,2934.283708,196010.7912,222605.8186
114,2024-09-20,114,2601.669398,2934.283708,198612.4606,225540.1024
114,2024-09-21,115,0,0,198612.4606,225540.1024
114,2024-09-22,116,0,0,198612.4606,225540.1024
114,2024-09-23,117,2601.669398,2934.283708,201214.13,228474.3861
114,2024-09-24,118,2601.669398,2934.283708,203815.7994,231408.6698
114,2024-09-25,119,2601.669398,2934.283708,206417.4688,234342.9535
114,2024-09-26,120,2601.669398,2934.283708,209019.1382,237277.2372
114,2024-09-27,121,2601.669398,2934.283708,211620.8076,240211.5209
114,2024-09-28,122,0,0,211620.8076,240211.5209
114,2024-09-29,123,0,0,211620.8076,240211.5209
114,2024-09-30,124,2601.669398,2934.283708,214222.477,243145.8046
114,2024-10-01,125,2601.669398,2934.283708,216824.1464,246080.0883
114,2024-10-02,126,2601.669398,2934.283708,219425.8158,249014.372
114,2024-10-03,127,2601.669398,2934.283708,222027.4851,251948.6557
114,2024-10-04,128,5633.787045,6360.576649,227661.2722,258309.2324
114,2024-10-05,129,0,0,227661.2722,258309.2324
114,2024-10-06,130,0,0,227661.2722,258309.2324
114,2024-10-07,131,5633.787045,6360.576649,233295.0592,264669.809
114,2024-10-08,132,5633.787045,6360.576649,238928.8463,271030.3857
114,2024-10-09,133,5633.787045,6360.576649,244562.6333,277390.9623
114,2024-10-10,134,5633.787045,6360.576649,250196.4204,283751.539
114,2024-10-11,135,5633.787045,6360.576649,255830.2074,290112.1156
114,2024-10-12,136,0,0,255830.2074,290112.1156
114,2024-10-13,137,0,0,255830.2074,290112.1156
114,2024-10-14,138,7561.450911,8635.220011,263391.6583,298747.3356
114,2024-10-15,139,7561.450911,8635.220011,270953.1092,307382.5556
114,2024-10-16,140,7561.450911,8635.220011,278514.5602,316017.7757
114,2024-10-17,141,7561.450911,8635.220011,286076.0111,324652.9957
114,2024-10-18,142,7561.450911,8635.220011,293637.462,333288.2157
114,2024-10-19,143,0,0,293637.462,333288.2157
114,2024-10-20,144,0,0,293637.462,333288.2157
114,2024-10-21,145,7561.450911,8635.220011,301198.9129,341923.4357
114,2024-10-22,146,7561.450911,8635.220011,308760.3638,350558.6557
114,2024-10-23,147,7561.450911,8635.220011,316321.8147,359193.8757
114,2024-10-24,148,7561.450911,8635.220011,323883.2656,367829.0957
114,2024-10-25,149,5214.956287,6007.146032,329098.2219,373836.2418
114,2024-10-26,150,0,0,329098.2219,373836.2418
114,2024-10-27,151,0,0,329098.2219,373836.2418
114,2024-10-28,152,5214.956287,6007.146032,334313.1782,379843.3878
114,2024-10-29,153,5214.956287,6007.146032,339528.1345,385850.5338
114,2024-10-30,154,5214.956287,6007.146032,344743.0908,391857.6799
114,2024-10-31,155,5214.956287,6007.146032,349958.0471,397864.8259
114,2024-11-01,156,5214.956287,6007.146032,355173.0033,403871.9719
114,2024-11-02,157,0,0,355173.0033,403871.9719
114,2024-11-03,158,0,0,355173.0033,403871.9719
114,2024-11-04,159,5214.956287,6007.146032,360387.9596,409879.1179
114,2024-11-05,160,5214.956287,6007.146032,365602.9159,415886.264
114,2024-11-06,161,5214.956287,6007.146032,370817.8722,421893.41
114,2024-11-07,162,5214.956287,6007.146032,376032.8285,427900.556
114,2024-11-08,163,5214.956287,6007.146032,381247.7848,433907.7021
114,2024-11-09,164,0,0,381247.7848,433907.7021
114,2024-11-10,165,0,0,381247.7848,433907.7021
114,2024-11-11,166,5214.956287,6007.146032,386462.7411,439914.8481
114,2024-11-12,167,5214.956287,6007.146032,391677.6974,445921.9941
114,2024-11-13,168,5214.956287,6007.146032,396892.6536,451929.1402
114,2024-11-14,169,5214.956287,6007.146032,402107.6099,457936.2862
114,2024-11-15,170,5214.956287,6007.146032,407322.5662,463943.4322
114,2024-11-16,171,0,0,407322.5662,463943.4322
114,2024-11-17,172,0,0,407322.5662,463943.4322
114,2024-11-18,173,5214.956287,6007.146032,412537.5225,469950.5783
114,2024-11-19,174,5214.956287,6007.146032,417752.4788,475957.7243
114,2024-11-20,175,5214.956287,6007.146032,422967.4351,481964.8703
114,2024-11-21,176,2182.83864,2580.853091,425150.2737,484545.7234
114,2024-11-22,177,2182.83864,2580.853091,427333.1124,487126.5765
114,2024-11-23,178,0,0,427333.1124,487126.5765
114,2024-11-24,179,0,0,427333.1124,487126.5765
114,2024-11-25,180,2182.83864,2580.853091,429515.951,489707.4296
114,2024-11-26,181,2182.83864,2580.853091,431698.7896,492288.2827
114,2024-11-27,182,2182.83864,2580.853091,433881.6283,494869.1358
114,2024-11-28,183,2182.83864,2580.853091,436064.4669,497449.9889
114,2024-11-29,184,2182.83864,2580.853091,438247.3056,500030.842
114,2024-11-30,185,0,0,438247.3056,500030.842
114,2024-12-01,186,0,0,438247.3056,500030.842
114,2024-12-02,187,2182.83864,2580.853091,440430.1442,502611.6951
114,2024-12-03,188,2182.83864,2580.853091,442612.9828,505192.5482
114,2024-12-04,189,2182.83864,2580.853091,444795.8215,507773.4012
114,2024-12-05,190,2182.83864,2580.853091,446978.6601,510354.2543
114,2024-12-06,191,2182.83864,2580.853091,449161.4988,512935.1074
114,2024-12-07,192,0,0,449161.4988,512935.1074
114,2024-12-08,193,0,0,449161.4988,512935.1074
114,2024-12-09,194,2182.83864,2580.853091,451344.3374,515515.9605
114,2024-12-10,195,2182.83864,2580.853091,453527.176,518096.8136
114,2024-12-11,196,2182.83864,2580.853091,455710.0147,520677.6667
114,2024-12-12,197,2182.83864,2580.853091,457892.8533,523258.5198
114,2024-12-13,198,2182.83864,2580.853091,460075.692,525839.3729
114,2024-12-14,199,0,0,460075.692,525839.3729
114,2024-12-15,200,0,0,460075.692,525839.3729
114,2024-12-16,201,2182.83864,2580.853091,462258.5306,528420.226
114,2024-12-17,202,2182.83864,2580.853091,464441.3692,531001.0791
114,2024-12-18,203,2182.83864,2580.853091,466624.2079,533581.9322
114,2024-12-19,204,2182.83864,2580.853091,468807.0465,536162.7852
114,2024-12-20,205,2182.83864,2580.853091,470989.8852,538743.6383
114,2024-12-21,206,0,0,470989.8852,538743.6383
114,2024-12-22,207,0,0,470989.8852,538743.6383
114,2024-12-23,208,2182.83864,2580.853091,473172.7238,541324.4914
114,2024-12-24,209,2182.83864,2580.853091,475355.5624,543905.3445
114,2024-12-25,210,2182.83864,2580.853091,477538.4011,546486.1976
114,2024-12-26,211,2182.83864,2580.853091,479721.2397,549067.0507
114,2024-12-27,212,2182.83864,2580.853091,481904.0784,551647.9038
114,2024-12-28,213,0,0,481904.0784,551647.9038
114,2024-12-29,214,0,0,481904.0784,551647.9038
114,2024-12-30,215,2182.83864,2580.853091,484086.917,554228.7569
114,2024-12-31,216,2182.83864,2580.853091,486269.7557,556809.61
114,2025-01-01,217,2182.83864,2580.853091,488452.5943,559390.4631
114,2025-01-02,218,2182.83864,2580.853091,490635.4329,561971.3162
114,2025-01-03,219,2182.83864,2580.853091,492818.2716,564552.1692
114,2025-01-04,220,0,0,492818.2716,564552.1692
114,2025-01-05,221,0,0,492818.2716,564552.1692
114,2025-01-06,222,2182.83864,2580.853091,495001.1102,567133.0223
114,2025-01-07,223,2182.83864,2580.853091,497183.9489,569713.8754
114,2025-01-08,224,2182.83864,2580.853091,499366.7875,572294.7285
114,2025-01-09,225,2182.83864,2580.853091,501549.6261,574875.5816
114,2025-01-10,226,2182.83864,2580.853091,503732.4648,577456.4347
114,2025-01-11,227,0,0,503732.4648,577456.4347
114,2025-01-12,228,0,0,503732.4648,577456.4347
114,2025-01-13,229,2182.83864,2580.853091,505915.3034,580037.2878
114,2025-01-14,230,2182.83864,2580.853091,508098.1421,582618.1409
114,2025-01-15,231,2182.83864,2580.853091,510280.9807,585198.994
114,2025-01-16,232,2182.83864,2580.853091,512463.8193,587779.8471
114,2025-01-17,233,2182.83864,2580.853091,514646.658,590360.7002
114,2025-01-18,234,0,0,514646.658,590360.7002
114,2025-01-19,235,0,0,514646.658,590360.7002
114,2025-01-20,236,2182.83864,2580.853091,516829.4966,592941.5533
114,2025-01-21,237,2182.83864,2580.853091,519012.3353,595522.4063
114,2025-01-22,238,2182.83864,2580.853091,521195.1739,598103.2594
114,2025-01-23,239,2182.83864,2580.853091,523378.0125,600684.1125
114,2025-01-24,240,2182.83864,2580.853091,525560.8512,603264.9656
114,2025-01-25,241,0,0,525560.8512,603264.9656
114,2025-01-26,242,0,0,525560.8512,603264.9656
114,2025-01-27,243,2182.83864,2580.853091,527743.6898,605845.8187
114,2025-01-28,244,2182.83864,2580.853091,529926.5285,608426.6718
114,2025-01-29,245,2182.83864,2580.853091,532109.3671,611007.5249
114,2025-01-30,246,2182.83864,2580.853091,534292.2057,613588.378
114,2025-01-31,247,2182.83864,2580.853091,536475.0444,616169.2311
114,2025-02-01,248,0,0,536475.0444,616169.2311
114,2025-02-02,249,0,0,536475.0444,616169.2311
114,2025-02-03,250,2182.83864,2580.853091,538657.883,618750.0842
114,2025-02-04,251,2182.83864,2580.853091,540840.7217,621330.9373
114,2025-02-05,252,2182.83864,2580.853091,543023.5603,623911.7903
114,2025-02-06,253,2182.83864,2580.853091,545206.3989,626492.6434
114,2025-02-07,254,2182.83864,2580.853091,547389.2376,629073.4965
114,2025-02-08,255,0,0,547389.2376,629073.4965
114,2025-02-09,256,0,0,547389.2376,629073.4965
114,2025-02-10,257,2182.83864,2580.853091,549572.0762,631654.3496
114,2025-02-11,258,2182.83864,2580.853091,551754.9149,634235.2027
114,2025-02-12,259,2182.83864,2580.853091,553937.7535,636816.0558
114,2025-02-13,260,2182.83864,2580.853091,556120.5921,639396.9089
114,2025-02-14,261,2182.83864,2580.853091,558303.4308,641977.762
114,2025-02-15,262,0,0,558303.4308,641977.762
114,2025-02-16,263,0,0,558303.4308,641977.762
114,2025-02-17,264,2182.83864,2580.853091,560486.2694,644558.6151
114,2025-02-18,265,2182.83864,2580.853091,562669.1081,647139.4682
114,2025-02-19,266,2182.83864,2580.853091,564851.9467,649720.3213
114,2025-02-20,267,2182.83864,2580.853091,567034.7853,652301.1743
114,2025-02-21,268,2182.83864,2580.853091,569217.624,654882.0274
114,2025-02-22,269,0,0,569217.624,654882.0274
114,2025-02-23,270,0,0,569217.624,654882.0274
114,2025-02-24,271,2182.83864,2580.853091,571400.4626,657462.8805
114,2025-02-25,272,2182.83864,2580.853091,573583.3013,660043.7336
114,2025-02-26,273,2182.83864,2580.853091,575766.1399,662624.5867
114,2025-02-27,274,2182.83864,2580.853091,577948.9785,665205.4398
114,2025-02-28,275,2182.83864,2580.853091,580131.8172,667786.2929
114,2025-03-01,276,0,0,580131.8172,667786.2929
114,2025-03-02,277,0,0,580131.8172,667786.2929
114,2025-03-03,278,2182.83864,2580.853091,582314.6558,670367.146
114,2025-03-04,279,2182.83864,2580.853091,584497.4945,672947.9991
114,2025-03-05,280,2182.83864,2580.853091,586680.3331,675528.8522
114,2025-03-06,281,2182.83864,2580.853091,588863.1717,678109.7053
114,2025-03-07,282,2182.83864,2580.853091,591046.0104,680690.5583
114,2025-03-08,283,0,0,591046.0104,680690.5583
114,2025-03-09,284,0,0,591046.0104,680690.5583
114,2025-03-10,285,2182.83864,2580.853091,593228.849,683271.4114
114,2025-03-11,286,2182.83864,2580.853091,595411.6877,685852.2645
114,2025-03-12,287,2182.83864,2580.853091,597594.5263,688433.1176
114,2025-03-13,288,2182.83864,2580.853091,599777.3649,691013.9707
114,2025-03-14,289,2182.83864,2580.853091,601960.2036,693594.8238
114,2025-03-15,290,0,0,601960.2036,693594.8238
114,2025-03-16,291,0,0,601960.2036,693594.8238
114,2025-03-17,292,2182.83864,2580.853091,604143.0422,696175.6769
114,2025-03-18,293,2182.83864,2580.853091,606325.8809,698756.53
114,2025-03-19,294,2182.83864,2580.853091,608508.7195,701337.3831
114,2025-03-20,295,2182.83864,2580.853091,610691.5581,703918.2362
114,2025-03-21,296,2182.83864,2580.853091,612874.3968,706499.0893
114,2025-03-22,297,0,0,612874.3968,706499.0893
114,2025-03-23,298,0,0,612874.3968,706499.0893
114,2025-03-24,299,2182.83864,2580.853091,615057.2354,709079.9423
114,2025-03-25,300,2182.83864,2580.853091,617240.0741,711660.7954
114,2025-03-26,301,2182.83864,2580.853091,619422.9127,714241.6485
114,2025-03-27,302,2182.83864,2580.853091,621605.7514,716822.5016
114,2025-03-28,303,255.1747748,306.2097297,621860.9261,717128.7114
114,2025-03-29,304,0,0,621860.9261,717128.7114
114,2025-03-30,305,0,0,621860.9261,717128.7114
114,2025-03-31,306,255.1747748,306.2097297,622116.1009,717434.9211
114,2025-04-01,307,255.1747748,306.2097297,622371.2757,717741.1308
114,2025-04-02,308,255.1747748,306.2097297,622626.4505,718047.3405
114,2025-04-03,309,255.1747748,306.2097297,622881.6252,718353.5503
114,2025-04-04,310,255.1747748,306.2097297,623136.8,718659.76
114,2025-04-05,311,0,0,623136.8,718659.76
114,2025-04-06,312,0,0,623136.8,718659.76
115,2024-06-05,1,349.1029808,429.3966663,349.1029808,429.3966663
115,2024-06-06,2,349.1029808,429.3966663,698.2059615,858.7933327
115,2024-06-07,3,349.1029808,429.3966663,1047.308942,1288.189999
115,2024-06-08,4,0,0,1047.308942,1288.189999
115,2024-06-09,5,0,0,1047.308942,1288.189999
115,2024-06-10,6,3438.966617,4322.624848,4486.275559,5610.814847
115,2024-06-11,7,3438.966617,4322.624848,7925.242177,9933.439695
115,2024-06-12,8,3438.966617,4322.624848,11364.20879,14256.06454
115,2024-06-13,9,3438.966617,4322.624848,14803.17541,18578.68939
115,2024-06-14,10,3438.966617,4322.624848,18242.14203,22901.31424
115,2024-06-15,11,0,0,18242.14203,22901.31424
115,2024-06-16,12,0,0,18242.14203,22901.31424
115,2024-06-17,13,3438.966617,4322.624848,21681.10865,27223.93909
115,2024-06-18,14,3438.966617,4322.624848,25120.07526,31546.56394
115,2024-06-19,15,3438.966617,4322.624848,28559.04188,35869.18878
115,2024-06-20,16,3438.966617,4322.624848,31998.0085,40191.81363
115,2024-06-21,17,3438.966617,4322.624848,35436.97511,44514.43848
115,2024-06-22,18,0,0,35436.97511,44514.43848
115,2024-06-23,19,0,0,35436.97511,44514.43848
115,2024-06-24,20,3438.966617,4322.624848,38875.94173,48837.06333
115,2024-06-25,21,3438.966617,4322.624848,42314.90835,53159.68818
115,2024-06-26,22,3438.966617,4322.624848,45753.87497,57482.31303
115,2024-06-27,23,3438.966617,4322.624848,49192.84158,61804.93787
115,2024-06-28,24,3438.966617,4322.624848,52631.8082,66127.56272
115,2024-06-29,25,0,0,52631.8082,66127.56272
115,2024-06-30,26,0,0,52631.8082,66127.56272
115,2024-07-01,27,3438.966617,4322.624848,56070.77482,70450.18757
115,2024-07-02,28,3438.966617,4322.624848,59509.74143,74772.81242
115,2024-07-03,29,3438.966617,4322.624848,62948.70805,79095.43727
115,2024-07-04,30,3438.966617,4322.624848,66387.67467,83418.06211
115,2024-07-05,31,3438.966617,4322.624848,69826.64128,87740.68696
115,2024-07-06,32,0,0,69826.64128,87740.68696
115,2024-07-07,33,0,0,69826.64128,87740.68696
115,2024-07-08,34,3438.966617,4322.624848,73265.6079,92063.31181
115,2024-07-09,35,5672.333706,7159.001051,78937.94161,99222.31286
115,2024-07-10,36,2582.470069,3265.772869,81520.41168,102488.0857
115,2024-07-11,37,2582.470069,3265.772869,84102.88175,105753.8586
115,2024-07-12,38,2582.470069,3265.772869,86685.35182,109019.6315
115,2024-07-13,39,0,0,86685.35182,109019.6315
115,2024-07-14,40,0,0,86685.35182,109019.6315
115,2024-07-15,41,2582.470069,3265.772869,89267.82189,112285.4043
115,2024-07-16,42,2582.470069,3265.772869,91850.29195,115551.1772
115,2024-07-17,43,2582.470069,3265.772869,94432.76202,118816.9501
115,2024-07-18,44,2582.470069,3265.772869,97015.23209,122082.7229
115,2024-07-19,45,2582.470069,3265.772869,99597.70216,125348.4958
115,2024-07-20,46,0,0,99597.70216,125348.4958
115,2024-07-21,47,0,0,99597.70216,125348.4958
115,2024-07-22,48,2582.470069,3265.772869,102180.1722,128614.2687
115,2024-07-23,49,2582.470069,3265.772869,104762.6423,131880.0415
115,2024-07-24,50,2582.470069,3265.772869,107345.1124,135145.8144
115,2024-07-25,51,2582.470069,3265.772869,109927.5824,138411.5873
115,2024-07-26,52,2582.470069,3265.772869,112510.0525,141677.3602
115,2024-07-27,53,0,0,112510.0525,141677.3602
115,2024-07-28,54,0,0,112510.0525,141677.3602
115,2024-07-29,55,2582.470069,3265.772869,115092.5226,144943.133
115,2024-07-30,56,2582.470069,3265.772869,117674.9926,148208.9059
115,2024-07-31,57,2582.470069,3265.772869,120257.4627,151474.6788
115,2024-08-01,58,2582.470069,3265.772869,122839.9328,154740.4516
115,2024-08-02,59,2582.470069,3265.772869,125422.4029,158006.2245
115,2024-08-03,60,0,0,125422.4029,158006.2245
115,2024-08-04,61,0,0,125422.4029,158006.2245
115,2024-08-05,62,2582.470069,3265.772869,128004.8729,161271.9974
115,2024-08-06,63,2582.470069,3265.772869,130587.343,164537.7702
115,2024-08-07,64,2582.470069,3265.772869,133169.8131,167803.5431
115,2024-08-08,65,2582.470069,3265.772869,135752.2831,171069.316
115,2024-08-09,66,2582.470069,3265.772869,138334.7532,174335.0888
115,2024-08-10,67,0,0,138334.7532,174335.0888
115,2024-08-11,68,0,0,138334.7532,174335.0888
115,2024-08-12,69,2582.470069,3265.772869,140917.2233,177600.8617
115,2024-08-13,70,2582.470069,3265.772869,143499.6933,180866.6346
115,2024-08-14,71,2582.470069,3265.772869,146082.1634,184132.4075
115,2024-08-15,72,2582.470069,3265.772869,148664.6335,187398.1803
115,2024-08-16,73,2582.470069,3265.772869,151247.1036,190663.9532
115,2024-08-17,74,0,0,151247.1036,190663.9532
115,2024-08-18,75,0,0,151247.1036,190663.9532
115,2024-08-19,76,2582.470069,3265.772869,153829.5736,193929.7261
115,2024-08-20,77,2582.470069,3265.772869,156412.0437,197195.4989
115,2024-08-21,78,2582.470069,3265.772869,158994.5138,200461.2718
115,2024-08-22,79,2582.470069,3265.772869,161576.9838,203727.0447
115,2024-08-23,80,2582.470069,3265.772869,164159.4539,206992.8175
115,2024-08-24,81,0,0,164159.4539,206992.8175
115,2024-08-25,82,0,0,164159.4539,206992.8175
115,2024-08-26,83,2582.470069,3265.772869,166741.924,210258.5904
115,2024-08-27,84,2582.470069,3265.772869,169324.394,213524.3633
115,2024-08-28,85,2582.470069,3265.772869,171906.8641,216790.1361
115,2024-08-29,86,2582.470069,3265.772869,174489.3342,220055.909
115,2024-08-30,87,2582.470069,3265.772869,177071.8042,223321.6819
115,2024-08-31,88,0,0,177071.8042,223321.6819
115,2024-09-01,89,0,0,177071.8042,223321.6819
115,2024-09-02,90,2582.470069,3265.772869,179654.2743,226587.4547
115,2024-09-03,91,2582.470069,3265.772869,182236.7444,229853.2276
115,2024-09-04,92,2582.470069,3265.772869,184819.2145,233119.0005
115,2024-09-05,93,2582.470069,3265.772869,187401.6845,236384.7734
115,2024-09-06,94,2582.470069,3265.772869,189984.1546,239650.5462
115,2024-09-07,95,0,0,189984.1546,239650.5462
115,2024-09-08,96,0,0,189984.1546,239650.5462
115,2024-09-09,97,2582.470069,3265.772869,192566.6247,242916.3191
115,2024-09-10,98,2582.470069,3265.772869,195149.0947,246182.092
115,2024-09-11,99,2582.470069,3265.772869,197731.5648,249447.8648
115,2024-09-12,100,2582.470069,3265.772869,200314.0349,252713.6377
115,2024-09-13,101,2582.470069,3265.772869,202896.5049,255979.4106
115,2024-09-14,102,0,0,202896.5049,255979.4106
115,2024-09-15,103,0,0,202896.5049,255979.4106
115,2024-09-16,104,2582.470069,3265.772869,205478.975,259245.1834
115,2024-09-17,105,2582.470069,3265.772869,208061.4451,262510.9563
115,2024-09-18,106,2582.470069,3265.772869,210643.9151,265776.7292
115,2024-09-19,107,2582.470069,3265.772869,213226.3852,269042.502
115,2024-09-20,108,2582.470069,3265.772869,215808.8553,272308.2749
115,2024-09-21,109,0,0,215808.8553,272308.2749
115,2024-09-22,110,0,0,215808.8553,272308.2749
115,2024-09-23,111,2582.470069,3265.772869,218391.3254,275574.0478
115,2024-09-24,112,2582.470069,3265.772869,220973.7954,278839.8206
115,2024-09-25,113,2582.470069,3265.772869,223556.2655,282105.5935
115,2024-09-26,114,2582.470069,3265.772869,226138.7356,285371.3664
115,2024-09-27,115,2582.470069,3265.772869,228721.2056,288637.1393
115,2024-09-28,116,0,0,228721.2056,288637.1393
115,2024-09-29,117,0,0,228721.2056,288637.1393
115,2024-09-30,118,2582.470069,3265.772869,231303.6757,291902.9121
115,2024-10-01,119,2582.470069,3265.772869,233886.1458,295168.685
115,2024-10-02,120,2582.470069,3265.772869,236468.6158,298434.4579
115,2024-10-03,121,2582.470069,3265.772869,239051.0859,301700.2307
115,2024-10-04,122,2582.470069,3265.772869,241633.556,304966.0036
115,2024-10-05,123,0,0,241633.556,304966.0036
115,2024-10-06,124,0,0,241633.556,304966.0036
115,2024-10-07,125,6675.470069,8177.372869,248309.026,313143.3765
115,2024-10-08,126,6675.470069,8177.372869,254984.4961,321320.7493
115,2024-10-09,127,6675.470069,8177.372869,261659.9662,329498.1222
115,2024-10-10,128,6675.470069,8177.372869,268335.4363,337675.4951
115,2024-10-11,129,6675.470069,8177.372869,275010.9063,345852.8679
115,2024-10-12,130,0,0,275010.9063,345852.8679
115,2024-10-13,131,0,0,275010.9063,345852.8679
115,2024-10-14,132,6675.470069,8177.372869,281686.3764,354030.2408
115,2024-10-15,133,9451.283153,11230.76726,291137.6595,365261.0081
115,2024-10-16,134,9451.283153,11230.76726,300588.9427,376491.7753
115,2024-10-17,135,9451.283153,11230.76726,310040.2259,387722.5426
115,2024-10-18,136,9451.283153,11230.76726,319491.509,398953.3099
115,2024-10-19,137,0,0,319491.509,398953.3099
115,2024-10-20,138,0,0,319491.509,398953.3099
115,2024-10-21,139,9451.283153,11230.76726,328942.7922,410184.0771
115,2024-10-22,140,9451.283153,11230.76726,338394.0753,421414.8444
115,2024-10-23,141,9451.283153,11230.76726,347845.3585,432645.6116
115,2024-10-24,142,9451.283153,11230.76726,357296.6416,443876.3789
115,2024-10-25,143,9451.283153,11230.76726,366747.9248,455107.1462
115,2024-10-26,144,0,0,366747.9248,455107.1462
115,2024-10-27,145,0,0,366747.9248,455107.1462
115,2024-10-28,146,7217.916065,8394.391059,373965.8408,463501.5372
115,2024-10-29,147,7217.916065,8394.391059,381183.7569,471895.9283
115,2024-10-30,148,7217.916065,8394.391059,388401.673,480290.3193
115,2024-10-31,149,7217.916065,8394.391059,395619.589,488684.7104
115,2024-11-01,150,7217.916065,8394.391059,402837.5051,497079.1015
115,2024-11-02,151,0,0,402837.5051,497079.1015
115,2024-11-03,152,0,0,402837.5051,497079.1015
115,2024-11-04,153,7217.916065,8394.391059,410055.4212,505473.4925
115,2024-11-05,154,7217.916065,8394.391059,417273.3372,513867.8836
115,2024-11-06,155,7217.916065,8394.391059,424491.2533,522262.2746
115,2024-11-07,156,7217.916065,8394.391059,431709.1694,530656.6657
115,2024-11-08,157,7217.916065,8394.391059,438927.0854,539051.0568
115,2024-11-09,158,0,0,438927.0854,539051.0568
115,2024-11-10,159,0,0,438927.0854,539051.0568
115,2024-11-11,160,7217.916065,8394.391059,446145.0015,547445.4478
115,2024-11-12,161,7217.916065,8394.391059,453362.9176,555839.8389
115,2024-11-13,162,7217.916065,8394.391059,460580.8336,564234.2299
115,2024-11-14,163,7217.916065,8394.391059,467798.7497,572628.621
115,2024-11-15,164,3124.916065,3482.791059,470923.6657,576111.412
115,2024-11-16,165,0,0,470923.6657,576111.412
115,2024-11-17,166,0,0,470923.6657,576111.412
115,2024-11-18,167,3124.916065,3482.791059,474048.5818,579594.2031
115,2024-11-19,168,3124.916065,3482.791059,477173.4979,583076.9942
115,2024-11-20,169,3124.916065,3482.791059,480298.4139,586559.7852
115,2024-11-21,170,3124.916065,3482.791059,483423.33,590042.5763
115,2024-11-22,171,3124.916065,3482.791059,486548.2461,593525.3673
115,2024-11-23,172,0,0,486548.2461,593525.3673
115,2024-11-24,173,0,0,486548.2461,593525.3673
115,2024-11-25,174,3124.916065,3482.791059,489673.1621,597008.1584
115,2024-11-26,175,3124.916065,3482.791059,492798.0782,600490.9495
115,2024-11-27,176,3124.916065,3482.791059,495922.9943,603973.7405
115,2024-11-28,177,3124.916065,3482.791059,499047.9103,607456.5316
115,2024-11-29,178,3124.916065,3482.791059,502172.8264,610939.3226
115,2024-11-30,179,0,0,502172.8264,610939.3226
115,2024-12-01,180,0,0,502172.8264,610939.3226
115,2024-12-02,181,3124.916065,3482.791059,505297.7425,614422.1137
115,2024-12-03,182,3124.916065,3482.791059,508422.6585,617904.9048
115,2024-12-04,183,3124.916065,3482.791059,511547.5746,621387.6958
115,2024-12-05,184,3124.916065,3482.791059,514672.4907,624870.4869
115,2024-12-06,185,3124.916065,3482.791059,517797.4067,628353.2779
115,2024-12-07,186,0,0,517797.4067,628353.2779
115,2024-12-08,187,0,0,517797.4067,628353.2779
115,2024-12-09,188,3124.916065,3482.791059,520922.3228,631836.069
115,2024-12-10,189,3124.916065,3482.791059,524047.2389,635318.8601
115,2024-12-11,190,3124.916065,3482.791059,527172.1549,638801.6511
115,2024-12-12,191,3124.916065,3482.791059,530297.071,642284.4422
115,2024-12-13,192,3124.916065,3482.791059,533421.987,645767.2332
115,2024-12-14,193,0,0,533421.987,645767.2332
115,2024-12-15,194,0,0,533421.987,645767.2332
115,2024-12-16,195,3124.916065,3482.791059,536546.9031,649250.0243
115,2024-12-17,196,3124.916065,3482.791059,539671.8192,652732.8153
115,2024-12-18,197,3124.916065,3482.791059,542796.7352,656215.6064
115,2024-12-19,198,3124.916065,3482.791059,545921.6513,659698.3975
115,2024-12-20,199,3124.916065,3482.791059,549046.5674,663181.1885
115,2024-12-21,200,0,0,549046.5674,663181.1885
115,2024-12-22,201,0,0,549046.5674,663181.1885
115,2024-12-23,202,3124.916065,3482.791059,552171.4834,666663.9796
115,2024-12-24,203,3124.916065,3482.791059,555296.3995,670146.7706
115,2024-12-25,204,3124.916065,3482.791059,558421.3156,673629.5617
115,2024-12-26,205,3124.916065,3482.791059,561546.2316,677112.3528
115,2024-12-27,206,3124.916065,3482.791059,564671.1477,680595.1438
115,2024-12-28,207,0,0,564671.1477,680595.1438
115,2024-12-29,208,0,0,564671.1477,680595.1438
115,2024-12-30,209,3124.916065,3482.791059,567796.0638,684077.9349
115,2024-12-31,210,3124.916065,3482.791059,570920.9798,687560.7259
115,2025-01-01,211,3124.916065,3482.791059,574045.8959,691043.517
115,2025-01-02,212,3124.916065,3482.791059,577170.812,694526.3081
115,2025-01-03,213,3124.916065,3482.791059,580295.728,698009.0991
115,2025-01-04,214,0,0,580295.728,698009.0991
115,2025-01-05,215,0,0,580295.728,698009.0991
115,2025-01-06,216,3124.916065,3482.791059,583420.6441,701491.8902
115,2025-01-07,217,3124.916065,3482.791059,586545.5602,704974.6812
115,2025-01-08,218,3124.916065,3482.791059,589670.4762,708457.4723
115,2025-01-09,219,3124.916065,3482.791059,592795.3923,711940.2633
115,2025-01-10,220,3124.916065,3482.791059,595920.3083,715423.0544
115,2025-01-11,221,0,0,595920.3083,715423.0544
115,2025-01-12,222,0,0,595920.3083,715423.0544
115,2025-01-13,223,3124.916065,3482.791059,599045.2244,718905.8455
115,2025-01-14,224,3124.916065,3482.791059,602170.1405,722388.6365
115,2025-01-15,225,3124.916065,3482.791059,605295.0565,725871.4276
115,2025-01-16,226,3124.916065,3482.791059,608419.9726,729354.2186
115,2025-01-17,227,3124.916065,3482.791059,611544.8887,732837.0097
115,2025-01-18,228,0,0,611544.8887,732837.0097
115,2025-01-19,229,0,0,611544.8887,732837.0097
115,2025-01-20,230,3124.916065,3482.791059,614669.8047,736319.8008
115,2025-01-21,231,3124.916065,3482.791059,617794.7208,739802.5918
115,2025-01-22,232,3124.916065,3482.791059,620919.6369,743285.3829
115,2025-01-23,233,3124.916065,3482.791059,624044.5529,746768.1739
115,2025-01-24,234,3124.916065,3482.791059,627169.469,750250.965
115,2025-01-25,235,0,0,627169.469,750250.965
115,2025-01-26,236,0,0,627169.469,750250.965
115,2025-01-27,237,3124.916065,3482.791059,630294.3851,753733.7561
115,2025-01-28,238,3124.916065,3482.791059,633419.3011,757216.5471
115,2025-01-29,239,3124.916065,3482.791059,636544.2172,760699.3382
115,2025-01-30,240,3124.916065,3482.791059,639669.1333,764182.1292
115,2025-01-31,241,3124.916065,3482.791059,642794.0493,767664.9203
115,2025-02-01,242,0,0,642794.0493,767664.9203
115,2025-02-02,243,0,0,642794.0493,767664.9203
115,2025-02-03,244,3124.916065,3482.791059,645918.9654,771147.7113
115,2025-02-04,245,3124.916065,3482.791059,649043.8814,774630.5024
115,2025-02-05,246,3124.916065,3482.791059,652168.7975,778113.2935
115,2025-02-06,247,3124.916065,3482.791059,655293.7136,781596.0845
115,2025-02-07,248,3124.916065,3482.791059,658418.6296,785078.8756
115,2025-02-08,249,0,0,658418.6296,785078.8756
115,2025-02-09,250,0,0,658418.6296,785078.8756
115,2025-02-10,251,3124.916065,3482.791059,661543.5457,788561.6666
115,2025-02-11,252,3124.916065,3482.791059,664668.4618,792044.4577
115,2025-02-12,253,3124.916065,3482.791059,667793.3778,795527.2488
115,2025-02-13,254,3124.916065,3482.791059,670918.2939,799010.0398
115,2025-02-14,255,3124.916065,3482.791059,674043.21,802492.8309
115,2025-02-15,256,0,0,674043.21,802492.8309
115,2025-02-16,257,0,0,674043.21,802492.8309
115,2025-02-17,258,3124.916065,3482.791059,677168.126,805975.6219
115,2025-02-18,259,3124.916065,3482.791059,680293.0421,809458.413
115,2025-02-19,260,3124.916065,3482.791059,683417.9582,812941.2041
115,2025-02-20,261,3124.916065,3482.791059,686542.8742,816423.9951
115,2025-02-21,262,3124.916065,3482.791059,689667.7903,819906.7862
115,2025-02-22,263,0,0,689667.7903,819906.7862
115,2025-02-23,264,0,0,689667.7903,819906.7862
115,2025-02-24,265,3124.916065,3482.791059,692792.7064,823389.5772
115,2025-02-25,266,3124.916065,3482.791059,695917.6224,826872.3683
115,2025-02-26,267,3124.916065,3482.791059,699042.5385,830355.1593
115,2025-02-27,268,3124.916065,3482.791059,702167.4546,833837.9504
115,2025-02-28,269,3124.916065,3482.791059,705292.3706,837320.7415
115,2025-03-01,270,0,0,705292.3706,837320.7415
115,2025-03-02,271,0,0,705292.3706,837320.7415
115,2025-03-03,272,3124.916065,3482.791059,708417.2867,840803.5325
115,2025-03-04,273,3124.916065,3482.791059,711542.2027,844286.3236
115,2025-03-05,274,3124.916065,3482.791059,714667.1188,847769.1146
115,2025-03-06,275,3124.916065,3482.791059,717792.0349,851251.9057
115,2025-03-07,276,3124.916065,3482.791059,720916.9509,854734.6968
115,2025-03-08,277,0,0,720916.9509,854734.6968
115,2025-03-09,278,0,0,720916.9509,854734.6968
115,2025-03-10,279,3124.916065,3482.791059,724041.867,858217.4878
115,2025-03-11,280,3124.916065,3482.791059,727166.7831,861700.2789
115,2025-03-12,281,3124.916065,3482.791059,730291.6991,865183.0699
115,2025-03-13,282,349.1029808,429.3966663,730640.8021,865612.4666
115,2025-03-14,283,349.1029808,429.3966663,730989.9051,866041.8633
115,2025-03-15,284,0,0,730989.9051,866041.8633
115,2025-03-16,285,0,0,730989.9051,866041.8633
115,2025-03-17,286,349.1029808,429.3966663,731339.0081,866471.2599
115,2025-03-18,287,349.1029808,429.3966663,731688.1111,866900.6566
115,2025-03-19,288,349.1029808,429.3966663,732037.214,867330.0533
115,2025-03-20,289,349.1029808,429.3966663,732386.317,867759.4499
115,2025-03-21,290,349.1029808,429.3966663,732735.42,868188.8466
115,2025-03-22,291,0,0,732735.42,868188.8466
116,2024-06-10,1,400.3784,448.423808,400.3784,448.423808
116,2024-06-11,2,400.3784,448.423808,800.7568,896.847616
116,2024-06-12,3,400.3784,448.423808,1201.1352,1345.271424
116,2024-06-13,4,400.3784,448.423808,1601.5136,1793.695232
116,2024-06-14,5,400.3784,448.423808,2001.892,2242.11904
116,2024-06-15,6,0,0,2001.892,2242.11904
116,2024-06-16,7,0,0,2001.892,2242.11904
116,2024-06-17,8,4186.3784,5218.783808,6188.2704,7460.902848
116,2024-06-18,9,4186.3784,5218.783808,10374.6488,12679.68666
116,2024-06-19,10,4186.3784,5218.783808,14561.0272,17898.47046
116,2024-06-20,11,4186.3784,5218.783808,18747.4056,23117.25427
116,2024-06-21,12,4186.3784,5218.783808,22933.784,28336.03808
116,2024-06-22,13,0,0,22933.784,28336.03808
116,2024-06-23,14,0,0,22933.784,28336.03808
116,2024-06-24,15,4186.3784,5218.783808,27120.1624,33554.82189
116,2024-06-25,16,4186.3784,5218.783808,31306.5408,38773.6057
116,2024-06-26,17,4186.3784,5218.783808,35492.9192,43992.3895
116,2024-06-27,18,4186.3784,5218.783808,39679.2976,49211.17331
116,2024-06-28,19,4186.3784,5218.783808,43865.676,54429.95712
116,2024-06-29,20,0,0,43865.676,54429.95712
116,2024-06-30,21,0,0,43865.676,54429.95712
116,2024-07-01,22,4186.3784,5218.783808,48052.0544,59648.74093
116,2024-07-02,23,4186.3784,5218.783808,52238.4328,64867.52474
116,2024-07-03,24,4186.3784,5218.783808,56424.8112,70086.30854
116,2024-07-04,25,4186.3784,5218.783808,60611.1896,75305.09235
116,2024-07-05,26,4186.3784,5218.783808,64797.568,80523.87616
116,2024-07-06,27,0,0,64797.568,80523.87616
116,2024-07-07,28,0,0,64797.568,80523.87616
116,2024-07-08,29,4186.3784,5218.783808,68983.9464,85742.65997
116,2024-07-09,30,4186.3784,5218.783808,73170.3248,90961.44378
116,2024-07-10,31,4186.3784,5218.783808,77356.7032,96180.22758
116,2024-07-11,32,7616.3784,9060.383808,84973.0816,105240.6114
116,2024-07-12,33,3830.3784,4290.023808,88803.46,109530.6352
116,2024-07-13,34,0,0,88803.46,109530.6352
116,2024-07-14,35,0,0,88803.46,109530.6352
116,2024-07-15,36,3830.3784,4290.023808,92633.8384,113820.659
116,2024-07-16,37,3830.3784,4290.023808,96464.2168,118110.6828
116,2024-07-17,38,3830.3784,4290.023808,100294.5952,122400.7066
116,2024-07-18,39,3830.3784,4290.023808,104124.9736,126690.7304
116,2024-07-19,40,3830.3784,4290.023808,107955.352,130980.7542
116,2024-07-20,41,0,0,107955.352,130980.7542
116,2024-07-21,42,0,0,107955.352,130980.7542
116,2024-07-22,43,3830.3784,4290.023808,111785.7304,135270.778
116,2024-07-23,44,3830.3784,4290.023808,115616.1088,139560.8019
116,2024-07-24,45,3830.3784,4290.023808,119446.4872,143850.8257
116,2024-07-25,46,3830.3784,4290.023808,123276.8656,148140.8495
116,2024-07-26,47,3830.3784,4290.023808,127107.244,152430.8733
116,2024-07-27,48,0,0,127107.244,152430.8733
116,2024-07-28,49,0,0,127107.244,152430.8733
116,2024-07-29,50,3830.3784,4290.023808,130937.6224,156720.8971
116,2024-07-30,51,3830.3784,4290.023808,134768.0008,161010.9209
116,2024-07-31,52,3830.3784,4290.023808,138598.3792,165300.9447
116,2024-08-01,53,3830.3784,4290.023808,142428.7576,169590.9685
116,2024-08-02,54,3830.3784,4290.023808,146259.136,173880.9923
116,2024-08-03,55,0,0,146259.136,173880.9923
116,2024-08-04,56,0,0,146259.136,173880.9923
116,2024-08-05,57,3830.3784,4290.023808,150089.5144,178171.0161
116,2024-08-06,58,3830.3784,4290.023808,153919.8928,182461.0399
116,2024-08-07,59,3830.3784,4290.023808,157750.2712,186751.0637
116,2024-08-08,60,3830.3784,4290.023808,161580.6496,191041.0876
116,2024-08-09,61,3830.3784,4290.023808,165411.028,195331.1114
116,2024-08-10,62,0,0,165411.028,195331.1114
116,2024-08-11,63,0,0,165411.028,195331.1114
116,2024-08-12,64,3830.3784,4290.023808,169241.4064,199621.1352
116,2024-08-13,65,3830.3784,4290.023808,173071.7848,203911.159
116,2024-08-14,66,3830.3784,4290.023808,176902.1632,208201.1828
116,2024-08-15,67,3830.3784,4290.023808,180732.5416,212491.2066
116,2024-08-16,68,3830.3784,4290.023808,184562.92,216781.2304
116,2024-08-17,69,0,0,184562.92,216781.2304
116,2024-08-18,70,0,0,184562.92,216781.2304
116,2024-08-19,71,3830.3784,4290.023808,188393.2984,221071.2542
116,2024-08-20,72,3830.3784,4290.023808,192223.6768,225361.278
116,2024-08-21,73,3830.3784,4290.023808,196054.0552,229651.3018
116,2024-08-22,74,3830.3784,4290.023808,199884.4336,233941.3256
116,2024-08-23,75,3830.3784,4290.023808,203714.812,238231.3494
116,2024-08-24,76,0,0,203714.812,238231.3494
116,2024-08-25,77,0,0,203714.812,238231.3494
116,2024-08-26,78,3830.3784,4290.023808,207545.1904,242521.3732
116,2024-08-27,79,3830.3784,4290.023808,211375.5688,246811.3971
116,2024-08-28,80,3830.3784,4290.023808,215205.9472,251101.4209
116,2024-08-29,81,3830.3784,4290.023808,219036.3256,255391.4447
116,2024-08-30,82,3830.3784,4290.023808,222866.704,259681.4685
116,2024-08-31,83,0,0,222866.704,259681.4685
116,2024-09-01,84,0,0,222866.704,259681.4685
116,2024-09-02,85,3830.3784,4290.023808,226697.0824,263971.4923
116,2024-09-03,86,3830.3784,4290.023808,230527.4608,268261.5161
116,2024-09-04,87,3830.3784,4290.023808,234357.8392,272551.5399
116,2024-09-05,88,3830.3784,4290.023808,238188.2176,276841.5637
116,2024-09-06,89,3830.3784,4290.023808,242018.596,281131.5875
116,2024-09-07,90,0,0,242018.596,281131.5875
116,2024-09-08,91,0,0,242018.596,281131.5875
116,2024-09-09,92,3830.3784,4290.023808,245848.9744,285421.6113
116,2024-09-10,93,3830.3784,4290.023808,249679.3528,289711.6351
116,2024-09-11,94,3830.3784,4290.023808,253509.7312,294001.6589
116,2024-09-12,95,3830.3784,4290.023808,257340.1096,298291.6828
116,2024-09-13,96,3830.3784,4290.023808,261170.488,302581.7066
116,2024-09-14,97,0,0,261170.488,302581.7066
116,2024-09-15,98,0,0,261170.488,302581.7066
116,2024-09-16,99,3830.3784,4290.023808,265000.8664,306871.7304
116,2024-09-17,100,3830.3784,4290.023808,268831.2448,311161.7542
116,2024-09-18,101,3830.3784,4290.023808,272661.6232,315451.778
116,2024-09-19,102,3830.3784,4290.023808,276492.0016,319741.8018
116,2024-09-20,103,3830.3784,4290.023808,280322.38,324031.8256
116,2024-09-21,104,0,0,280322.38,324031.8256
116,2024-09-22,105,0,0,280322.38,324031.8256
116,2024-09-23,106,3830.3784,4290.023808,284152.7584,328321.8494
116,2024-09-24,107,3830.3784,4290.023808,287983.1368,332611.8732
116,2024-09-25,108,3830.3784,4290.023808,291813.5152,336901.897
116,2024-09-26,109,3830.3784,4290.023808,295643.8936,341191.9208
116,2024-09-27,110,3830.3784,4290.023808,299474.272,345481.9446
116,2024-09-28,111,0,0,299474.272,345481.9446
116,2024-09-29,112,0,0,299474.272,345481.9446
116,2024-09-30,113,3830.3784,4290.023808,303304.6504,349771.9684
116,2024-10-01,114,3830.3784,4290.023808,307135.0288,354061.9923
116,2024-10-02,115,3830.3784,4290.023808,310965.4072,358352.0161
116,2024-10-03,116,3830.3784,4290.023808,314795.7856,362642.0399
116,2024-10-04,117,3830.3784,4290.023808,318626.164,366932.0637
116,2024-10-05,118,0,0,318626.164,366932.0637
116,2024-10-06,119,0,0,318626.164,366932.0637
116,2024-10-07,120,3830.3784,4290.023808,322456.5424,371222.0875
116,2024-10-08,121,3830.3784,4290.023808,326286.9208,375512.1113
116,2024-10-09,122,3830.3784,4290.023808,330117.2992,379802.1351
116,2024-10-10,123,3830.3784,4290.023808,333947.6776,384092.1589
116,2024-10-11,124,3830.3784,4290.023808,337778.056,388382.1827
116,2024-10-12,125,0,0,337778.056,388382.1827
116,2024-10-13,126,0,0,337778.056,388382.1827
116,2024-10-14,127,3830.3784,4290.023808,341608.4344,392672.2065
116,2024-10-15,128,3830.3784,4290.023808,345438.8128,396962.2303
116,2024-10-16,129,3830.3784,4290.023808,349269.1912,401252.2541
116,2024-10-17,130,3830.3784,4290.023808,353099.5696,405542.278
116,2024-10-18,131,3830.3784,4290.023808,356929.948,409832.3018
116,2024-10-19,132,0,0,356929.948,409832.3018
116,2024-10-20,133,0,0,356929.948,409832.3018
116,2024-10-21,134,3830.3784,4290.023808,360760.3264,414122.3256
116,2024-10-22,135,3830.3784,4290.023808,364590.7048,418412.3494
116,2024-10-23,136,3830.3784,4290.023808,368421.0832,422702.3732
116,2024-10-24,137,3830.3784,4290.023808,372251.4616,426992.397
116,2024-10-25,138,3830.3784,4290.023808,376081.84,431282.4208
116,2024-10-26,139,0,0,376081.84,431282.4208
116,2024-10-27,140,0,0,376081.84,431282.4208
116,2024-10-28,141,3830.3784,4290.023808,379912.2184,435572.4446
116,2024-10-29,142,3830.3784,4290.023808,383742.5968,439862.4684
116,2024-10-30,143,3830.3784,4290.023808,387572.9752,444152.4922
116,2024-10-31,144,3830.3784,4290.023808,391403.3536,448442.516
116,2024-11-01,145,3830.3784,4290.023808,395233.732,452732.5398
116,2024-11-02,146,0,0,395233.732,452732.5398
116,2024-11-03,147,0,0,395233.732,452732.5398
116,2024-11-04,148,3830.3784,4290.023808,399064.1104,457022.5636
116,2024-11-05,149,3830.3784,4290.023808,402894.4888,461312.5875
116,2024-11-06,150,7755.045067,8960.377141,410649.5339,470272.9646
116,2024-11-07,151,7755.045067,8960.377141,418404.5789,479233.3417
116,2024-11-08,152,7755.045067,8960.377141,426159.624,488193.7189
116,2024-11-09,153,0,0,426159.624,488193.7189
116,2024-11-10,154,0,0,426159.624,488193.7189
116,2024-11-11,155,7755.045067,8960.377141,433914.6691,497154.096
116,2024-11-12,156,7755.045067,8960.377141,441669.7141,506114.4732
116,2024-11-13,157,7755.045067,8960.377141,449424.7592,515074.8503
116,2024-11-14,158,7755.045067,8960.377141,457179.8043,524035.2274
116,2024-11-15,159,7755.045067,8960.377141,464934.8493,532995.6046
116,2024-11-16,160,0,0,464934.8493,532995.6046
116,2024-11-17,161,0,0,464934.8493,532995.6046
116,2024-11-18,162,10818.04507,12390.93714,475752.8944,545386.5417
116,2024-11-19,163,10818.04507,12390.93714,486570.9395,557777.4789
116,2024-11-20,164,10818.04507,12390.93714,497388.9845,570168.416
116,2024-11-21,165,10818.04507,12390.93714,508207.0296,582559.3532
116,2024-11-22,166,10818.04507,12390.93714,519025.0747,594950.2903
116,2024-11-23,167,0,0,519025.0747,594950.2903
116,2024-11-24,168,0,0,519025.0747,594950.2903
116,2024-11-25,169,10818.04507,12390.93714,529843.1197,607341.2274
116,2024-11-26,170,10818.04507,12390.93714,540661.1648,619732.1646
116,2024-11-27,171,7388.045067,8549.337141,548049.2099,628281.5017
116,2024-11-28,172,7388.045067,8549.337141,555437.2549,636830.8389
116,2024-11-29,173,7388.045067,8549.337141,562825.3,645380.176
116,2024-11-30,174,0,0,562825.3,645380.176
116,2024-12-01,175,0,0,562825.3,645380.176
116,2024-12-02,176,7388.045067,8549.337141,570213.3451,653929.5131
116,2024-12-03,177,7388.045067,8549.337141,577601.3901,662478.8503
116,2024-12-04,178,7388.045067,8549.337141,584989.4352,671028.1874
116,2024-12-05,179,7388.045067,8549.337141,592377.4803,679577.5246
116,2024-12-06,180,7388.045067,8549.337141,599765.5253,688126.8617
116,2024-12-07,181,0,0,599765.5253,688126.8617
116,2024-12-08,182,0,0,599765.5253,688126.8617
116,2024-12-09,183,7388.045067,8549.337141,607153.5704,696676.1988
116,2024-12-10,184,7388.045067,8549.337141,614541.6155,705225.536
116,2024-12-11,185,7388.045067,8549.337141,621929.6605,713774.8731
116,2024-12-12,186,7388.045067,8549.337141,629317.7056,722324.2103
116,2024-12-13,187,7388.045067,8549.337141,636705.7507,730873.5474
116,2024-12-14,188,0,0,636705.7507,730873.5474
116,2024-12-15,189,0,0,636705.7507,730873.5474
116,2024-12-16,190,7388.045067,8549.337141,644093.7957,739422.8846
116,2024-12-17,191,7388.045067,8549.337141,651481.8408,747972.2217
116,2024-12-18,192,3463.3784,3878.983808,654945.2192,751851.2055
116,2024-12-19,193,3463.3784,3878.983808,658408.5976,755730.1893
116,2024-12-20,194,3463.3784,3878.983808,661871.976,759609.1731
116,2024-12-21,195,0,0,661871.976,759609.1731
116,2024-12-22,196,0,0,661871.976,759609.1731
116,2024-12-23,197,3463.3784,3878.983808,665335.3544,763488.1569
116,2024-12-24,198,3463.3784,3878.983808,668798.7328,767367.1407
116,2024-12-25,199,3463.3784,3878.983808,672262.1112,771246.1245
116,2024-12-26,200,3463.3784,3878.983808,675725.4896,775125.1084
116,2024-12-27,201,3463.3784,3878.983808,679188.868,779004.0922
116,2024-12-28,202,0,0,679188.868,779004.0922
116,2024-12-29,203,0,0,679188.868,779004.0922
116,2024-12-30,204,3463.3784,3878.983808,682652.2464,782883.076
116,2024-12-31,205,3463.3784,3878.983808,686115.6248,786762.0598
116,2025-01-01,206,3463.3784,3878.983808,689579.0032,790641.0436
116,2025-01-02,207,3463.3784,3878.983808,693042.3816,794520.0274
116,2025-01-03,208,3463.3784,3878.983808,696505.76,798399.0112
116,2025-01-04,209,0,0,696505.76,798399.0112
116,2025-01-05,210,0,0,696505.76,798399.0112
116,2025-01-06,211,3463.3784,3878.983808,699969.1384,802277.995
116,2025-01-07,212,3463.3784,3878.983808,703432.5168,806156.9788
116,2025-01-08,213,3463.3784,3878.983808,706895.8952,810035.9626
116,2025-01-09,214,3463.3784,3878.983808,710359.2736,813914.9464
116,2025-01-10,215,3463.3784,3878.983808,713822.652,817793.9302
116,2025-01-11,216,0,0,713822.652,817793.9302
116,2025-01-12,217,0,0,713822.652,817793.9302
116,2025-01-13,218,3463.3784,3878.983808,717286.0304,821672.914
116,2025-01-14,219,3463.3784,3878.983808,720749.4088,825551.8979
116,2025-01-15,220,3463.3784,3878.983808,724212.7872,829430.8817
116,2025-01-16,221,3463.3784,3878.983808,727676.1656,833309.8655
116,2025-01-17,222,3463.3784,3878.983808,731139.544,837188.8493
116,2025-01-18,223,0,0,731139.544,837188.8493
116,2025-01-19,224,0,0,731139.544,837188.8493
116,2025-01-20,225,3463.3784,3878.983808,734602.9224,841067.8331
116,2025-01-21,226,3463.3784,3878.983808,738066.3008,844946.8169
116,2025-01-22,227,3463.3784,3878.983808,741529.6792,848825.8007
116,2025-01-23,228,3463.3784,3878.983808,744993.0576,852704.7845
116,2025-01-24,229,3463.3784,3878.983808,748456.436,856583.7683
116,2025-01-25,230,0,0,748456.436,856583.7683
116,2025-01-26,231,0,0,748456.436,856583.7683
116,2025-01-27,232,3463.3784,3878.983808,751919.8144,860462.7521
116,2025-01-28,233,3463.3784,3878.983808,755383.1928,864341.7359
116,2025-01-29,234,3463.3784,3878.983808,758846.5712,868220.7197
116,2025-01-30,235,3463.3784,3878.983808,762309.9496,872099.7036
116,2025-01-31,236,3463.3784,3878.983808,765773.328,875978.6874
116,2025-02-01,237,0,0,765773.328,875978.6874
116,2025-02-02,238,0,0,765773.328,875978.6874
116,2025-02-03,239,3463.3784,3878.983808,769236.7064,879857.6712
116,2025-02-04,240,3463.3784,3878.983808,772700.0848,883736.655
116,2025-02-05,241,3463.3784,3878.983808,776163.4632,887615.6388
116,2025-02-06,242,3463.3784,3878.983808,779626.8416,891494.6226
116,2025-02-07,243,3463.3784,3878.983808,783090.22,895373.6064
116,2025-02-08,244,0,0,783090.22,895373.6064
116,2025-02-09,245,0,0,783090.22,895373.6064
116,2025-02-10,246,3463.3784,3878.983808,786553.5984,899252.5902
116,2025-02-11,247,3463.3784,3878.983808,790016.9768,903131.574
116,2025-02-12,248,3463.3784,3878.983808,793480.3552,907010.5578
116,2025-02-13,249,3463.3784,3878.983808,796943.7336,910889.5416
116,2025-02-14,250,3463.3784,3878.983808,800407.112,914768.5254
116,2025-02-15,251,0,0,800407.112,914768.5254
116,2025-02-16,252,0,0,800407.112,914768.5254
116,2025-02-17,253,3463.3784,3878.983808,803870.4904,918647.5092
116,2025-02-18,254,3463.3784,3878.983808,807333.8688,922526.4931
116,2025-02-19,255,3463.3784,3878.983808,810797.2472,926405.4769
116,2025-02-20,256,3463.3784,3878.983808,814260.6256,930284.4607
116,2025-02-21,257,3463.3784,3878.983808,817724.004,934163.4445
116,2025-02-22,258,0,0,817724.004,934163.4445
116,2025-02-23,259,0,0,817724.004,934163.4445
116,2025-02-24,260,3463.3784,3878.983808,821187.3824,938042.4283
116,2025-02-25,261,3463.3784,3878.983808,824650.7608,941921.4121
116,2025-02-26,262,3463.3784,3878.983808,828114.1392,945800.3959
116,2025-02-27,263,3463.3784,3878.983808,831577.5176,949679.3797
116,2025-02-28,264,3463.3784,3878.983808,835040.896,953558.3635
116,2025-03-01,265,0,0,835040.896,953558.3635
116,2025-03-02,266,0,0,835040.896,953558.3635
116,2025-03-03,267,3463.3784,3878.983808,838504.2744,957437.3473
116,2025-03-04,268,3463.3784,3878.983808,841967.6528,961316.3311
116,2025-03-05,269,3463.3784,3878.983808,845431.0312,965195.3149
116,2025-03-06,270,3463.3784,3878.983808,848894.4096,969074.2988
116,2025-03-07,271,3463.3784,3878.983808,852357.788,972953.2826
116,2025-03-08,272,0,0,852357.788,972953.2826
116,2025-03-09,273,0,0,852357.788,972953.2826
116,2025-03-10,274,3463.3784,3878.983808,855821.1664,976832.2664
116,2025-03-11,275,3463.3784,3878.983808,859284.5448,980711.2502
116,2025-03-12,276,3463.3784,3878.983808,862747.9232,984590.234
116,2025-03-13,277,3463.3784,3878.983808,866211.3016,988469.2178
116,2025-03-14,278,3463.3784,3878.983808,869674.68,992348.2016
116,2025-03-15,279,0,0,869674.68,992348.2016
116,2025-03-16,280,0,0,869674.68,992348.2016
116,2025-03-17,281,3463.3784,3878.983808,873138.0584,996227.1854
116,2025-03-18,282,3463.3784,3878.983808,876601.4368,1000106.169
116,2025-03-19,283,3463.3784,3878.983808,880064.8152,1003985.153
116,2025-03-20,284,3463.3784,3878.983808,883528.1936,1007864.137
116,2025-03-21,285,3463.3784,3878.983808,886991.572,1011743.121
116,2025-03-22,286,0,0,886991.572,1011743.121
116,2025-03-23,287,0,0,886991.572,1011743.121
116,2025-03-24,288,3463.3784,3878.983808,890454.9504,1015622.104
116,2025-03-25,289,3463.3784,3878.983808,893918.3288,1019501.088
116,2025-03-26,290,3463.3784,3878.983808,897381.7072,1023380.072
116,2025-03-27,291,3463.3784,3878.983808,900845.0856,1027259.056
116,2025-03-28,292,3463.3784,3878.983808,904308.464,1031138.04
116,2025-03-29,293,0,0,904308.464,1031138.04
116,2025-03-30,294,0,0,904308.464,1031138.04
116,2025-03-31,295,3463.3784,3878.983808,907771.8424,1035017.023
116,2025-04-01,296,3463.3784,3878.983808,911235.2208,1038896.007
116,2025-04-02,297,3463.3784,3878.983808,914698.5992,1042774.991
116,2025-04-03,298,3463.3784,3878.983808,918161.9776,1046653.975
116,2025-04-04,299,3463.3784,3878.983808,921625.356,1050532.959
116,2025-04-05,300,0,0,921625.356,1050532.959
116,2025-04-06,301,0,0,921625.356,1050532.959
116,2025-04-07,302,3463.3784,3878.983808,925088.7344,1054411.943
116,2025-04-08,303,3463.3784,3878.983808,928552.1128,1058290.926
116,2025-04-09,304,3463.3784,3878.983808,932015.4912,1062169.91
116,2025-04-10,305,3463.3784,3878.983808,935478.8696,1066048.894
116,2025-04-11,306,3463.3784,3878.983808,938942.248,1069927.878
116,2025-04-12,307,0,0,938942.248,1069927.878
116,2025-04-13,308,0,0,938942.248,1069927.878
116,2025-04-14,309,3463.3784,3878.983808,942405.6264,1073806.862
116,2025-04-15,310,3463.3784,3878.983808,945869.0048,1077685.845
116,2025-04-16,311,3463.3784,3878.983808,949332.3832,1081564.829
116,2025-04-17,312,3463.3784,3878.983808,952795.7616,1085443.813
116,2025-04-18,313,3463.3784,3878.983808,956259.14,1089322.797
116,2025-04-19,314,0,0,956259.14,1089322.797
116,2025-04-20,315,0,0,956259.14,1089322.797
116,2025-04-21,316,3463.3784,3878.983808,959722.5184,1093201.781
116,2025-04-22,317,3463.3784,3878.983808,963185.8968,1097080.764
116,2025-04-23,318,3463.3784,3878.983808,966649.2752,1100959.748
116,2025-04-24,319,3463.3784,3878.983808,970112.6536,1104838.732
116,2025-04-25,320,3463.3784,3878.983808,973576.032,1108717.716
116,2025-04-26,321,0,0,973576.032,1108717.716
116,2025-04-27,322,0,0,973576.032,1108717.716
116,2025-04-28,323,3463.3784,3878.983808,977039.4104,1112596.7
116,2025-04-29,324,3463.3784,3878.983808,980502.7888,1116475.683
116,2025-04-30,325,3463.3784,3878.983808,983966.1672,1120354.667
116,2025-05-01,326,3463.3784,3878.983808,987429.5456,1124233.651
116,2025-05-02,327,3463.3784,3878.983808,990892.924,1128112.635
116,2025-05-03,328,0,0,990892.924,1128112.635
116,2025-05-04,329,0,0,990892.924,1128112.635
116,2025-05-05,330,3463.3784,3878.983808,994356.3024,1131991.619
116,2025-05-06,331,3463.3784,3878.983808,997819.6808,1135870.602
116,2025-05-07,332,3463.3784,3878.983808,1001283.059,1139749.586
116,2025-05-08,333,3463.3784,3878.983808,1004746.438,1143628.57
116,2025-05-09,334,3463.3784,3878.983808,1008209.816,1147507.554
116,2025-05-10,335,0,0,1008209.816,1147507.554
116,2025-05-11,336,0,0,1008209.816,1147507.554
116,2025-05-12,337,3463.3784,3878.983808,1011673.194,1151386.538
116,2025-05-13,338,3463.3784,3878.983808,1015136.573,1155265.522
116,2025-05-14,339,3463.3784,3878.983808,1018599.951,1159144.505
116,2025-05-15,340,3463.3784,3878.983808,1022063.33,1163023.489
116,2025-05-16,341,3463.3784,3878.983808,1025526.708,1166902.473
116,2025-05-17,342,0,0,1025526.708,1166902.473
116,2025-05-18,343,0,0,1025526.708,1166902.473
116,2025-05-19,344,3463.3784,3878.983808,1028990.086,1170781.457
116,2025-05-20,345,3463.3784,3878.983808,1032453.465,1174660.441
116,2025-05-21,346,3463.3784,3878.983808,1035916.843,1178539.424
116,2025-05-22,347,3463.3784,3878.983808,1039380.222,1182418.408
116,2025-05-23,348,3463.3784,3878.983808,1042843.6,1186297.392
116,2025-05-24,349,0,0,1042843.6,1186297.392
116,2025-05-25,350,0,0,1042843.6,1186297.392
116,2025-05-26,351,3463.3784,3878.983808,1046306.978,1190176.376
116,2025-05-27,352,3463.3784,3878.983808,1049770.357,1194055.36
116,2025-05-28,353,3463.3784,3878.983808,1053233.735,1197934.343
116,2025-05-29,354,3463.3784,3878.983808,1056697.114,1201813.327
116,2025-05-30,355,3463.3784,3878.983808,1060160.492,1205692.311
116,2025-05-31,356,0,0,1060160.492,1205692.311
116,2025-06-01,357,0,0,1060160.492,1205692.311
116,2025-06-02,358,3463.3784,3878.983808,1063623.87,1209571.295
116,2025-06-03,359,3463.3784,3878.983808,1067087.249,1213450.279
116,2025-06-04,360,3463.3784,3878.983808,1070550.627,1217329.262
116,2025-06-05,361,3463.3784,3878.983808,1074014.006,1221208.246
116,2025-06-06,362,3463.3784,3878.983808,1077477.384,1225087.23
116,2025-06-07,363,0,0,1077477.384,1225087.23
116,2025-06-08,364,0,0,1077477.384,1225087.23
116,2025-06-09,365,3463.3784,3878.983808,1080940.762,1228966.214
116,2025-06-10,366,3463.3784,3878.983808,1084404.141,1232845.198
116,2025-06-11,367,3463.3784,3878.983808,1087867.519,1236724.182
116,2025-06-12,368,3463.3784,3878.983808,1091330.898,1240603.165
116,2025-06-13,369,3463.3784,3878.983808,1094794.276,1244482.149
116,2025-06-14,370,0,0,1094794.276,1244482.149
116,2025-06-15,371,0,0,1094794.276,1244482.149
116,2025-06-16,372,3463.3784,3878.983808,1098257.654,1248361.133
116,2025-06-17,373,3463.3784,3878.983808,1101721.033,1252240.117
116,2025-06-18,374,3463.3784,3878.983808,1105184.411,1256119.101
116,2025-06-19,375,3463.3784,3878.983808,1108647.79,1259998.084
116,2025-06-20,376,400.3784,448.423808,1109048.168,1260446.508
116,2025-06-21,377,0,0,1109048.168,1260446.508
116,2025-06-22,378,0,0,1109048.168,1260446.508
116,2025-06-23,379,400.3784,448.423808,1109448.546,1260894.932
116,2025-06-24,380,400.3784,448.423808,1109848.925,1261343.356
116,2025-06-25,381,400.3784,448.423808,1110249.303,1261791.78
116,2025-06-26,382,400.3784,448.423808,1110649.682,1262240.203
116,2025-06-27,383,400.3784,448.423808,1111050.06,1262688.627
116,2025-06-28,384,0,0,1111050.06,1262688.627
116,2025-06-29,385,0,0,1111050.06,1262688.627
117,2024-06-18,1,285.4583036,339.6953813,285.4583036,339.6953813
117,2024-06-19,2,285.4583036,339.6953813,570.9166071,679.3907625
117,2024-06-20,3,285.4583036,339.6953813,856.3749107,1019.086144
117,2024-06-21,4,285.4583036,339.6953813,1141.833214,1358.781525
117,2024-06-22,5,0,0,1141.833214,1358.781525
117,2024-06-23,6,0,0,1141.833214,1358.781525
117,2024-06-24,7,2389.458304,2822.415381,3531.291518,4181.196906
117,2024-06-25,8,2389.458304,2822.415381,5920.749821,7003.612288
117,2024-06-26,9,2389.458304,2822.415381,8310.208125,9826.027669
117,2024-06-27,10,2389.458304,2822.415381,10699.66643,12648.44305
117,2024-06-28,11,2389.458304,2822.415381,13089.12473,15470.85843
117,2024-06-29,12,0,0,13089.12473,15470.85843
117,2024-06-30,13,0,0,13089.12473,15470.85843
117,2024-07-01,14,2389.458304,2822.415381,15478.58304,18293.27381
117,2024-07-02,15,2389.458304,2822.415381,17868.04134,21115.68919
117,2024-07-03,16,2389.458304,2822.415381,20257.49964,23938.10458
117,2024-07-04,17,2389.458304,2822.415381,22646.95795,26760.51996
117,2024-07-05,18,2389.458304,2822.415381,25036.41625,29582.93534
117,2024-07-06,19,0,0,25036.41625,29582.93534
117,2024-07-07,20,0,0,25036.41625,29582.93534
117,2024-07-08,21,2389.458304,2822.415381,27425.87455,32405.35072
117,2024-07-09,22,2389.458304,2822.415381,29815.33286,35227.7661
117,2024-07-10,23,2389.458304,2822.415381,32204.79116,38050.18148
117,2024-07-11,24,2389.458304,2822.415381,34594.24946,40872.59686
117,2024-07-12,25,2389.458304,2822.415381,36983.70777,43695.01224
117,2024-07-13,26,0,0,36983.70777,43695.01224
117,2024-07-14,27,0,0,36983.70777,43695.01224
117,2024-07-15,28,2389.458304,2822.415381,39373.16607,46517.42763
117,2024-07-16,29,2389.458304,2822.415381,41762.62438,49339.84301
117,2024-07-17,30,2389.458304,2822.415381,44152.08268,52162.25839
117,2024-07-18,31,2389.458304,2822.415381,46541.54098,54984.67377
117,2024-07-19,32,2389.458304,2822.415381,48930.99929,57807.08915
117,2024-07-20,33,0,0,48930.99929,57807.08915
117,2024-07-21,34,0,0,48930.99929,57807.08915
117,2024-07-22,35,2389.458304,2822.415381,51320.45759,60629.50453
117,2024-07-23,36,2389.458304,2822.415381,53709.91589,63451.91991
117,2024-07-24,37,2389.458304,2822.415381,56099.3742,66274.33529
117,2024-07-25,38,2389.458304,2822.415381,58488.8325,69096.75068
117,2024-07-26,39,2389.458304,2822.415381,60878.2908,71919.16606
117,2024-07-27,40,0,0,60878.2908,71919.16606
117,2024-07-28,41,0,0,60878.2908,71919.16606
117,2024-07-29,42,2389.458304,2822.415381,63267.74911,74741.58144
117,2024-07-30,43,2389.458304,2822.415381,65657.20741,77563.99682
117,2024-07-31,44,2389.458304,2822.415381,68046.66571,80386.4122
117,2024-08-01,45,2389.458304,2822.415381,70436.12402,83208.82758
117,2024-08-02,46,3994.084566,4635.643058,74430.20858,87844.47064
117,2024-08-03,47,0,0,74430.20858,87844.47064
117,2024-08-04,48,0,0,74430.20858,87844.47064
117,2024-08-05,49,1890.084566,2152.923058,76320.29315,89997.3937
117,2024-08-06,50,1890.084566,2152.923058,78210.37772,92150.31676
117,2024-08-07,51,1890.084566,2152.923058,80100.46228,94303.23981
117,2024-08-08,52,1890.084566,2152.923058,81990.54685,96456.16287
117,2024-08-09,53,1890.084566,2152.923058,83880.63142,98609.08593
117,2024-08-10,54,0,0,83880.63142,98609.08593
117,2024-08-11,55,0,0,83880.63142,98609.08593
117,2024-08-12,56,1890.084566,2152.923058,85770.71598,100762.009
117,2024-08-13,57,1890.084566,2152.923058,87660.80055,102914.932
117,2024-08-14,58,1890.084566,2152.923058,89550.88511,105067.8551
117,2024-08-15,59,1890.084566,2152.923058,91440.96968,107220.7782
117,2024-08-16,60,1890.084566,2152.923058,93331.05425,109373.7012
117,2024-08-17,61,0,0,93331.05425,109373.7012
117,2024-08-18,62,0,0,93331.05425,109373.7012
117,2024-08-19,63,1890.084566,2152.923058,95221.13881,111526.6243
117,2024-08-20,64,1890.084566,2152.923058,97111.22338,113679.5473
117,2024-08-21,65,1890.084566,2152.923058,99001.30794,115832.4704
117,2024-08-22,66,1890.084566,2152.923058,100891.3925,117985.3935
117,2024-08-23,67,1890.084566,2152.923058,102781.4771,120138.3165
117,2024-08-24,68,0,0,102781.4771,120138.3165
117,2024-08-25,69,0,0,102781.4771,120138.3165
117,2024-08-26,70,1890.084566,2152.923058,104671.5616,122291.2396
117,2024-08-27,71,1890.084566,2152.923058,106561.6462,124444.1626
117,2024-08-28,72,1890.084566,2152.923058,108451.7308,126597.0857
117,2024-08-29,73,1890.084566,2152.923058,110341.8153,128750.0087
117,2024-08-30,74,1890.084566,2152.923058,112231.8999,130902.9318
117,2024-08-31,75,0,0,112231.8999,130902.9318
117,2024-09-01,76,0,0,112231.8999,130902.9318
117,2024-09-02,77,1890.084566,2152.923058,114121.9845,133055.8549
117,2024-09-03,78,1890.084566,2152.923058,116012.069,135208.7779
117,2024-09-04,79,1890.084566,2152.923058,117902.1536,137361.701
117,2024-09-05,80,1890.084566,2152.923058,119792.2382,139514.624
117,2024-09-06,81,1890.084566,2152.923058,121682.3227,141667.5471
117,2024-09-07,82,0,0,121682.3227,141667.5471
117,2024-09-08,83,0,0,121682.3227,141667.5471
117,2024-09-09,84,1890.084566,2152.923058,123572.4073,143820.4701
117,2024-09-10,85,1890.084566,2152.923058,125462.4919,145973.3932
117,2024-09-11,86,1890.084566,2152.923058,127352.5764,148126.3163
117,2024-09-12,87,1890.084566,2152.923058,129242.661,150279.2393
117,2024-09-13,88,1890.084566,2152.923058,131132.7456,152432.1624
117,2024-09-14,89,0,0,131132.7456,152432.1624
117,2024-09-15,90,0,0,131132.7456,152432.1624
117,2024-09-16,91,1890.084566,2152.923058,133022.8301,154585.0854
117,2024-09-17,92,1890.084566,2152.923058,134912.9147,156738.0085
117,2024-09-18,93,1890.084566,2152.923058,136802.9993,158890.9316
117,2024-09-19,94,1890.084566,2152.923058,138693.0838,161043.8546
117,2024-09-20,95,1890.084566,2152.923058,140583.1684,163196.7777
117,2024-09-21,96,0,0,140583.1684,163196.7777
117,2024-09-22,97,0,0,140583.1684,163196.7777
117,2024-09-23,98,1890.084566,2152.923058,142473.253,165349.7007
117,2024-09-24,99,1890.084566,2152.923058,144363.3375,167502.6238
117,2024-09-25,100,1890.084566,2152.923058,146253.4221,169655.5468
117,2024-09-26,101,1890.084566,2152.923058,148143.5067,171808.4699
117,2024-09-27,102,1890.084566,2152.923058,150033.5912,173961.393
117,2024-09-28,103,0,0,150033.5912,173961.393
117,2024-09-29,104,0,0,150033.5912,173961.393
117,2024-09-30,105,1890.084566,2152.923058,151923.6758,176114.316
117,2024-10-01,106,1890.084566,2152.923058,153813.7604,178267.2391
117,2024-10-02,107,1890.084566,2152.923058,155703.8449,180420.1621
117,2024-10-03,108,1890.084566,2152.923058,157593.9295,182573.0852
117,2024-10-04,109,1890.084566,2152.923058,159484.0141,184726.0083
117,2024-10-05,110,0,0,159484.0141,184726.0083
117,2024-10-06,111,0,0,159484.0141,184726.0083
117,2024-10-07,112,1890.084566,2152.923058,161374.0986,186878.9313
117,2024-10-08,113,1890.084566,2152.923058,163264.1832,189031.8544
117,2024-10-09,114,1890.084566,2152.923058,165154.2678,191184.7774
117,2024-10-10,115,1890.084566,2152.923058,167044.3523,193337.7005
117,2024-10-11,116,1890.084566,2152.923058,168934.4369,195490.6235
117,2024-10-12,117,0,0,168934.4369,195490.6235
117,2024-10-13,118,0,0,168934.4369,195490.6235
117,2024-10-14,119,1890.084566,2152.923058,170824.5215,197643.5466
117,2024-10-15,120,1890.084566,2152.923058,172714.606,199796.4697
117,2024-10-16,121,1890.084566,2152.923058,174604.6906,201949.3927
117,2024-10-17,122,1890.084566,2152.923058,176494.7752,204102.3158
117,2024-10-18,123,1890.084566,2152.923058,178384.8597,206255.2388
117,2024-10-19,124,0,0,178384.8597,206255.2388
117,2024-10-20,125,0,0,178384.8597,206255.2388
117,2024-10-21,126,1890.084566,2152.923058,180274.9443,208408.1619
117,2024-10-22,127,1890.084566,2152.923058,182165.0289,210561.0849
117,2024-10-23,128,1890.084566,2152.923058,184055.1134,212714.008
117,2024-10-24,129,1890.084566,2152.923058,185945.198,214866.9311
117,2024-10-25,130,1890.084566,2152.923058,187835.2826,217019.8541
117,2024-10-26,131,0,0,187835.2826,217019.8541
117,2024-10-27,132,0,0,187835.2826,217019.8541
117,2024-10-28,133,1890.084566,2152.923058,189725.3671,219172.7772
117,2024-10-29,134,1890.084566,2152.923058,191615.4517,221325.7002
117,2024-10-30,135,1890.084566,2152.923058,193505.5363,223478.6233
117,2024-10-31,136,1890.084566,2152.923058,195395.6208,225631.5464
117,2024-11-01,137,1890.084566,2152.923058,197285.7054,227784.4694
117,2024-11-02,138,0,0,197285.7054,227784.4694
117,2024-11-03,139,0,0,197285.7054,227784.4694
117,2024-11-04,140,1890.084566,2152.923058,199175.79,229937.3925
117,2024-11-05,141,1890.084566,2152.923058,201065.8745,232090.3155
117,2024-11-06,142,1890.084566,2152.923058,202955.9591,234243.2386
117,2024-11-07,143,1890.084566,2152.923058,204846.0437,236396.1616
117,2024-11-08,144,1890.084566,2152.923058,206736.1282,238549.0847
117,2024-11-09,145,0,0,206736.1282,238549.0847
117,2024-11-10,146,0,0,206736.1282,238549.0847
117,2024-11-11,147,1890.084566,2152.923058,208626.2128,240702.0078
117,2024-11-12,148,1890.084566,2152.923058,210516.2974,242854.9308
117,2024-11-13,149,1890.084566,2152.923058,212406.3819,245007.8539
117,2024-11-14,150,1890.084566,2152.923058,214296.4665,247160.7769
117,2024-11-15,151,1890.084566,2152.923058,216186.551,249313.7
117,2024-11-16,152,0,0,216186.551,249313.7
117,2024-11-17,153,0,0,216186.551,249313.7
117,2024-11-18,154,1890.084566,2152.923058,218076.6356,251466.623
117,2024-11-19,155,1890.084566,2152.923058,219966.7202,253619.5461
117,2024-11-20,156,1890.084566,2152.923058,221856.8047,255772.4692
117,2024-11-21,157,1890.084566,2152.923058,223746.8893,257925.3922
117,2024-11-22,158,1890.084566,2152.923058,225636.9739,260078.3153
117,2024-11-23,159,0,0,225636.9739,260078.3153
117,2024-11-24,160,0,0,225636.9739,260078.3153
117,2024-11-25,161,1890.084566,2152.923058,227527.0584,262231.2383
117,2024-11-26,162,1890.084566,2152.923058,229417.143,264384.1614
117,2024-11-27,163,1890.084566,2152.923058,231307.2276,266537.0845
117,2024-11-28,164,5975.798852,6728.923058,237283.0264,273266.0075
117,2024-11-29,165,5975.798852,6728.923058,243258.8253,279994.9306
117,2024-11-30,166,0,0,243258.8253,279994.9306
117,2024-12-01,167,0,0,243258.8253,279994.9306
117,2024-12-02,168,5975.798852,6728.923058,249234.6241,286723.8536
117,2024-12-03,169,5975.798852,6728.923058,255210.423,293452.7767
117,2024-12-04,170,5975.798852,6728.923058,261186.2218,300181.6997
117,2024-12-05,171,5975.798852,6728.923058,267162.0207,306910.6228
117,2024-12-06,172,5975.798852,6728.923058,273137.8195,313639.5459
117,2024-12-07,173,0,0,273137.8195,313639.5459
117,2024-12-08,174,0,0,273137.8195,313639.5459
117,2024-12-09,175,10259.79885,12169.60306,283397.6184,325809.1489
117,2024-12-10,176,10259.79885,12169.60306,293657.4172,337978.752
117,2024-12-11,177,10259.79885,12169.60306,303917.2161,350148.355
117,2024-12-12,178,10259.79885,12169.60306,314177.0149,362317.9581
117,2024-12-13,179,10259.79885,12169.60306,324436.8138,374487.5612
117,2024-12-14,180,0,0,324436.8138,374487.5612
117,2024-12-15,181,0,0,324436.8138,374487.5612
117,2024-12-16,182,10259.79885,12169.60306,334696.6127,386657.1642
117,2024-12-17,183,10259.79885,12169.60306,344956.4115,398826.7673
117,2024-12-18,184,10259.79885,12169.60306,355216.2104,410996.3703
117,2024-12-19,185,8655.172589,10356.37538,363871.3829,421352.7457
117,2024-12-20,186,8655.172589,10356.37538,372526.5555,431709.1211
117,2024-12-21,187,0,0,372526.5555,431709.1211
117,2024-12-22,188,0,0,372526.5555,431709.1211
117,2024-12-23,189,8655.172589,10356.37538,381181.7281,442065.4965
117,2024-12-24,190,8655.172589,10356.37538,389836.9007,452421.8719
117,2024-12-25,191,8655.172589,10356.37538,398492.0733,462778.2472
117,2024-12-26,192,8655.172589,10356.37538,407147.2459,473134.6226
117,2024-12-27,193,4569.458304,5780.375381,411716.7042,478914.998
117,2024-12-28,194,0,0,411716.7042,478914.998
117,2024-12-29,195,0,0,411716.7042,478914.998
117,2024-12-30,196,4569.458304,5780.375381,416286.1625,484695.3734
117,2024-12-31,197,4569.458304,5780.375381,420855.6208,490475.7488
117,2025-01-01,198,4569.458304,5780.375381,425425.0791,496256.1241
117,2025-01-02,199,4569.458304,5780.375381,429994.5374,502036.4995
117,2025-01-03,200,4569.458304,5780.375381,434563.9957,507816.8749
117,2025-01-04,201,0,0,434563.9957,507816.8749
117,2025-01-05,202,0,0,434563.9957,507816.8749
117,2025-01-06,203,4569.458304,5780.375381,439133.454,513597.2503
117,2025-01-07,204,4569.458304,5780.375381,443702.9123,519377.6257
117,2025-01-08,205,4569.458304,5780.375381,448272.3706,525158.001
117,2025-01-09,206,4569.458304,5780.375381,452841.8289,530938.3764
117,2025-01-10,207,4569.458304,5780.375381,457411.2872,536718.7518
117,2025-01-11,208,0,0,457411.2872,536718.7518
117,2025-01-12,209,0,0,457411.2872,536718.7518
117,2025-01-13,210,4569.458304,5780.375381,461980.7455,542499.1272
117,2025-01-14,211,4569.458304,5780.375381,466550.2038,548279.5026
117,2025-01-15,212,4569.458304,5780.375381,471119.6621,554059.878
117,2025-01-16,213,4569.458304,5780.375381,475689.1204,559840.2533
117,2025-01-17,214,4569.458304,5780.375381,480258.5788,565620.6287
117,2025-01-18,215,0,0,480258.5788,565620.6287
117,2025-01-19,216,0,0,480258.5788,565620.6287
117,2025-01-20,217,4569.458304,5780.375381,484828.0371,571401.0041
117,2025-01-21,218,4569.458304,5780.375381,489397.4954,577181.3795
117,2025-01-22,219,4569.458304,5780.375381,493966.9537,582961.7549
117,2025-01-23,220,4569.458304,5780.375381,498536.412,588742.1302
117,2025-01-24,221,4569.458304,5780.375381,503105.8703,594522.5056
117,2025-01-25,222,0,0,503105.8703,594522.5056
117,2025-01-26,223,0,0,503105.8703,594522.5056
117,2025-01-27,224,4569.458304,5780.375381,507675.3286,600302.881
117,2025-01-28,225,4569.458304,5780.375381,512244.7869,606083.2564
117,2025-01-29,226,4569.458304,5780.375381,516814.2452,611863.6318
117,2025-01-30,227,4569.458304,5780.375381,521383.7035,617644.0071
117,2025-01-31,228,4569.458304,5780.375381,525953.1618,623424.3825
117,2025-02-01,229,0,0,525953.1618,623424.3825
117,2025-02-02,230,0,0,525953.1618,623424.3825
117,2025-02-03,231,4569.458304,5780.375381,530522.6201,629204.7579
117,2025-02-04,232,4569.458304,5780.375381,535092.0784,634985.1333
117,2025-02-05,233,4569.458304,5780.375381,539661.5367,640765.5087
117,2025-02-06,234,4569.458304,5780.375381,544230.995,646545.8841
117,2025-02-07,235,4569.458304,5780.375381,548800.4533,652326.2594
117,2025-02-08,236,0,0,548800.4533,652326.2594
117,2025-02-09,237,0,0,548800.4533,652326.2594
117,2025-02-10,238,4569.458304,5780.375381,553369.9116,658106.6348
117,2025-02-11,239,4569.458304,5780.375381,557939.3699,663887.0102
117,2025-02-12,240,4569.458304,5780.375381,562508.8282,669667.3856
117,2025-02-13,241,4569.458304,5780.375381,567078.2865,675447.761
117,2025-02-14,242,4569.458304,5780.375381,571647.7448,681228.1363
117,2025-02-15,243,0,0,571647.7448,681228.1363
117,2025-02-16,244,0,0,571647.7448,681228.1363
117,2025-02-17,245,4569.458304,5780.375381,576217.2031,687008.5117
117,2025-02-18,246,4569.458304,5780.375381,580786.6614,692788.8871
117,2025-02-19,247,4569.458304,5780.375381,585356.1197,698569.2625
117,2025-02-20,248,4569.458304,5780.375381,589925.578,704349.6379
117,2025-02-21,249,4569.458304,5780.375381,594495.0363,710130.0132
117,2025-02-22,250,0,0,594495.0363,710130.0132
117,2025-02-23,251,0,0,594495.0363,710130.0132
117,2025-02-24,252,4569.458304,5780.375381,599064.4946,715910.3886
117,2025-02-25,253,4569.458304,5780.375381,603633.9529,721690.764
117,2025-02-26,254,4569.458304,5780.375381,608203.4113,727471.1394
117,2025-02-27,255,4569.458304,5780.375381,612772.8696,733251.5148
117,2025-02-28,256,4569.458304,5780.375381,617342.3279,739031.8902
117,2025-03-01,257,0,0,617342.3279,739031.8902
117,2025-03-02,258,0,0,617342.3279,739031.8902
117,2025-03-03,259,4569.458304,5780.375381,621911.7862,744812.2655
117,2025-03-04,260,4569.458304,5780.375381,626481.2445,750592.6409
117,2025-03-05,261,4569.458304,5780.375381,631050.7028,756373.0163
117,2025-03-06,262,4569.458304,5780.375381,635620.1611,762153.3917
117,2025-03-07,263,4569.458304,5780.375381,640189.6194,767933.7671
117,2025-03-08,264,0,0,640189.6194,767933.7671
117,2025-03-09,265,0,0,640189.6194,767933.7671
117,2025-03-10,266,4569.458304,5780.375381,644759.0777,773714.1424
117,2025-03-11,267,4569.458304,5780.375381,649328.536,779494.5178
117,2025-03-12,268,4569.458304,5780.375381,653897.9943,785274.8932
117,2025-03-13,269,4569.458304,5780.375381,658467.4526,791055.2686
117,2025-03-14,270,4569.458304,5780.375381,663036.9109,796835.644
117,2025-03-15,271,0,0,663036.9109,796835.644
117,2025-03-16,272,0,0,663036.9109,796835.644
117,2025-03-17,273,4569.458304,5780.375381,667606.3692,802616.0193
117,2025-03-18,274,4569.458304,5780.375381,672175.8275,808396.3947
117,2025-03-19,275,4569.458304,5780.375381,676745.2858,814176.7701
117,2025-03-20,276,4569.458304,5780.375381,681314.7441,819957.1455
117,2025-03-21,277,4569.458304,5780.375381,685884.2024,825737.5209
117,2025-03-22,278,0,0,685884.2024,825737.5209
117,2025-03-23,279,0,0,685884.2024,825737.5209
117,2025-03-24,280,4569.458304,5780.375381,690453.6607,831517.8963
117,2025-03-25,281,4569.458304,5780.375381,695023.119,837298.2716
117,2025-03-26,282,4569.458304,5780.375381,699592.5773,843078.647
117,2025-03-27,283,4569.458304,5780.375381,704162.0356,848859.0224
117,2025-03-28,284,4569.458304,5780.375381,708731.4939,854639.3978
117,2025-03-29,285,0,0,708731.4939,854639.3978
117,2025-03-30,286,0,0,708731.4939,854639.3978
117,2025-03-31,287,4569.458304,5780.375381,713300.9522,860419.7732
117,2025-04-01,288,4569.458304,5780.375381,717870.4105,866200.1485
117,2025-04-02,289,4569.458304,5780.375381,722439.8688,871980.5239
117,2025-04-03,290,4569.458304,5780.375381,727009.3271,877760.8993
117,2025-04-04,291,4569.458304,5780.375381,731578.7854,883541.2747
117,2025-04-05,292,0,0,731578.7854,883541.2747
117,2025-04-06,293,0,0,731578.7854,883541.2747
117,2025-04-07,294,4569.458304,5780.375381,736148.2438,889321.6501
117,2025-04-08,295,4569.458304,5780.375381,740717.7021,895102.0254
117,2025-04-09,296,4569.458304,5780.375381,745287.1604,900882.4008
117,2025-04-10,297,4569.458304,5780.375381,749856.6187,906662.7762
117,2025-04-11,298,4569.458304,5780.375381,754426.077,912443.1516
117,2025-04-12,299,0,0,754426.077,912443.1516
117,2025-04-13,300,0,0,754426.077,912443.1516
117,2025-04-14,301,4569.458304,5780.375381,758995.5353,918223.527
117,2025-04-15,302,4569.458304,5780.375381,763564.9936,924003.9024
117,2025-04-16,303,4569.458304,5780.375381,768134.4519,929784.2777
117,2025-04-17,304,4569.458304,5780.375381,772703.9102,935564.6531
117,2025-04-18,305,285.4583036,339.6953813,772989.3685,935904.3485
117,2025-04-19,306,0,0,772989.3685,935904.3485
117,2025-04-20,307,0,0,772989.3685,935904.3485
117,2025-04-21,308,285.4583036,339.6953813,773274.8268,936244.0439
117,2025-04-22,309,285.4583036,339.6953813,773560.2851,936583.7393
117,2025-04-23,310,285.4583036,339.6953813,773845.7434,936923.4346
117,2025-04-24,311,285.4583036,339.6953813,774131.2017,937263.13
117,2025-04-25,312,285.4583036,339.6953813,774416.66,937602.8254
117,2025-04-26,313,0,0,774416.66,937602.8254
117,2025-04-27,314,0,0,774416.66,937602.8254
118,2024-07-30,1,247.1070742,298.9995598,247.1070742,298.9995598
118,2024-07-31,2,247.1070742,298.9995598,494.2141485,597.9991197
118,2024-08-01,3,247.1070742,298.9995598,741.3212227,896.9986795
118,2024-08-02,4,247.1070742,298.9995598,988.4282969,1195.998239
118,2024-08-03,5,0,0,988.4282969,1195.998239
118,2024-08-04,6,0,0,988.4282969,1195.998239
118,2024-08-05,7,1236.107074,1555.02956,2224.535371,2751.027799
118,2024-08-06,8,1236.107074,1555.02956,3460.642445,4306.057359
118,2024-08-07,9,1236.107074,1555.02956,4696.74952,5861.086919
118,2024-08-08,10,1236.107074,1555.02956,5932.856594,7416.116479
118,2024-08-09,11,1236.107074,1555.02956,7168.963668,8971.146038
118,2024-08-10,12,0,0,7168.963668,8971.146038
118,2024-08-11,13,0,0,7168.963668,8971.146038
118,2024-08-12,14,1236.107074,1555.02956,8405.070742,10526.1756
118,2024-08-13,15,1236.107074,1555.02956,9641.177817,12081.20516
118,2024-08-14,16,1236.107074,1555.02956,10877.28489,13636.23472
118,2024-08-15,17,1236.107074,1555.02956,12113.39197,15191.26428
118,2024-08-16,18,1236.107074,1555.02956,13349.49904,16746.29384
118,2024-08-17,19,0,0,13349.49904,16746.29384
118,2024-08-18,20,0,0,13349.49904,16746.29384
118,2024-08-19,21,1236.107074,1555.02956,14585.60611,18301.3234
118,2024-08-20,22,1236.107074,1555.02956,15821.71319,19856.35296
118,2024-08-21,23,1236.107074,1555.02956,17057.82026,21411.38252
118,2024-08-22,24,1236.107074,1555.02956,18293.92734,22966.41208
118,2024-08-23,25,1236.107074,1555.02956,19530.03441,24521.44164
118,2024-08-24,26,0,0,19530.03441,24521.44164
118,2024-08-25,27,0,0,19530.03441,24521.44164
118,2024-08-26,28,1236.107074,1555.02956,20766.14148,26076.4712
118,2024-08-27,29,1236.107074,1555.02956,22002.24856,27631.50076
118,2024-08-28,30,1236.107074,1555.02956,23238.35563,29186.53032
118,2024-08-29,31,1236.107074,1555.02956,24474.46271,30741.55988
118,2024-08-30,32,1236.107074,1555.02956,25710.56978,32296.58944
118,2024-08-31,33,0,0,25710.56978,32296.58944
118,2024-09-01,34,0,0,25710.56978,32296.58944
118,2024-09-02,35,1236.107074,1555.02956,26946.67686,33851.619
118,2024-09-03,36,1236.107074,1555.02956,28182.78393,35406.64856
118,2024-09-04,37,1236.107074,1555.02956,29418.891,36961.67812
118,2024-09-05,38,1236.107074,1555.02956,30654.99808,38516.70768
118,2024-09-06,39,1236.107074,1555.02956,31891.10515,40071.73723
118,2024-09-07,40,0,0,31891.10515,40071.73723
118,2024-09-08,41,0,0,31891.10515,40071.73723
118,2024-09-09,42,1236.107074,1555.02956,33127.21223,41626.76679
118,2024-09-10,43,1236.107074,1555.02956,34363.3193,43181.79635
118,2024-09-11,44,1236.107074,1555.02956,35599.42638,44736.82591
118,2024-09-12,45,1236.107074,1555.02956,36835.53345,46291.85547
118,2024-09-13,46,1236.107074,1555.02956,38071.64052,47846.88503
118,2024-09-14,47,0,0,38071.64052,47846.88503
118,2024-09-15,48,0,0,38071.64052,47846.88503
118,2024-09-16,49,1236.107074,1555.02956,39307.7476,49401.91459
118,2024-09-17,50,1236.107074,1555.02956,40543.85467,50956.94415
118,2024-09-18,51,1236.107074,1555.02956,41779.96175,52511.97371
118,2024-09-19,52,1236.107074,1555.02956,43016.06882,54067.00327
118,2024-09-20,53,1236.107074,1555.02956,44252.1759,55622.03283
118,2024-09-21,54,0,0,44252.1759,55622.03283
118,2024-09-22,55,0,0,44252.1759,55622.03283
118,2024-09-23,56,1236.107074,1555.02956,45488.28297,57177.06239
118,2024-09-24,57,1236.107074,1555.02956,46724.39004,58732.09195
118,2024-09-25,58,1236.107074,1555.02956,47960.49712,60287.12151
118,2024-09-26,59,3294.223741,4189.418893,51254.72086,64476.54041
118,2024-09-27,60,2305.223741,2933.388893,53559.9446,67409.9293
118,2024-09-28,61,0,0,53559.9446,67409.9293
118,2024-09-29,62,0,0,53559.9446,67409.9293
118,2024-09-30,63,2305.223741,2933.388893,55865.16834,70343.31819
118,2024-10-01,64,2305.223741,2933.388893,58170.39208,73276.70709
118,2024-10-02,65,2305.223741,2933.388893,60475.61582,76210.09598
118,2024-10-03,66,2305.223741,2933.388893,62780.83956,79143.48487
118,2024-10-04,67,2305.223741,2933.388893,65086.0633,82076.87376
118,2024-10-05,68,0,0,65086.0633,82076.87376
118,2024-10-06,69,0,0,65086.0633,82076.87376
118,2024-10-07,70,2305.223741,2933.388893,67391.28705,85010.26266
118,2024-10-08,71,2305.223741,2933.388893,69696.51079,87943.65155
118,2024-10-09,72,2305.223741,2933.388893,72001.73453,90877.04044
118,2024-10-10,73,2305.223741,2933.388893,74306.95827,93810.42934
118,2024-10-11,74,2305.223741,2933.388893,76612.18201,96743.81823
118,2024-10-12,75,0,0,76612.18201,96743.81823
118,2024-10-13,76,0,0,76612.18201,96743.81823
118,2024-10-14,77,2305.223741,2933.388893,78917.40575,99677.20712
118,2024-10-15,78,2305.223741,2933.388893,81222.62949,102610.596
118,2024-10-16,79,2305.223741,2933.388893,83527.85323,105543.9849
118,2024-10-17,80,2305.223741,2933.388893,85833.07697,108477.3738
118,2024-10-18,81,2305.223741,2933.388893,88138.30071,111410.7627
118,2024-10-19,82,0,0,88138.30071,111410.7627
118,2024-10-20,83,0,0,88138.30071,111410.7627
118,2024-10-21,84,2305.223741,2933.388893,90443.52445,114344.1516
118,2024-10-22,85,2305.223741,2933.388893,92748.7482,117277.5405
118,2024-10-23,86,2305.223741,2933.388893,95053.97194,120210.9294
118,2024-10-24,87,2305.223741,2933.388893,97359.19568,123144.3183
118,2024-10-25,88,2305.223741,2933.388893,99664.41942,126077.7072
118,2024-10-26,89,0,0,99664.41942,126077.7072
118,2024-10-27,90,0,0,99664.41942,126077.7072
118,2024-10-28,91,2305.223741,2933.388893,101969.6432,129011.0961
118,2024-10-29,92,2305.223741,2933.388893,104274.8669,131944.4849
118,2024-10-30,93,2305.223741,2933.388893,106580.0906,134877.8738
118,2024-10-31,94,2305.223741,2933.388893,108885.3144,137811.2627
118,2024-11-01,95,2305.223741,2933.388893,111190.5381,140744.6516
118,2024-11-02,96,0,0,111190.5381,140744.6516
118,2024-11-03,97,0,0,111190.5381,140744.6516
118,2024-11-04,98,2305.223741,2933.388893,113495.7619,143678.0405
118,2024-11-05,99,2305.223741,2933.388893,115800.9856,146611.4294
118,2024-11-06,100,2305.223741,2933.388893,118106.2093,149544.8183
118,2024-11-07,101,2305.223741,2933.388893,120411.4331,152478.2072
118,2024-11-08,102,2305.223741,2933.388893,122716.6568,155411.5961
118,2024-11-09,103,0,0,122716.6568,155411.5961
118,2024-11-10,104,0,0,122716.6568,155411.5961
118,2024-11-11,105,2305.223741,2933.388893,125021.8806,158344.985
118,2024-11-12,106,2305.223741,2933.388893,127327.1043,161278.3739
118,2024-11-13,107,2305.223741,2933.388893,129632.328,164211.7628
118,2024-11-14,108,2305.223741,2933.388893,131937.5518,167145.1517
118,2024-11-15,109,2305.223741,2933.388893,134242.7755,170078.5406
118,2024-11-16,110,0,0,134242.7755,170078.5406
118,2024-11-17,111,0,0,134242.7755,170078.5406
118,2024-11-18,112,2305.223741,2933.388893,136547.9993,173011.9295
118,2024-11-19,113,2305.223741,2933.388893,138853.223,175945.3183
118,2024-11-20,114,2305.223741,2933.388893,141158.4468,178878.7072
118,2024-11-21,115,2305.223741,2933.388893,143463.6705,181812.0961
118,2024-11-22,116,2305.223741,2933.388893,145768.8942,184745.485
118,2024-11-23,117,0,0,145768.8942,184745.485
118,2024-11-24,118,0,0,145768.8942,184745.485
118,2024-11-25,119,2305.223741,2933.388893,148074.118,187678.8739
118,2024-11-26,120,2305.223741,2933.388893,150379.3417,190612.2628
118,2024-11-27,121,2305.223741,2933.388893,152684.5655,193545.6517
118,2024-11-28,122,4418.608356,5532.85197,157103.1738,199078.5037
118,2024-11-29,123,4418.608356,5532.85197,161521.7822,204611.3556
118,2024-11-30,124,0,0,161521.7822,204611.3556
118,2024-12-01,125,0,0,161521.7822,204611.3556
118,2024-12-02,126,4418.608356,5532.85197,165940.3905,210144.2076
118,2024-12-03,127,4418.608356,5532.85197,170358.9989,215677.0596
118,2024-12-04,128,4418.608356,5532.85197,174777.6072,221209.9116
118,2024-12-05,129,4418.608356,5532.85197,179196.2156,226742.7635
118,2024-12-06,130,4418.608356,5532.85197,183614.824,232275.6155
118,2024-12-07,131,0,0,183614.824,232275.6155
118,2024-12-08,132,0,0,183614.824,232275.6155
118,2024-12-09,133,6527.608356,7958.20197,190142.4323,240233.8175
118,2024-12-10,134,6527.608356,7958.20197,196670.0407,248192.0194
118,2024-12-11,135,6527.608356,7958.20197,203197.649,256150.2214
118,2024-12-12,136,6527.608356,7958.20197,209725.2574,264108.4234
118,2024-12-13,137,6527.608356,7958.20197,216252.8657,272066.6253
118,2024-12-14,138,0,0,216252.8657,272066.6253
118,2024-12-15,139,0,0,216252.8657,272066.6253
118,2024-12-16,140,6527.608356,7958.20197,222780.4741,280024.8273
118,2024-12-17,141,6527.608356,7958.20197,229308.0824,287983.0293
118,2024-12-18,142,6527.608356,7958.20197,235835.6908,295941.2313
118,2024-12-19,143,4469.49169,5323.812637,240305.1825,301265.0439
118,2024-12-20,144,4469.49169,5323.812637,244774.6742,306588.8565
118,2024-12-21,145,0,0,244774.6742,306588.8565
118,2024-12-22,146,0,0,244774.6742,306588.8565
118,2024-12-23,147,4469.49169,5323.812637,249244.1659,311912.6692
118,2024-12-24,148,4469.49169,5323.812637,253713.6576,317236.4818
118,2024-12-25,149,4469.49169,5323.812637,258183.1493,322560.2944
118,2024-12-26,150,4469.49169,5323.812637,262652.6409,327884.1071
118,2024-12-27,151,4469.49169,5323.812637,267122.1326,333207.9197
118,2024-12-28,152,0,0,267122.1326,333207.9197
118,2024-12-29,153,0,0,267122.1326,333207.9197
118,2024-12-30,154,4469.49169,5323.812637,271591.6243,338531.7324
118,2024-12-31,155,4469.49169,5323.812637,276061.116,343855.545
118,2025-01-01,156,4469.49169,5323.812637,280530.6077,349179.3576
118,2025-01-02,157,4469.49169,5323.812637,285000.0994,354503.1703
118,2025-01-03,158,4469.49169,5323.812637,289469.5911,359826.9829
118,2025-01-04,159,0,0,289469.5911,359826.9829
118,2025-01-05,160,0,0,289469.5911,359826.9829
118,2025-01-06,161,4469.49169,5323.812637,293939.0828,365150.7955
118,2025-01-07,162,4469.49169,5323.812637,298408.5745,370474.6082
118,2025-01-08,163,4469.49169,5323.812637,302878.0661,375798.4208
118,2025-01-09,164,4469.49169,5323.812637,307347.5578,381122.2334
118,2025-01-10,165,4469.49169,5323.812637,311817.0495,386446.0461
118,2025-01-11,166,0,0,311817.0495,386446.0461
118,2025-01-12,167,0,0,311817.0495,386446.0461
118,2025-01-13,168,4469.49169,5323.812637,316286.5412,391769.8587
118,2025-01-14,169,4469.49169,5323.812637,320756.0329,397093.6714
118,2025-01-15,170,4469.49169,5323.812637,325225.5246,402417.484
118,2025-01-16,171,4469.49169,5323.812637,329695.0163,407741.2966
118,2025-01-17,172,4469.49169,5323.812637,334164.508,413065.1093
118,2025-01-18,173,0,0,334164.508,413065.1093
118,2025-01-19,174,0,0,334164.508,413065.1093
118,2025-01-20,175,4469.49169,5323.812637,338633.9997,418388.9219
118,2025-01-21,176,4469.49169,5323.812637,343103.4914,423712.7345
118,2025-01-22,177,2356.107074,2724.34956,345459.5984,426437.0841
118,2025-01-23,178,2356.107074,2724.34956,347815.7055,429161.4337
118,2025-01-24,179,2356.107074,2724.34956,350171.8126,431885.7832
118,2025-01-25,180,0,0,350171.8126,431885.7832
118,2025-01-26,181,0,0,350171.8126,431885.7832
118,2025-01-27,182,2356.107074,2724.34956,352527.9197,434610.1328
118,2025-01-28,183,2356.107074,2724.34956,354884.0267,437334.4823
118,2025-01-29,184,2356.107074,2724.34956,357240.1338,440058.8319
118,2025-01-30,185,2356.107074,2724.34956,359596.2409,442783.1815
118,2025-01-31,186,2356.107074,2724.34956,361952.3479,445507.531
118,2025-02-01,187,0,0,361952.3479,445507.531
118,2025-02-02,188,0,0,361952.3479,445507.531
118,2025-02-03,189,2356.107074,2724.34956,364308.455,448231.8806
118,2025-02-04,190,2356.107074,2724.34956,366664.5621,450956.2301
118,2025-02-05,191,2356.107074,2724.34956,369020.6692,453680.5797
118,2025-02-06,192,2356.107074,2724.34956,371376.7762,456404.9293
118,2025-02-07,193,2356.107074,2724.34956,373732.8833,459129.2788
118,2025-02-08,194,0,0,373732.8833,459129.2788
118,2025-02-09,195,0,0,373732.8833,459129.2788
118,2025-02-10,196,2356.107074,2724.34956,376088.9904,461853.6284
118,2025-02-11,197,2356.107074,2724.34956,378445.0975,464577.9779
118,2025-02-12,198,2356.107074,2724.34956,380801.2045,467302.3275
118,2025-02-13,199,2356.107074,2724.34956,383157.3116,470026.6771
118,2025-02-14,200,2356.107074,2724.34956,385513.4187,472751.0266
118,2025-02-15,201,0,0,385513.4187,472751.0266
118,2025-02-16,202,0,0,385513.4187,472751.0266
118,2025-02-17,203,2356.107074,2724.34956,387869.5258,475475.3762
118,2025-02-18,204,2356.107074,2724.34956,390225.6328,478199.7257
118,2025-02-19,205,2356.107074,2724.34956,392581.7399,480924.0753
118,2025-02-20,206,2356.107074,2724.34956,394937.847,483648.4249
118,2025-02-21,207,2356.107074,2724.34956,397293.9541,486372.7744
118,2025-02-22,208,0,0,397293.9541,486372.7744
118,2025-02-23,209,0,0,397293.9541,486372.7744
118,2025-02-24,210,2356.107074,2724.34956,399650.0611,489097.124
118,2025-02-25,211,2356.107074,2724.34956,402006.1682,491821.4735
118,2025-02-26,212,2356.107074,2724.34956,404362.2753,494545.8231
118,2025-02-27,213,2356.107074,2724.34956,406718.3824,497270.1727
118,2025-02-28,214,2356.107074,2724.34956,409074.4894,499994.5222
118,2025-03-01,215,0,0,409074.4894,499994.5222
118,2025-03-02,216,0,0,409074.4894,499994.5222
118,2025-03-03,217,2356.107074,2724.34956,411430.5965,502718.8718
118,2025-03-04,218,2356.107074,2724.34956,413786.7036,505443.2213
118,2025-03-05,219,2356.107074,2724.34956,416142.8107,508167.5709
118,2025-03-06,220,2356.107074,2724.34956,418498.9177,510891.9205
118,2025-03-07,221,2356.107074,2724.34956,420855.0248,513616.27
118,2025-03-08,222,0,0,420855.0248,513616.27
118,2025-03-09,223,0,0,420855.0248,513616.27
118,2025-03-10,224,2356.107074,2724.34956,423211.1319,516340.6196
118,2025-03-11,225,2356.107074,2724.34956,425567.239,519064.9691
118,2025-03-12,226,2356.107074,2724.34956,427923.346,521789.3187
118,2025-03-13,227,2356.107074,2724.34956,430279.4531,524513.6683
118,2025-03-14,228,2356.107074,2724.34956,432635.5602,527238.0178
118,2025-03-15,229,0,0,432635.5602,527238.0178
118,2025-03-16,230,0,0,432635.5602,527238.0178
118,2025-03-17,231,2356.107074,2724.34956,434991.6672,529962.3674
118,2025-03-18,232,2356.107074,2724.34956,437347.7743,532686.7169
118,2025-03-19,233,2356.107074,2724.34956,439703.8814,535411.0665
118,2025-03-20,234,2356.107074,2724.34956,442059.9885,538135.4161
118,2025-03-21,235,2356.107074,2724.34956,444416.0955,540859.7656
118,2025-03-22,236,0,0,444416.0955,540859.7656
118,2025-03-23,237,0,0,444416.0955,540859.7656
118,2025-03-24,238,2356.107074,2724.34956,446772.2026,543584.1152
118,2025-03-25,239,2356.107074,2724.34956,449128.3097,546308.4647
118,2025-03-26,240,2356.107074,2724.34956,451484.4168,549032.8143
118,2025-03-27,241,2356.107074,2724.34956,453840.5238,551757.1638
118,2025-03-28,242,2356.107074,2724.34956,456196.6309,554481.5134
118,2025-03-29,243,0,0,456196.6309,554481.5134
118,2025-03-30,244,0,0,456196.6309,554481.5134
118,2025-03-31,245,2356.107074,2724.34956,458552.738,557205.863
118,2025-04-01,246,2356.107074,2724.34956,460908.8451,559930.2125
118,2025-04-02,247,2356.107074,2724.34956,463264.9521,562654.5621
118,2025-04-03,248,2356.107074,2724.34956,465621.0592,565378.9116
118,2025-04-04,249,2356.107074,2724.34956,467977.1663,568103.2612
118,2025-04-05,250,0,0,467977.1663,568103.2612
118,2025-04-06,251,0,0,467977.1663,568103.2612
118,2025-04-07,252,2356.107074,2724.34956,470333.2734,570827.6108
118,2025-04-08,253,2356.107074,2724.34956,472689.3804,573551.9603
118,2025-04-09,254,2356.107074,2724.34956,475045.4875,576276.3099
118,2025-04-10,255,2356.107074,2724.34956,477401.5946,579000.6594
118,2025-04-11,256,2356.107074,2724.34956,479757.7017,581725.009
118,2025-04-12,257,0,0,479757.7017,581725.009
118,2025-04-13,258,0,0,479757.7017,581725.009
118,2025-04-14,259,2356.107074,2724.34956,482113.8087,584449.3586
118,2025-04-15,260,2356.107074,2724.34956,484469.9158,587173.7081
118,2025-04-16,261,2356.107074,2724.34956,486826.0229,589898.0577
118,2025-04-17,262,2356.107074,2724.34956,489182.13,592622.4072
118,2025-04-18,263,2356.107074,2724.34956,491538.237,595346.7568
118,2025-04-19,264,0,0,491538.237,595346.7568
118,2025-04-20,265,0,0,491538.237,595346.7568
118,2025-04-21,266,2356.107074,2724.34956,493894.3441,598071.1064
118,2025-04-22,267,2356.107074,2724.34956,496250.4512,600795.4559
118,2025-04-23,268,2356.107074,2724.34956,498606.5583,603519.8055
118,2025-04-24,269,2356.107074,2724.34956,500962.6653,606244.155
118,2025-04-25,270,2356.107074,2724.34956,503318.7724,608968.5046
118,2025-04-26,271,0,0,503318.7724,608968.5046
118,2025-04-27,272,0,0,503318.7724,608968.5046
118,2025-04-28,273,2356.107074,2724.34956,505674.8795,611692.8542
118,2025-04-29,274,2356.107074,2724.34956,508030.9866,614417.2037
118,2025-04-30,275,2356.107074,2724.34956,510387.0936,617141.5533
118,2025-05-01,276,2356.107074,2724.34956,512743.2007,619865.9028
118,2025-05-02,277,2356.107074,2724.34956,515099.3078,622590.2524
118,2025-05-03,278,0,0,515099.3078,622590.2524
118,2025-05-04,279,0,0,515099.3078,622590.2524
118,2025-05-05,280,2356.107074,2724.34956,517455.4148,625314.602
118,2025-05-06,281,2356.107074,2724.34956,519811.5219,628038.9515
118,2025-05-07,282,2356.107074,2724.34956,522167.629,630763.3011
118,2025-05-08,283,2356.107074,2724.34956,524523.7361,633487.6506
118,2025-05-09,284,2356.107074,2724.34956,526879.8431,636212.0002
118,2025-05-10,285,0,0,526879.8431,636212.0002
118,2025-05-11,286,0,0,526879.8431,636212.0002
118,2025-05-12,287,2356.107074,2724.34956,529235.9502,638936.3498
118,2025-05-13,288,2356.107074,2724.34956,531592.0573,641660.6993
118,2025-05-14,289,2356.107074,2724.34956,533948.1644,644385.0489
118,2025-05-15,290,2356.107074,2724.34956,536304.2714,647109.3984
118,2025-05-16,291,2356.107074,2724.34956,538660.3785,649833.748
118,2025-05-17,292,0,0,538660.3785,649833.748
118,2025-05-18,293,0,0,538660.3785,649833.748
118,2025-05-19,294,2356.107074,2724.34956,541016.4856,652558.0976
118,2025-05-20,295,2356.107074,2724.34956,543372.5927,655282.4471
118,2025-05-21,296,2356.107074,2724.34956,545728.6997,658006.7967
118,2025-05-22,297,2356.107074,2724.34956,548084.8068,660731.1462
118,2025-05-23,298,2356.107074,2724.34956,550440.9139,663455.4958
118,2025-05-24,299,0,0,550440.9139,663455.4958
118,2025-05-25,300,0,0,550440.9139,663455.4958
118,2025-05-26,301,2356.107074,2724.34956,552797.021,666179.8454
118,2025-05-27,302,2356.107074,2724.34956,555153.128,668904.1949
118,2025-05-28,303,2356.107074,2724.34956,557509.2351,671628.5445
118,2025-05-29,304,2356.107074,2724.34956,559865.3422,674352.894
118,2025-05-30,305,2356.107074,2724.34956,562221.4493,677077.2436
118,2025-05-31,306,0,0,562221.4493,677077.2436
118,2025-06-01,307,0,0,562221.4493,677077.2436
118,2025-06-02,308,2356.107074,2724.34956,564577.5563,679801.5932
118,2025-06-03,309,2356.107074,2724.34956,566933.6634,682525.9427
118,2025-06-04,310,2356.107074,2724.34956,569289.7705,685250.2923
118,2025-06-05,311,247.1070742,298.9995598,569536.8776,685549.2918
118,2025-06-06,312,247.1070742,298.9995598,569783.9846,685848.2914
118,2025-06-07,313,0,0,569783.9846,685848.2914
118,2025-06-08,314,0,0,569783.9846,685848.2914
118,2025-06-09,315,247.1070742,298.9995598,570031.0917,686147.291
118,2025-06-10,316,247.1070742,298.9995598,570278.1988,686446.2905
118,2025-06-11,317,247.1070742,298.9995598,570525.3059,686745.2901
118,2025-06-12,318,247.1070742,298.9995598,570772.4129,687044.2896
118,2025-06-13,319,247.1070742,298.9995598,571019.52,687343.2892
118,2025-06-14,320,0,0,571019.52,687343.2892
119,2024-08-05,1,644.9773333,819.1212133,644.9773333,819.1212133
119,2024-08-06,2,644.9773333,819.1212133,1289.954667,1638.242427
119,2024-08-07,3,644.9773333,819.1212133,1934.932,2457.36364
119,2024-08-08,4,644.9773333,819.1212133,2579.909333,3276.484853
119,2024-08-09,5,644.9773333,819.1212133,3224.886667,4095.606067
119,2024-08-10,6,0,0,3224.886667,4095.606067
119,2024-08-11,7,0,0,3224.886667,4095.606067
119,2024-08-12,8,5691.977333,6976.461213,8916.864,11072.06728
119,2024-08-13,9,5691.977333,6976.461213,14608.84133,18048.52849
119,2024-08-14,10,5691.977333,6976.461213,20300.81867,25024.98971
119,2024-08-15,11,5691.977333,6976.461213,25992.796,32001.45092
119,2024-08-16,12,5691.977333,6976.461213,31684.77333,38977.91213
119,2024-08-17,13,0,0,31684.77333,38977.91213
119,2024-08-18,14,0,0,31684.77333,38977.91213
119,2024-08-19,15,5691.977333,6976.461213,37376.75067,45954.37335
119,2024-08-20,16,5691.977333,6976.461213,43068.728,52930.83456
119,2024-08-21,17,5691.977333,6976.461213,48760.70533,59907.29577
119,2024-08-22,18,5691.977333,6976.461213,54452.68267,66883.75699
119,2024-08-23,19,5691.977333,6976.461213,60144.66,73860.2182
119,2024-08-24,20,0,0,60144.66,73860.2182
119,2024-08-25,21,0,0,60144.66,73860.2182
119,2024-08-26,22,5691.977333,6976.461213,65836.63733,80836.67941
119,2024-08-27,23,5691.977333,6976.461213,71528.61467,87813.14063
119,2024-08-28,24,5691.977333,6976.461213,77220.592,94789.60184
119,2024-08-29,25,5691.977333,6976.461213,82912.56933,101766.0631
119,2024-08-30,26,5691.977333,6976.461213,88604.54667,108742.5243
119,2024-08-31,27,0,0,88604.54667,108742.5243
119,2024-09-01,28,0,0,88604.54667,108742.5243
119,2024-09-02,29,5691.977333,6976.461213,94296.524,115718.9855
119,2024-09-03,30,5691.977333,6976.461213,99988.50133,122695.4467
119,2024-09-04,31,5691.977333,6976.461213,105680.4787,129671.9079
119,2024-09-05,32,5691.977333,6976.461213,111372.456,136648.3691
119,2024-09-06,33,5691.977333,6976.461213,117064.4333,143624.8303
119,2024-09-07,34,0,0,117064.4333,143624.8303
119,2024-09-08,35,0,0,117064.4333,143624.8303
119,2024-09-09,36,5691.977333,6976.461213,122756.4107,150601.2915
119,2024-09-10,37,5691.977333,6976.461213,128448.388,157577.7528
119,2024-09-11,38,5691.977333,6976.461213,134140.3653,164554.214
119,2024-09-12,39,8638.814543,10335.85563,142779.1799,174890.0696
119,2024-09-13,40,3591.814543,4178.515632,146370.9944,179068.5852
119,2024-09-14,41,0,0,146370.9944,179068.5852
119,2024-09-15,42,0,0,146370.9944,179068.5852
119,2024-09-16,43,3591.814543,4178.515632,149962.809,183247.1009
119,2024-09-17,44,3591.814543,4178.515632,153554.6235,187425.6165
119,2024-09-18,45,3591.814543,4178.515632,157146.438,191604.1321
119,2024-09-19,46,3591.814543,4178.515632,160738.2526,195782.6478
119,2024-09-20,47,3591.814543,4178.515632,164330.0671,199961.1634
119,2024-09-21,48,0,0,164330.0671,199961.1634
119,2024-09-22,49,0,0,164330.0671,199961.1634
119,2024-09-23,50,3591.814543,4178.515632,167921.8817,204139.679
119,2024-09-24,51,3591.814543,4178.515632,171513.6962,208318.1947
119,2024-09-25,52,3591.814543,4178.515632,175105.5108,212496.7103
119,2024-09-26,53,3591.814543,4178.515632,178697.3253,216675.2259
119,2024-09-27,54,3591.814543,4178.515632,182289.1398,220853.7416
119,2024-09-28,55,0,0,182289.1398,220853.7416
119,2024-09-29,56,0,0,182289.1398,220853.7416
119,2024-09-30,57,3591.814543,4178.515632,185880.9544,225032.2572
119,2024-10-01,58,3591.814543,4178.515632,189472.7689,229210.7728
119,2024-10-02,59,3591.814543,4178.515632,193064.5835,233389.2885
119,2024-10-03,60,3591.814543,4178.515632,196656.398,237567.8041
119,2024-10-04,61,3591.814543,4178.515632,200248.2126,241746.3197
119,2024-10-05,62,0,0,200248.2126,241746.3197
119,2024-10-06,63,0,0,200248.2126,241746.3197
119,2024-10-07,64,3591.814543,4178.515632,203840.0271,245924.8353
119,2024-10-08,65,3591.814543,4178.515632,207431.8416,250103.351
119,2024-10-09,66,3591.814543,4178.515632,211023.6562,254281.8666
119,2024-10-10,67,3591.814543,4178.515632,214615.4707,258460.3822
119,2024-10-11,68,3591.814543,4178.515632,218207.2853,262638.8979
119,2024-10-12,69,0,0,218207.2853,262638.8979
119,2024-10-13,70,0,0,218207.2853,262638.8979
119,2024-10-14,71,3591.814543,4178.515632,221799.0998,266817.4135
119,2024-10-15,72,3591.814543,4178.515632,225390.9144,270995.9291
119,2024-10-16,73,3591.814543,4178.515632,228982.7289,275174.4448
119,2024-10-17,74,3591.814543,4178.515632,232574.5434,279352.9604
119,2024-10-18,75,3591.814543,4178.515632,236166.358,283531.476
119,2024-10-19,76,0,0,236166.358,283531.476
119,2024-10-20,77,0,0,236166.358,283531.476
119,2024-10-21,78,3591.814543,4178.515632,239758.1725,287709.9917
119,2024-10-22,79,8246.314543,9391.555632,248004.4871,297101.5473
119,2024-10-23,80,8246.314543,9391.555632,256250.8016,306493.1029
119,2024-10-24,81,8246.314543,9391.555632,264497.1162,315884.6586
119,2024-10-25,82,8246.314543,9391.555632,272743.4307,325276.2142
119,2024-10-26,83,0,0,272743.4307,325276.2142
119,2024-10-27,84,0,0,272743.4307,325276.2142
119,2024-10-28,85,8246.314543,9391.555632,280989.7452,334667.7698
119,2024-10-29,86,8246.314543,9391.555632,289236.0598,344059.3255
119,2024-10-30,87,8246.314543,9391.555632,297482.3743,353450.8811
119,2024-10-31,88,8246.314543,9391.555632,305728.6889,362842.4367
119,2024-11-01,89,13518.94182,16140.51854,319247.6307,378982.9553
119,2024-11-02,90,0,0,319247.6307,378982.9553
119,2024-11-03,91,0,0,319247.6307,378982.9553
119,2024-11-04,92,13518.94182,16140.51854,332766.5725,395123.4738
119,2024-11-05,93,13518.94182,16140.51854,346285.5143,411263.9923
119,2024-11-06,94,13518.94182,16140.51854,359804.4561,427404.5109
119,2024-11-07,95,13518.94182,16140.51854,373323.3979,443545.0294
119,2024-11-08,96,13518.94182,16140.51854,386842.3398,459685.548
119,2024-11-09,97,0,0,386842.3398,459685.548
119,2024-11-10,98,0,0,386842.3398,459685.548
119,2024-11-11,99,13518.94182,16140.51854,400361.2816,475826.0665
119,2024-11-12,100,10572.10461,12781.12412,410933.3862,488607.1906
119,2024-11-13,101,10572.10461,12781.12412,421505.4908,501388.3148
119,2024-11-14,102,10572.10461,12781.12412,432077.5954,514169.4389
119,2024-11-15,103,10572.10461,12781.12412,442649.7,526950.563
119,2024-11-16,104,0,0,442649.7,526950.563
119,2024-11-17,105,0,0,442649.7,526950.563
119,2024-11-18,106,10572.10461,12781.12412,453221.8046,539731.6871
119,2024-11-19,107,10572.10461,12781.12412,463793.9092,552512.8112
119,2024-11-20,108,10572.10461,12781.12412,474366.0138,565293.9354
119,2024-11-21,109,10572.10461,12781.12412,484938.1184,578075.0595
119,2024-11-22,110,10572.10461,12781.12412,495510.223,590856.1836
119,2024-11-23,111,0,0,495510.223,590856.1836
119,2024-11-24,112,0,0,495510.223,590856.1836
119,2024-11-25,113,10572.10461,12781.12412,506082.3276,603637.3077
119,2024-11-26,114,10572.10461,12781.12412,516654.4322,616418.4319
119,2024-11-27,115,10572.10461,12781.12412,527226.5368,629199.556
119,2024-11-28,116,10572.10461,12781.12412,537798.6415,641980.6801
119,2024-11-29,117,10572.10461,12781.12412,548370.7461,654761.8042
119,2024-11-30,118,0,0,548370.7461,654761.8042
119,2024-12-01,119,0,0,548370.7461,654761.8042
119,2024-12-02,120,10572.10461,12781.12412,558942.8507,667542.9283
119,2024-12-03,121,5917.604606,7568.084122,564860.4553,675111.0125
119,2024-12-04,122,5917.604606,7568.084122,570778.0599,682679.0966
119,2024-12-05,123,5917.604606,7568.084122,576695.6645,690247.1807
119,2024-12-06,124,5917.604606,7568.084122,582613.2691,697815.2648
119,2024-12-07,125,0,0,582613.2691,697815.2648
119,2024-12-08,126,0,0,582613.2691,697815.2648
119,2024-12-09,127,5917.604606,7568.084122,588530.8737,705383.349
119,2024-12-10,128,5917.604606,7568.084122,594448.4783,712951.4331
119,2024-12-11,129,5917.604606,7568.084122,600366.0829,720519.5172
119,2024-12-12,130,5917.604606,7568.084122,606283.6875,728087.6013
119,2024-12-13,131,5917.604606,7568.084122,612201.2921,735655.6854
119,2024-12-14,132,0,0,612201.2921,735655.6854
119,2024-12-15,133,0,0,612201.2921,735655.6854
119,2024-12-16,134,5917.604606,7568.084122,618118.8967,743223.7696
119,2024-12-17,135,5917.604606,7568.084122,624036.5013,750791.8537
119,2024-12-18,136,5917.604606,7568.084122,629954.1059,758359.9378
119,2024-12-19,137,5917.604606,7568.084122,635871.7105,765928.0219
119,2024-12-20,138,5917.604606,7568.084122,641789.3152,773496.1061
119,2024-12-21,139,0,0,641789.3152,773496.1061
119,2024-12-22,140,0,0,641789.3152,773496.1061
119,2024-12-23,141,5917.604606,7568.084122,647706.9198,781064.1902
119,2024-12-24,142,5917.604606,7568.084122,653624.5244,788632.2743
119,2024-12-25,143,5917.604606,7568.084122,659542.129,796200.3584
119,2024-12-26,144,5917.604606,7568.084122,665459.7336,803768.4426
119,2024-12-27,145,5917.604606,7568.084122,671377.3382,811336.5267
119,2024-12-28,146,0,0,671377.3382,811336.5267
119,2024-12-29,147,0,0,671377.3382,811336.5267
119,2024-12-30,148,5917.604606,7568.084122,677294.9428,818904.6108
119,2024-12-31,149,5917.604606,7568.084122,683212.5474,826472.6949
119,2025-01-01,150,5917.604606,7568.084122,689130.152,834040.779
119,2025-01-02,151,5917.604606,7568.084122,695047.7566,841608.8632
119,2025-01-03,152,5917.604606,7568.084122,700965.3612,849176.9473
119,2025-01-04,153,0,0,700965.3612,849176.9473
119,2025-01-05,154,0,0,700965.3612,849176.9473
119,2025-01-06,155,5917.604606,7568.084122,706882.9658,856745.0314
119,2025-01-07,156,5917.604606,7568.084122,712800.5704,864313.1155
119,2025-01-08,157,5917.604606,7568.084122,718718.175,871881.1997
119,2025-01-09,158,5917.604606,7568.084122,724635.7796,879449.2838
119,2025-01-10,159,5917.604606,7568.084122,730553.3842,887017.3679
119,2025-01-11,160,0,0,730553.3842,887017.3679
119,2025-01-12,161,0,0,730553.3842,887017.3679
119,2025-01-13,162,5917.604606,7568.084122,736470.9888,894585.452
119,2025-01-14,163,5917.604606,7568.084122,742388.5935,902153.5361
119,2025-01-15,164,5917.604606,7568.084122,748306.1981,909721.6203
119,2025-01-16,165,5917.604606,7568.084122,754223.8027,917289.7044
119,2025-01-17,166,5917.604606,7568.084122,760141.4073,924857.7885
119,2025-01-18,167,0,0,760141.4073,924857.7885
119,2025-01-19,168,0,0,760141.4073,924857.7885
119,2025-01-20,169,5917.604606,7568.084122,766059.0119,932425.8726
119,2025-01-21,170,5917.604606,7568.084122,771976.6165,939993.9568
119,2025-01-22,171,5917.604606,7568.084122,777894.2211,947562.0409
119,2025-01-23,172,5917.604606,7568.084122,783811.8257,955130.125
119,2025-01-24,173,5917.604606,7568.084122,789729.4303,962698.2091
119,2025-01-25,174,0,0,789729.4303,962698.2091
119,2025-01-26,175,0,0,789729.4303,962698.2091
119,2025-01-27,176,5917.604606,7568.084122,795647.0349,970266.2932
119,2025-01-28,177,5917.604606,7568.084122,801564.6395,977834.3774
119,2025-01-29,178,5917.604606,7568.084122,807482.2441,985402.4615
119,2025-01-30,179,5917.604606,7568.084122,813399.8487,992970.5456
119,2025-01-31,180,5917.604606,7568.084122,819317.4533,1000538.63
119,2025-02-01,181,0,0,819317.4533,1000538.63
119,2025-02-02,182,0,0,819317.4533,1000538.63
119,2025-02-03,183,5917.604606,7568.084122,825235.0579,1008106.714
119,2025-02-04,184,5917.604606,7568.084122,831152.6625,1015674.798
119,2025-02-05,185,5917.604606,7568.084122,837070.2672,1023242.882
119,2025-02-06,186,5917.604606,7568.084122,842987.8718,1030810.966
119,2025-02-07,187,5917.604606,7568.084122,848905.4764,1038379.05
119,2025-02-08,188,0,0,848905.4764,1038379.05
119,2025-02-09,189,0,0,848905.4764,1038379.05
119,2025-02-10,190,5917.604606,7568.084122,854823.081,1045947.134
119,2025-02-11,191,5917.604606,7568.084122,860740.6856,1053515.219
119,2025-02-12,192,5917.604606,7568.084122,866658.2902,1061083.303
119,2025-02-13,193,5917.604606,7568.084122,872575.8948,1068651.387
119,2025-02-14,194,5917.604606,7568.084122,878493.4994,1076219.471
119,2025-02-15,195,0,0,878493.4994,1076219.471
119,2025-02-16,196,0,0,878493.4994,1076219.471
119,2025-02-17,197,5917.604606,7568.084122,884411.104,1083787.555
119,2025-02-18,198,5917.604606,7568.084122,890328.7086,1091355.639
119,2025-02-19,199,5917.604606,7568.084122,896246.3132,1098923.723
119,2025-02-20,200,5917.604606,7568.084122,902163.9178,1106491.807
119,2025-02-21,201,5917.604606,7568.084122,908081.5224,1114059.892
119,2025-02-22,202,0,0,908081.5224,1114059.892
119,2025-02-23,203,0,0,908081.5224,1114059.892
119,2025-02-24,204,5917.604606,7568.084122,913999.127,1121627.976
119,2025-02-25,205,5917.604606,7568.084122,919916.7316,1129196.06
119,2025-02-26,206,5917.604606,7568.084122,925834.3362,1136764.144
119,2025-02-27,207,5917.604606,7568.084122,931751.9408,1144332.228
119,2025-02-28,208,5917.604606,7568.084122,937669.5455,1151900.312
119,2025-03-01,209,0,0,937669.5455,1151900.312
119,2025-03-02,210,0,0,937669.5455,1151900.312
119,2025-03-03,211,5917.604606,7568.084122,943587.1501,1159468.396
119,2025-03-04,212,5917.604606,7568.084122,949504.7547,1167036.48
119,2025-03-05,213,5917.604606,7568.084122,955422.3593,1174604.565
119,2025-03-06,214,5917.604606,7568.084122,961339.9639,1182172.649
119,2025-03-07,215,5917.604606,7568.084122,967257.5685,1189740.733
119,2025-03-08,216,0,0,967257.5685,1189740.733
119,2025-03-09,217,0,0,967257.5685,1189740.733
119,2025-03-10,218,5917.604606,7568.084122,973175.1731,1197308.817
119,2025-03-11,219,5917.604606,7568.084122,979092.7777,1204876.901
119,2025-03-12,220,5917.604606,7568.084122,985010.3823,1212444.985
119,2025-03-13,221,5917.604606,7568.084122,990927.9869,1220013.069
119,2025-03-14,222,5917.604606,7568.084122,996845.5915,1227581.153
119,2025-03-15,223,0,0,996845.5915,1227581.153
119,2025-03-16,224,0,0,996845.5915,1227581.153
119,2025-03-17,225,5917.604606,7568.084122,1002763.196,1235149.238
119,2025-03-18,226,5917.604606,7568.084122,1008680.801,1242717.322
119,2025-03-19,227,5917.604606,7568.084122,1014598.405,1250285.406
119,2025-03-20,228,5917.604606,7568.084122,1020516.01,1257853.49
119,2025-03-21,229,5917.604606,7568.084122,1026433.615,1265421.574
119,2025-03-22,230,0,0,1026433.615,1265421.574
119,2025-03-23,231,0,0,1026433.615,1265421.574
119,2025-03-24,232,5917.604606,7568.084122,1032351.219,1272989.658
119,2025-03-25,233,5917.604606,7568.084122,1038268.824,1280557.742
119,2025-03-26,234,5917.604606,7568.084122,1044186.428,1288125.826
119,2025-03-27,235,5917.604606,7568.084122,1050104.033,1295693.911
119,2025-03-28,236,5917.604606,7568.084122,1056021.638,1303261.995
119,2025-03-29,237,0,0,1056021.638,1303261.995
119,2025-03-30,238,0,0,1056021.638,1303261.995
119,2025-03-31,239,5917.604606,7568.084122,1061939.242,1310830.079
119,2025-04-01,240,5917.604606,7568.084122,1067856.847,1318398.163
119,2025-04-02,241,5917.604606,7568.084122,1073774.451,1325966.247
119,2025-04-03,242,5917.604606,7568.084122,1079692.056,1333534.331
119,2025-04-04,243,644.9773333,819.1212133,1080337.033,1334353.452
119,2025-04-05,244,0,0,1080337.033,1334353.452
119,2025-04-06,245,0,0,1080337.033,1334353.452
119,2025-04-07,246,644.9773333,819.1212133,1080982.011,1335172.574
119,2025-04-08,247,644.9773333,819.1212133,1081626.988,1335991.695
119,2025-04-09,248,644.9773333,819.1212133,1082271.965,1336810.816
119,2025-04-10,249,644.9773333,819.1212133,1082916.943,1337629.937
119,2025-04-11,250,644.9773333,819.1212133,1083561.92,1338449.058
119,2025-04-12,251,0,0,1083561.92,1338449.058
119,2025-04-13,252,0,0,1083561.92,1338449.058
120,2024-08-20,1,215.5335907,256.484973,215.5335907,256.484973
120,2024-08-21,2,215.5335907,256.484973,431.0671815,512.9699459
120,2024-08-22,3,215.5335907,256.484973,646.6007722,769.4549189
120,2024-08-23,4,215.5335907,256.484973,862.1343629,1025.939892
120,2024-08-24,5,0,0,862.1343629,1025.939892
120,2024-08-25,6,0,0,862.1343629,1025.939892
120,2024-08-26,7,1914.533591,2159.364973,2776.667954,3185.304865
120,2024-08-27,8,1914.533591,2159.364973,4691.201544,5344.669838
120,2024-08-28,9,1914.533591,2159.364973,6605.735135,7504.034811
120,2024-08-29,10,1914.533591,2159.364973,8520.268726,9663.399784
120,2024-08-30,11,1914.533591,2159.364973,10434.80232,11822.76476
120,2024-08-31,12,0,0,10434.80232,11822.76476
120,2024-09-01,13,0,0,10434.80232,11822.76476
120,2024-09-02,14,1914.533591,2159.364973,12349.33591,13982.12973
120,2024-09-03,15,1914.533591,2159.364973,14263.8695,16141.4947
120,2024-09-04,16,1914.533591,2159.364973,16178.40309,18300.85968
120,2024-09-05,17,1914.533591,2159.364973,18092.93668,20460.22465
120,2024-09-06,18,1914.533591,2159.364973,20007.47027,22619.58962
120,2024-09-07,19,0,0,20007.47027,22619.58962
120,2024-09-08,20,0,0,20007.47027,22619.58962
120,2024-09-09,21,1914.533591,2159.364973,21922.00386,24778.95459
120,2024-09-10,22,1914.533591,2159.364973,23836.53745,26938.31957
120,2024-09-11,23,1914.533591,2159.364973,25751.07104,29097.68454
120,2024-09-12,24,1914.533591,2159.364973,27665.60463,31257.04951
120,2024-09-13,25,4366.214625,4954.281352,32031.81926,36211.33087
120,2024-09-14,26,0,0,32031.81926,36211.33087
120,2024-09-15,27,0,0,32031.81926,36211.33087
120,2024-09-16,28,2667.214625,3051.401352,34699.03388,39262.73222
120,2024-09-17,29,2667.214625,3051.401352,37366.24851,42314.13357
120,2024-09-18,30,2667.214625,3051.401352,40033.46313,45365.53492
120,2024-09-19,31,2667.214625,3051.401352,42700.67776,48416.93627
120,2024-09-20,32,2667.214625,3051.401352,45367.89238,51468.33763
120,2024-09-21,33,0,0,45367.89238,51468.33763
120,2024-09-22,34,0,0,45367.89238,51468.33763
120,2024-09-23,35,2667.214625,3051.401352,48035.10701,54519.73898
120,2024-09-24,36,2667.214625,3051.401352,50702.32163,57571.14033
120,2024-09-25,37,2667.214625,3051.401352,53369.53626,60622.54168
120,2024-09-26,38,2667.214625,3051.401352,56036.75089,63673.94304
120,2024-09-27,39,2667.214625,3051.401352,58703.96551,66725.34439
120,2024-09-28,40,0,0,58703.96551,66725.34439
120,2024-09-29,41,0,0,58703.96551,66725.34439
120,2024-09-30,42,2667.214625,3051.401352,61371.18014,69776.74574
120,2024-10-01,43,2667.214625,3051.401352,64038.39476,72828.14709
120,2024-10-02,44,2667.214625,3051.401352,66705.60939,75879.54845
120,2024-10-03,45,2667.214625,3051.401352,69372.82401,78930.9498
120,2024-10-04,46,2667.214625,3051.401352,72040.03864,81982.35115
120,2024-10-05,47,0,0,72040.03864,81982.35115
120,2024-10-06,48,0,0,72040.03864,81982.35115
120,2024-10-07,49,2667.214625,3051.401352,74707.25326,85033.7525
120,2024-10-08,50,2667.214625,3051.401352,77374.46789,88085.15385
120,2024-10-09,51,2667.214625,3051.401352,80041.68251,91136.55521
120,2024-10-10,52,2667.214625,3051.401352,82708.89714,94187.95656
120,2024-10-11,53,2667.214625,3051.401352,85376.11176,97239.35791
120,2024-10-12,54,0,0,85376.11176,97239.35791
120,2024-10-13,55,0,0,85376.11176,97239.35791
120,2024-10-14,56,2667.214625,3051.401352,88043.32639,100290.7593
120,2024-10-15,57,2667.214625,3051.401352,90710.54101,103342.1606
120,2024-10-16,58,2667.214625,3051.401352,93377.75564,106393.562
120,2024-10-17,59,2667.214625,3051.401352,96044.97026,109444.9633
120,2024-10-18,60,2667.214625,3051.401352,98712.18489,112496.3647
120,2024-10-19,61,0,0,98712.18489,112496.3647
120,2024-10-20,62,0,0,98712.18489,112496.3647
120,2024-10-21,63,2667.214625,3051.401352,101379.3995,115547.766
120,2024-10-22,64,2667.214625,3051.401352,104046.6141,118599.1674
120,2024-10-23,65,2667.214625,3051.401352,106713.8288,121650.5687
120,2024-10-24,66,2667.214625,3051.401352,109381.0434,124701.9701
120,2024-10-25,67,2667.214625,3051.401352,112048.258,127753.3714
120,2024-10-26,68,0,0,112048.258,127753.3714
120,2024-10-27,69,0,0,112048.258,127753.3714
120,2024-10-28,70,2667.214625,3051.401352,114715.4726,130804.7728
120,2024-10-29,71,2667.214625,3051.401352,117382.6873,133856.1741
120,2024-10-30,72,2667.214625,3051.401352,120049.9019,136907.5755
120,2024-10-31,73,2667.214625,3051.401352,122717.1165,139958.9768
120,2024-11-01,74,2667.214625,3051.401352,125384.3311,143010.3782
120,2024-11-02,75,0,0,125384.3311,143010.3782
120,2024-11-03,76,0,0,125384.3311,143010.3782
120,2024-11-04,77,2667.214625,3051.401352,128051.5458,146061.7795
120,2024-11-05,78,2667.214625,3051.401352,130718.7604,149113.1809
120,2024-11-06,79,2667.214625,3051.401352,133385.975,152164.5823
120,2024-11-07,80,2667.214625,3051.401352,136053.1896,155215.9836
120,2024-11-08,81,2667.214625,3051.401352,138720.4043,158267.385
120,2024-11-09,82,0,0,138720.4043,158267.385
120,2024-11-10,83,0,0,138720.4043,158267.385
120,2024-11-11,84,2667.214625,3051.401352,141387.6189,161318.7863
120,2024-11-12,85,2667.214625,3051.401352,144054.8335,164370.1877
120,2024-11-13,86,2667.214625,3051.401352,146722.0481,167421.589
120,2024-11-14,87,2667.214625,3051.401352,149389.2628,170472.9904
120,2024-11-15,88,2667.214625,3051.401352,152056.4774,173524.3917
120,2024-11-16,89,0,0,152056.4774,173524.3917
120,2024-11-17,90,0,0,152056.4774,173524.3917
120,2024-11-18,91,2667.214625,3051.401352,154723.692,176575.7931
120,2024-11-19,92,2667.214625,3051.401352,157390.9066,179627.1944
120,2024-11-20,93,2667.214625,3051.401352,160058.1213,182678.5958
120,2024-11-21,94,2667.214625,3051.401352,162725.3359,185729.9971
120,2024-11-22,95,2667.214625,3051.401352,165392.5505,188781.3985
120,2024-11-23,96,0,0,165392.5505,188781.3985
120,2024-11-24,97,0,0,165392.5505,188781.3985
120,2024-11-25,98,2667.214625,3051.401352,168059.7651,191832.7998
120,2024-11-26,99,2667.214625,3051.401352,170726.9798,194884.2012
120,2024-11-27,100,2667.214625,3051.401352,173394.1944,197935.6025
120,2024-11-28,101,2667.214625,3051.401352,176061.409,200987.0039
120,2024-11-29,102,2667.214625,3051.401352,178728.6236,204038.4052
120,2024-11-30,103,0,0,178728.6236,204038.4052
120,2024-12-01,104,0,0,178728.6236,204038.4052
120,2024-12-02,105,2667.214625,3051.401352,181395.8383,207089.8066
120,2024-12-03,106,2667.214625,3051.401352,184063.0529,210141.2079
120,2024-12-04,107,2667.214625,3051.401352,186730.2675,213192.6093
120,2024-12-05,108,2667.214625,3051.401352,189397.4821,216244.0107
120,2024-12-06,109,2667.214625,3051.401352,192064.6968,219295.412
120,2024-12-07,110,0,0,192064.6968,219295.412
120,2024-12-08,111,0,0,192064.6968,219295.412
120,2024-12-09,112,2667.214625,3051.401352,194731.9114,222346.8134
120,2024-12-10,113,2667.214625,3051.401352,197399.126,225398.2147
120,2024-12-11,114,2667.214625,3051.401352,200066.3406,228449.6161
120,2024-12-12,115,2667.214625,3051.401352,202733.5553,231501.0174
120,2024-12-13,116,2667.214625,3051.401352,205400.7699,234552.4188
120,2024-12-14,117,0,0,205400.7699,234552.4188
120,2024-12-15,118,0,0,205400.7699,234552.4188
120,2024-12-16,119,2667.214625,3051.401352,208067.9845,237603.8201
120,2024-12-17,120,2667.214625,3051.401352,210735.1991,240655.2215
120,2024-12-18,121,2667.214625,3051.401352,213402.4138,243706.6228
120,2024-12-19,122,2667.214625,3051.401352,216069.6284,246758.0242
120,2024-12-20,123,2667.214625,3051.401352,218736.843,249809.4255
120,2024-12-21,124,0,0,218736.843,249809.4255
120,2024-12-22,125,0,0,218736.843,249809.4255
120,2024-12-23,126,2667.214625,3051.401352,221404.0576,252860.8269
120,2024-12-24,127,2667.214625,3051.401352,224071.2723,255912.2282
120,2024-12-25,128,2667.214625,3051.401352,226738.4869,258963.6296
120,2024-12-26,129,2667.214625,3051.401352,229405.7015,262015.0309
120,2024-12-27,130,2667.214625,3051.401352,232072.9161,265066.4323
120,2024-12-28,131,0,0,232072.9161,265066.4323
120,2024-12-29,132,0,0,232072.9161,265066.4323
120,2024-12-30,133,2667.214625,3051.401352,234740.1308,268117.8336
120,2024-12-31,134,2667.214625,3051.401352,237407.3454,271169.235
120,2025-01-01,135,2667.214625,3051.401352,240074.56,274220.6363
120,2025-01-02,136,2667.214625,3051.401352,242741.7747,277272.0377
120,2025-01-03,137,2667.214625,3051.401352,245408.9893,280323.439
120,2025-01-04,138,0,0,245408.9893,280323.439
120,2025-01-05,139,0,0,245408.9893,280323.439
120,2025-01-06,140,2667.214625,3051.401352,248076.2039,283374.8404
120,2025-01-07,141,2667.214625,3051.401352,250743.4185,286426.2418
120,2025-01-08,142,2667.214625,3051.401352,253410.6332,289477.6431
120,2025-01-09,143,2667.214625,3051.401352,256077.8478,292529.0445
120,2025-01-10,144,2667.214625,3051.401352,258745.0624,295580.4458
120,2025-01-11,145,0,0,258745.0624,295580.4458
120,2025-01-12,146,0,0,258745.0624,295580.4458
120,2025-01-13,147,2667.214625,3051.401352,261412.277,298631.8472
120,2025-01-14,148,2667.214625,3051.401352,264079.4917,301683.2485
120,2025-01-15,149,2667.214625,3051.401352,266746.7063,304734.6499
120,2025-01-16,150,2667.214625,3051.401352,269413.9209,307786.0512
120,2025-01-17,151,2667.214625,3051.401352,272081.1355,310837.4526
120,2025-01-18,152,0,0,272081.1355,310837.4526
120,2025-01-19,153,0,0,272081.1355,310837.4526
120,2025-01-20,154,2667.214625,3051.401352,274748.3502,313888.8539
120,2025-01-21,155,2667.214625,3051.401352,277415.5648,316940.2553
120,2025-01-22,156,2667.214625,3051.401352,280082.7794,319991.6566
120,2025-01-23,157,2667.214625,3051.401352,282749.994,323043.058
120,2025-01-24,158,2667.214625,3051.401352,285417.2087,326094.4593
120,2025-01-25,159,0,0,285417.2087,326094.4593
120,2025-01-26,160,0,0,285417.2087,326094.4593
120,2025-01-27,161,2667.214625,3051.401352,288084.4233,329145.8607
120,2025-01-28,162,2667.214625,3051.401352,290751.6379,332197.262
120,2025-01-29,163,2667.214625,3051.401352,293418.8525,335248.6634
120,2025-01-30,164,2667.214625,3051.401352,296086.0672,338300.0647
120,2025-01-31,165,2667.214625,3051.401352,298753.2818,341351.4661
120,2025-02-01,166,0,0,298753.2818,341351.4661
120,2025-02-02,167,0,0,298753.2818,341351.4661
120,2025-02-03,168,5671.214625,6896.521352,304424.4964,348247.9874
120,2025-02-04,169,5671.214625,6896.521352,310095.711,355144.5088
120,2025-02-05,170,5671.214625,6896.521352,315766.9257,362041.0302
120,2025-02-06,171,5671.214625,6896.521352,321438.1403,368937.5515
120,2025-02-07,172,5671.214625,6896.521352,327109.3549,375834.0729
120,2025-02-08,173,0,0,327109.3549,375834.0729
120,2025-02-09,174,0,0,327109.3549,375834.0729
120,2025-02-10,175,5671.214625,6896.521352,332780.5695,382730.5942
120,2025-02-11,176,7779.482342,9574.021352,340560.0519,392304.6156
120,2025-02-12,177,7779.482342,9574.021352,348339.5342,401878.6369
120,2025-02-13,178,7779.482342,9574.021352,356119.0166,411452.6583
120,2025-02-14,179,7779.482342,9574.021352,363898.4989,421026.6796
120,2025-02-15,180,0,0,363898.4989,421026.6796
120,2025-02-16,181,0,0,363898.4989,421026.6796
120,2025-02-17,182,7779.482342,9574.021352,371677.9812,430600.701
120,2025-02-18,183,7779.482342,9574.021352,379457.4636,440174.7223
120,2025-02-19,184,7779.482342,9574.021352,387236.9459,449748.7437
120,2025-02-20,185,7779.482342,9574.021352,395016.4283,459322.765
120,2025-02-21,186,7779.482342,9574.021352,402795.9106,468896.7864
120,2025-02-22,187,0,0,402795.9106,468896.7864
120,2025-02-23,188,0,0,402795.9106,468896.7864
120,2025-02-24,189,5327.801307,6779.104973,408123.7119,475675.8914
120,2025-02-25,190,5327.801307,6779.104973,413451.5132,482454.9963
120,2025-02-26,191,5327.801307,6779.104973,418779.3145,489234.1013
120,2025-02-27,192,5327.801307,6779.104973,424107.1158,496013.2063
120,2025-02-28,193,5327.801307,6779.104973,429434.9171,502792.3112
120,2025-03-01,194,0,0,429434.9171,502792.3112
120,2025-03-02,195,0,0,429434.9171,502792.3112
120,2025-03-03,196,5327.801307,6779.104973,434762.7185,509571.4162
120,2025-03-04,197,5327.801307,6779.104973,440090.5198,516350.5212
120,2025-03-05,198,5327.801307,6779.104973,445418.3211,523129.6262
120,2025-03-06,199,5327.801307,6779.104973,450746.1224,529908.7311
120,2025-03-07,200,5327.801307,6779.104973,456073.9237,536687.8361
120,2025-03-08,201,0,0,456073.9237,536687.8361
120,2025-03-09,202,0,0,456073.9237,536687.8361
120,2025-03-10,203,5327.801307,6779.104973,461401.725,543466.9411
120,2025-03-11,204,5327.801307,6779.104973,466729.5263,550246.0461
120,2025-03-12,205,5327.801307,6779.104973,472057.3276,557025.151
120,2025-03-13,206,5327.801307,6779.104973,477385.1289,563804.256
120,2025-03-14,207,5327.801307,6779.104973,482712.9302,570583.361
120,2025-03-15,208,0,0,482712.9302,570583.361
120,2025-03-16,209,0,0,482712.9302,570583.361
120,2025-03-17,210,5327.801307,6779.104973,488040.7315,577362.4659
120,2025-03-18,211,5327.801307,6779.104973,493368.5328,584141.5709
120,2025-03-19,212,5327.801307,6779.104973,498696.3341,590920.6759
120,2025-03-20,213,5327.801307,6779.104973,504024.1354,597699.7809
120,2025-03-21,214,5327.801307,6779.104973,509351.9368,604478.8858
120,2025-03-22,215,0,0,509351.9368,604478.8858
120,2025-03-23,216,0,0,509351.9368,604478.8858
120,2025-03-24,217,5327.801307,6779.104973,514679.7381,611257.9908
120,2025-03-25,218,5327.801307,6779.104973,520007.5394,618037.0958
120,2025-03-26,219,5327.801307,6779.104973,525335.3407,624816.2008
120,2025-03-27,220,5327.801307,6779.104973,530663.142,631595.3057
120,2025-03-28,221,5327.801307,6779.104973,535990.9433,638374.4107
120,2025-03-29,222,0,0,535990.9433,638374.4107
120,2025-03-30,223,0,0,535990.9433,638374.4107
120,2025-03-31,224,2323.801307,2933.984973,538314.7446,641308.3957
120,2025-04-01,225,2323.801307,2933.984973,540638.5459,644242.3806
120,2025-04-02,226,2323.801307,2933.984973,542962.3472,647176.3656
120,2025-04-03,227,2323.801307,2933.984973,545286.1485,650110.3506
120,2025-04-04,228,2323.801307,2933.984973,547609.9498,653044.3356
120,2025-04-05,229,0,0,547609.9498,653044.3356
120,2025-04-06,230,0,0,547609.9498,653044.3356
120,2025-04-07,231,2323.801307,2933.984973,549933.7511,655978.3205
120,2025-04-08,232,2323.801307,2933.984973,552257.5524,658912.3055
120,2025-04-09,233,2323.801307,2933.984973,554581.3537,661846.2905
120,2025-04-10,234,2323.801307,2933.984973,556905.1551,664780.2755
120,2025-04-11,235,2323.801307,2933.984973,559228.9564,667714.2604
120,2025-04-12,236,0,0,559228.9564,667714.2604
120,2025-04-13,237,0,0,559228.9564,667714.2604
120,2025-04-14,238,2323.801307,2933.984973,561552.7577,670648.2454
120,2025-04-15,239,2323.801307,2933.984973,563876.559,673582.2304
120,2025-04-16,240,2323.801307,2933.984973,566200.3603,676516.2154
120,2025-04-17,241,2323.801307,2933.984973,568524.1616,679450.2003
120,2025-04-18,242,2323.801307,2933.984973,570847.9629,682384.1853
120,2025-04-19,243,0,0,570847.9629,682384.1853
120,2025-04-20,244,0,0,570847.9629,682384.1853
120,2025-04-21,245,2323.801307,2933.984973,573171.7642,685318.1703
120,2025-04-22,246,2323.801307,2933.984973,575495.5655,688252.1552
120,2025-04-23,247,2323.801307,2933.984973,577819.3668,691186.1402
120,2025-04-24,248,2323.801307,2933.984973,580143.1681,694120.1252
120,2025-04-25,249,2323.801307,2933.984973,582466.9694,697054.1102
120,2025-04-26,250,0,0,582466.9694,697054.1102
120,2025-04-27,251,0,0,582466.9694,697054.1102
120,2025-04-28,252,2323.801307,2933.984973,584790.7707,699988.0951
120,2025-04-29,253,2323.801307,2933.984973,587114.572,702922.0801
120,2025-04-30,254,2323.801307,2933.984973,589438.3734,705856.0651
120,2025-05-01,255,2323.801307,2933.984973,591762.1747,708790.0501
120,2025-05-02,256,2323.801307,2933.984973,594085.976,711724.035
120,2025-05-03,257,0,0,594085.976,711724.035
120,2025-05-04,258,0,0,594085.976,711724.035
120,2025-05-05,259,2323.801307,2933.984973,596409.7773,714658.02
120,2025-05-06,260,2323.801307,2933.984973,598733.5786,717592.005
120,2025-05-07,261,2323.801307,2933.984973,601057.3799,720525.9899
120,2025-05-08,262,2323.801307,2933.984973,603381.1812,723459.9749
120,2025-05-09,263,2323.801307,2933.984973,605704.9825,726393.9599
120,2025-05-10,264,0,0,605704.9825,726393.9599
120,2025-05-11,265,0,0,605704.9825,726393.9599
120,2025-05-12,266,2323.801307,2933.984973,608028.7838,729327.9449
120,2025-05-13,267,2323.801307,2933.984973,610352.5851,732261.9298
120,2025-05-14,268,2323.801307,2933.984973,612676.3864,735195.9148
120,2025-05-15,269,2323.801307,2933.984973,615000.1877,738129.8998
120,2025-05-16,270,2323.801307,2933.984973,617323.989,741063.8848
120,2025-05-17,271,0,0,617323.989,741063.8848
120,2025-05-18,272,0,0,617323.989,741063.8848
120,2025-05-19,273,2323.801307,2933.984973,619647.7904,743997.8697
120,2025-05-20,274,2323.801307,2933.984973,621971.5917,746931.8547
120,2025-05-21,275,2323.801307,2933.984973,624295.393,749865.8397
120,2025-05-22,276,2323.801307,2933.984973,626619.1943,752799.8246
120,2025-05-23,277,2323.801307,2933.984973,628942.9956,755733.8096
120,2025-05-24,278,0,0,628942.9956,755733.8096
120,2025-05-25,279,0,0,628942.9956,755733.8096
120,2025-05-26,280,2323.801307,2933.984973,631266.7969,758667.7946
120,2025-05-27,281,2323.801307,2933.984973,633590.5982,761601.7796
120,2025-05-28,282,2323.801307,2933.984973,635914.3995,764535.7645
120,2025-05-29,283,2323.801307,2933.984973,638238.2008,767469.7495
120,2025-05-30,284,2323.801307,2933.984973,640562.0021,770403.7345
120,2025-05-31,285,0,0,640562.0021,770403.7345
120,2025-06-01,286,0,0,640562.0021,770403.7345
120,2025-06-02,287,2323.801307,2933.984973,642885.8034,773337.7195
120,2025-06-03,288,2323.801307,2933.984973,645209.6047,776271.7044
120,2025-06-04,289,2323.801307,2933.984973,647533.406,779205.6894
120,2025-06-05,290,2323.801307,2933.984973,649857.2073,782139.6744
120,2025-06-06,291,2323.801307,2933.984973,652181.0087,785073.6594
120,2025-06-07,292,0,0,652181.0087,785073.6594
120,2025-06-08,293,0,0,652181.0087,785073.6594
120,2025-06-09,294,2323.801307,2933.984973,654504.81,788007.6443
120,2025-06-10,295,2323.801307,2933.984973,656828.6113,790941.6293
120,2025-06-11,296,2323.801307,2933.984973,659152.4126,793875.6143
120,2025-06-12,297,2323.801307,2933.984973,661476.2139,796809.5992
120,2025-06-13,298,2323.801307,2933.984973,663800.0152,799743.5842
120,2025-06-14,299,0,0,663800.0152,799743.5842
120,2025-06-15,300,0,0,663800.0152,799743.5842
120,2025-06-16,301,2323.801307,2933.984973,666123.8165,802677.5692
120,2025-06-17,302,2323.801307,2933.984973,668447.6178,805611.5542
120,2025-06-18,303,2323.801307,2933.984973,670771.4191,808545.5391
120,2025-06-19,304,2323.801307,2933.984973,673095.2204,811479.5241
120,2025-06-20,305,2323.801307,2933.984973,675419.0217,814413.5091
120,2025-06-21,306,0,0,675419.0217,814413.5091
120,2025-06-22,307,0,0,675419.0217,814413.5091
120,2025-06-23,308,2323.801307,2933.984973,677742.823,817347.4941
120,2025-06-24,309,2323.801307,2933.984973,680066.6243,820281.479
120,2025-06-25,310,2323.801307,2933.984973,682390.4256,823215.464
120,2025-06-26,311,2323.801307,2933.984973,684714.227,826149.449
120,2025-06-27,312,2323.801307,2933.984973,687038.0283,829083.4339
120,2025-06-28,313,0,0,687038.0283,829083.4339
120,2025-06-29,314,0,0,687038.0283,829083.4339
120,2025-06-30,315,2323.801307,2933.984973,689361.8296,832017.4189
120,2025-07-01,316,2323.801307,2933.984973,691685.6309,834951.4039
120,2025-07-02,317,2323.801307,2933.984973,694009.4322,837885.3889
120,2025-07-03,318,2323.801307,2933.984973,696333.2335,840819.3738
120,2025-07-04,319,2323.801307,2933.984973,698657.0348,843753.3588
120,2025-07-05,320,0,0,698657.0348,843753.3588
120,2025-07-06,321,0,0,698657.0348,843753.3588
120,2025-07-07,322,2323.801307,2933.984973,700980.8361,846687.3438
120,2025-07-08,323,2323.801307,2933.984973,703304.6374,849621.3288
120,2025-07-09,324,2323.801307,2933.984973,705628.4387,852555.3137
120,2025-07-10,325,2323.801307,2933.984973,707952.24,855489.2987
120,2025-07-11,326,2323.801307,2933.984973,710276.0413,858423.2837
120,2025-07-12,327,0,0,710276.0413,858423.2837
120,2025-07-13,328,0,0,710276.0413,858423.2837
120,2025-07-14,329,2323.801307,2933.984973,712599.8426,861357.2686
120,2025-07-15,330,2323.801307,2933.984973,714923.6439,864291.2536
120,2025-07-16,331,2323.801307,2933.984973,717247.4453,867225.2386
120,2025-07-17,332,2323.801307,2933.984973,719571.2466,870159.2236
120,2025-07-18,333,2323.801307,2933.984973,721895.0479,873093.2085
120,2025-07-19,334,0,0,721895.0479,873093.2085
120,2025-07-20,335,0,0,721895.0479,873093.2085
120,2025-07-21,336,2323.801307,2933.984973,724218.8492,876027.1935
120,2025-07-22,337,2323.801307,2933.984973,726542.6505,878961.1785
120,2025-07-23,338,2323.801307,2933.984973,728866.4518,881895.1635
120,2025-07-24,339,2323.801307,2933.984973,731190.2531,884829.1484
120,2025-07-25,340,2323.801307,2933.984973,733514.0544,887763.1334
120,2025-07-26,341,0,0,733514.0544,887763.1334
120,2025-07-27,342,0,0,733514.0544,887763.1334
120,2025-07-28,343,2323.801307,2933.984973,735837.8557,890697.1184
120,2025-07-29,344,2323.801307,2933.984973,738161.657,893631.1034
120,2025-07-30,345,2323.801307,2933.984973,740485.4583,896565.0883
120,2025-07-31,346,2323.801307,2933.984973,742809.2596,899499.0733
120,2025-08-01,347,2323.801307,2933.984973,745133.0609,902433.0583
120,2025-08-02,348,0,0,745133.0609,902433.0583
120,2025-08-03,349,0,0,745133.0609,902433.0583
120,2025-08-04,350,2323.801307,2933.984973,747456.8623,905367.0432
120,2025-08-05,351,2323.801307,2933.984973,749780.6636,908301.0282
120,2025-08-06,352,2323.801307,2933.984973,752104.4649,911235.0132
120,2025-08-07,353,215.5335907,256.484973,752319.9985,911491.4982
120,2025-08-08,354,215.5335907,256.484973,752535.532,911747.9831
120,2025-08-09,355,0,0,752535.532,911747.9831
120,2025-08-10,356,0,0,752535.532,911747.9831
120,2025-08-11,357,215.5335907,256.484973,752751.0656,912004.4681
120,2025-08-12,358,215.5335907,256.484973,752966.5992,912260.9531
120,2025-08-13,359,215.5335907,256.484973,753182.1328,912517.4381
120,2025-08-14,360,215.5335907,256.484973,753397.6664,912773.923
120,2025-08-15,361,215.5335907,256.484973,753613.2,913030.408
120,2025-08-16,362,0,0,753613.2,913030.408
121,2024-09-05,1,220.5053165,280.0417519,220.5053165,280.0417519
121,2024-09-06,2,220.5053165,280.0417519,441.0106329,560.0835038
121,2024-09-07,3,0,0,441.0106329,560.0835038
121,2024-09-08,4,0,0,441.0106329,560.0835038
121,2024-09-09,5,220.5053165,280.0417519,661.5159494,840.1252557
121,2024-09-10,6,1511.414407,1816.22357,2172.930357,2656.348826
121,2024-09-11,7,1511.414407,1816.22357,3684.344764,4472.572396
121,2024-09-12,8,1511.414407,1816.22357,5195.759171,6288.795966
121,2024-09-13,9,1511.414407,1816.22357,6707.173579,8105.019536
121,2024-09-14,10,0,0,6707.173579,8105.019536
121,2024-09-15,11,0,0,6707.173579,8105.019536
121,2024-09-16,12,1754.517265,2110.378027,8461.690843,10215.39756
121,2024-09-17,13,1754.517265,2110.378027,10216.20811,12325.77559
121,2024-09-18,14,1754.517265,2110.378027,11970.72537,14436.15362
121,2024-09-19,15,1754.517265,2110.378027,13725.24264,16546.53164
121,2024-09-20,16,3308.663606,4068.602417,17033.90624,20615.13406
121,2024-09-21,17,0,0,17033.90624,20615.13406
121,2024-09-22,18,0,0,17033.90624,20615.13406
121,2024-09-23,19,3308.663606,4068.602417,20342.56985,24683.73648
121,2024-09-24,20,5690.63462,6855.508504,26033.20447,31539.24498
121,2024-09-25,21,4399.72553,5319.326686,30432.93,36858.57167
121,2024-09-26,22,4399.72553,5319.326686,34832.65553,42177.89836
121,2024-09-27,23,4399.72553,5319.326686,39232.38106,47497.22504
121,2024-09-28,24,0,0,39232.38106,47497.22504
121,2024-09-29,25,0,0,39232.38106,47497.22504
121,2024-09-30,26,4399.72553,5319.326686,43632.10659,52816.55173
121,2024-10-01,27,4399.72553,5319.326686,48031.83212,58135.87842
121,2024-10-02,28,4399.72553,5319.326686,52431.55765,63455.2051
121,2024-10-03,29,4399.72553,5319.326686,56831.28318,68774.53179
121,2024-10-04,30,4399.72553,5319.326686,61231.00871,74093.85847
121,2024-10-05,31,0,0,61231.00871,74093.85847
121,2024-10-06,32,0,0,61231.00871,74093.85847
121,2024-10-07,33,4399.72553,5319.326686,65630.73424,79413.18516
121,2024-10-08,34,4399.72553,5319.326686,70030.45976,84732.51185
121,2024-10-09,35,4399.72553,5319.326686,74430.18529,90051.83853
121,2024-10-10,36,4399.72553,5319.326686,78829.91082,95371.16522
121,2024-10-11,37,4399.72553,5319.326686,83229.63635,100690.4919
121,2024-10-12,38,0,0,83229.63635,100690.4919
121,2024-10-13,39,0,0,83229.63635,100690.4919
121,2024-10-14,40,4399.72553,5319.326686,87629.36188,106009.8186
121,2024-10-15,41,4399.72553,5319.326686,92029.08741,111329.1453
121,2024-10-16,42,4399.72553,5319.326686,96428.81294,116648.472
121,2024-10-17,43,4399.72553,5319.326686,100828.5385,121967.7987
121,2024-10-18,44,4399.72553,5319.326686,105228.264,127287.1253
121,2024-10-19,45,0,0,105228.264,127287.1253
121,2024-10-20,46,0,0,105228.264,127287.1253
121,2024-10-21,47,4399.72553,5319.326686,109627.9895,132606.452
121,2024-10-22,48,4399.72553,5319.326686,114027.7151,137925.7787
121,2024-10-23,49,4399.72553,5319.326686,118427.4406,143245.1054
121,2024-10-24,50,4399.72553,5319.326686,122827.1661,148564.4321
121,2024-10-25,51,4399.72553,5319.326686,127226.8916,153883.7588
121,2024-10-26,52,0,0,127226.8916,153883.7588
121,2024-10-27,53,0,0,127226.8916,153883.7588
121,2024-10-28,54,4399.72553,5319.326686,131626.6172,159203.0855
121,2024-10-29,55,4399.72553,5319.326686,136026.3427,164522.4121
121,2024-10-30,56,4399.72553,5319.326686,140426.0682,169841.7388
121,2024-10-31,57,4399.72553,5319.326686,144825.7938,175161.0655
121,2024-11-01,58,4399.72553,5319.326686,149225.5193,180480.3922
121,2024-11-02,59,0,0,149225.5193,180480.3922
121,2024-11-03,60,0,0,149225.5193,180480.3922
121,2024-11-04,61,4399.72553,5319.326686,153625.2448,185799.7189
121,2024-11-05,62,4399.72553,5319.326686,158024.9704,191119.0456
121,2024-11-06,63,4399.72553,5319.326686,162424.6959,196438.3723
121,2024-11-07,64,4399.72553,5319.326686,166824.4214,201757.6989
121,2024-11-08,65,4399.72553,5319.326686,171224.1469,207077.0256
121,2024-11-09,66,0,0,171224.1469,207077.0256
121,2024-11-10,67,0,0,171224.1469,207077.0256
121,2024-11-11,68,4399.72553,5319.326686,175623.8725,212396.3523
121,2024-11-12,69,4399.72553,5319.326686,180023.598,217715.679
121,2024-11-13,70,4399.72553,5319.326686,184423.3235,223035.0057
121,2024-11-14,71,4399.72553,5319.326686,188823.0491,228354.3324
121,2024-11-15,72,6526.46466,7743.809295,195349.5137,236098.1417
121,2024-11-16,73,0,0,195349.5137,236098.1417
121,2024-11-17,74,0,0,195349.5137,236098.1417
121,2024-11-18,75,4972.318319,5785.584905,200321.832,241883.7266
121,2024-11-19,76,4972.318319,5785.584905,205294.1504,247669.3115
121,2024-11-20,77,4972.318319,5785.584905,210266.4687,253454.8964
121,2024-11-21,78,4972.318319,5785.584905,215238.787,259240.4813
121,2024-11-22,79,4972.318319,5785.584905,220211.1053,265026.0662
121,2024-11-23,80,0,0,220211.1053,265026.0662
121,2024-11-24,81,0,0,220211.1053,265026.0662
121,2024-11-25,82,4972.318319,5785.584905,225183.4236,270811.6511
121,2024-11-26,83,4972.318319,5785.584905,230155.742,276597.236
121,2024-11-27,84,4972.318319,5785.584905,235128.0603,282382.8209
121,2024-11-28,85,4972.318319,5785.584905,240100.3786,288168.4058
121,2024-11-29,86,4972.318319,5785.584905,245072.6969,293953.9907
121,2024-11-30,87,0,0,245072.6969,293953.9907
121,2024-12-01,88,0,0,245072.6969,293953.9907
121,2024-12-02,89,4972.318319,5785.584905,250045.0152,299739.5756
121,2024-12-03,90,4972.318319,5785.584905,255017.3335,305525.1605
121,2024-12-04,91,4972.318319,5785.584905,259989.6519,311310.7454
121,2024-12-05,92,4972.318319,5785.584905,264961.9702,317096.3303
121,2024-12-06,93,4972.318319,5785.584905,269934.2885,322881.9152
121,2024-12-07,94,0,0,269934.2885,322881.9152
121,2024-12-08,95,0,0,269934.2885,322881.9152
121,2024-12-09,96,8121.318319,9280.974905,278055.6068,332162.8901
121,2024-12-10,97,8121.318319,9280.974905,286176.9251,341443.865
121,2024-12-11,98,8121.318319,9280.974905,294298.2435,350724.84
121,2024-12-12,99,8121.318319,9280.974905,302419.5618,360005.8149
121,2024-12-13,100,8121.318319,9280.974905,310540.8801,369286.7898
121,2024-12-14,101,0,0,310540.8801,369286.7898
121,2024-12-15,102,0,0,310540.8801,369286.7898
121,2024-12-16,103,8121.318319,9280.974905,318662.1984,378567.7647
121,2024-12-17,104,9859.039838,11470.50402,328521.2382,390038.2687
121,2024-12-18,105,9859.039838,11470.50402,338380.2781,401508.7727
121,2024-12-19,106,9859.039838,11470.50402,348239.3179,412979.2767
121,2024-12-20,107,9859.039838,11470.50402,358098.3578,424449.7807
121,2024-12-21,108,0,0,358098.3578,424449.7807
121,2024-12-22,109,0,0,358098.3578,424449.7807
121,2024-12-23,110,9859.039838,11470.50402,367957.3976,435920.2848
121,2024-12-24,111,9859.039838,11470.50402,377816.4374,447390.7888
121,2024-12-25,112,9859.039838,11470.50402,387675.4773,458861.2928
121,2024-12-26,113,9859.039838,11470.50402,397534.5171,470331.7968
121,2024-12-27,114,9859.039838,11470.50402,407393.5569,481802.3008
121,2024-12-28,115,0,0,407393.5569,481802.3008
121,2024-12-29,116,0,0,407393.5569,481802.3008
121,2024-12-30,117,9715.068823,11525.85793,417108.6258,493328.1588
121,2024-12-31,118,9715.068823,11525.85793,426823.6946,504854.0167
121,2025-01-01,119,9715.068823,11525.85793,436538.7634,516379.8746
121,2025-01-02,120,9715.068823,11525.85793,446253.8322,527905.7326
121,2025-01-03,121,9715.068823,11525.85793,455968.9011,539431.5905
121,2025-01-04,122,0,0,455968.9011,539431.5905
121,2025-01-05,123,0,0,455968.9011,539431.5905
121,2025-01-06,124,9715.068823,11525.85793,465683.9699,550957.4484
121,2025-01-07,125,12077.90973,14526.66589,477761.8796,565484.1143
121,2025-01-08,126,12077.90973,14526.66589,489839.7894,580010.7802
121,2025-01-09,127,12077.90973,14526.66589,501917.6991,594537.4461
121,2025-01-10,128,12077.90973,14526.66589,513995.6088,609064.112
121,2025-01-11,129,0,0,513995.6088,609064.112
121,2025-01-12,130,0,0,513995.6088,609064.112
121,2025-01-13,131,12077.90973,14526.66589,526073.5185,623590.7779
121,2025-01-14,132,12077.90973,14526.66589,538151.4283,638117.4437
121,2025-01-15,133,12077.90973,14526.66589,550229.338,652644.1096
121,2025-01-16,134,12077.90973,14526.66589,562307.2477,667170.7755
121,2025-01-17,135,12077.90973,14526.66589,574385.1575,681697.4414
121,2025-01-18,136,0,0,574385.1575,681697.4414
121,2025-01-19,137,0,0,574385.1575,681697.4414
121,2025-01-20,138,9951.170602,12102.18328,584336.3281,693799.6247
121,2025-01-21,139,9951.170602,12102.18328,594287.4987,705901.808
121,2025-01-22,140,9951.170602,12102.18328,604238.6693,718003.9912
121,2025-01-23,141,9951.170602,12102.18328,614189.8399,730106.1745
121,2025-01-24,142,9951.170602,12102.18328,624141.0105,742208.3578
121,2025-01-25,143,0,0,624141.0105,742208.3578
121,2025-01-26,144,0,0,624141.0105,742208.3578
121,2025-01-27,145,9951.170602,12102.18328,634092.1811,754310.5411
121,2025-01-28,146,9951.170602,12102.18328,644043.3517,766412.7243
121,2025-01-29,147,9951.170602,12102.18328,653994.5223,778514.9076
121,2025-01-30,148,6802.170602,8606.793278,660796.6929,787121.7009
121,2025-01-31,149,6802.170602,8606.793278,667598.8635,795728.4942
121,2025-02-01,150,0,0,667598.8635,795728.4942
121,2025-02-02,151,0,0,667598.8635,795728.4942
121,2025-02-03,152,4564.170602,5764.533278,672163.0341,801493.0275
121,2025-02-04,153,4564.170602,5764.533278,676727.2047,807257.5607
121,2025-02-05,154,4564.170602,5764.533278,681291.3753,813022.094
121,2025-02-06,155,4564.170602,5764.533278,685855.5459,818786.6273
121,2025-02-07,156,4564.170602,5764.533278,690419.7165,824551.1606
121,2025-02-08,157,0,0,690419.7165,824551.1606
121,2025-02-09,158,0,0,690419.7165,824551.1606
121,2025-02-10,159,4564.170602,5764.533278,694983.8871,830315.6938
121,2025-02-11,160,4564.170602,5764.533278,699548.0577,836080.2271
121,2025-02-12,161,4564.170602,5764.533278,704112.2283,841844.7604
121,2025-02-13,162,4564.170602,5764.533278,708676.3989,847609.2937
121,2025-02-14,163,4564.170602,5764.533278,713240.5695,853373.827
121,2025-02-15,164,0,0,713240.5695,853373.827
121,2025-02-16,165,0,0,713240.5695,853373.827
121,2025-02-17,166,4564.170602,5764.533278,717804.7401,859138.3602
121,2025-02-18,167,4564.170602,5764.533278,722368.9107,864902.8935
121,2025-02-19,168,4564.170602,5764.533278,726933.0813,870667.4268
121,2025-02-20,169,4564.170602,5764.533278,731497.2519,876431.9601
121,2025-02-21,170,4564.170602,5764.533278,736061.4225,882196.4933
121,2025-02-22,171,0,0,736061.4225,882196.4933
121,2025-02-23,172,0,0,736061.4225,882196.4933
121,2025-02-24,173,4564.170602,5764.533278,740625.5931,887961.0266
121,2025-02-25,174,4564.170602,5764.533278,745189.7637,893725.5599
121,2025-02-26,175,4564.170602,5764.533278,749753.9343,899490.0932
121,2025-02-27,176,4564.170602,5764.533278,754318.1049,905254.6264
121,2025-02-28,177,4564.170602,5764.533278,758882.2755,911019.1597
121,2025-03-01,178,0,0,758882.2755,911019.1597
121,2025-03-02,179,0,0,758882.2755,911019.1597
121,2025-03-03,180,4564.170602,5764.533278,763446.4461,916783.693
121,2025-03-04,181,4564.170602,5764.533278,768010.6167,922548.2263
121,2025-03-05,182,4564.170602,5764.533278,772574.7873,928312.7596
121,2025-03-06,183,4564.170602,5764.533278,777138.9579,934077.2928
121,2025-03-07,184,4564.170602,5764.533278,781703.1285,939841.8261
121,2025-03-08,185,0,0,781703.1285,939841.8261
121,2025-03-09,186,0,0,781703.1285,939841.8261
121,2025-03-10,187,4564.170602,5764.533278,786267.2991,945606.3594
121,2025-03-11,188,4564.170602,5764.533278,790831.4697,951370.8927
121,2025-03-12,189,4564.170602,5764.533278,795395.6403,957135.4259
121,2025-03-13,190,4564.170602,5764.533278,799959.8109,962899.9592
121,2025-03-14,191,4564.170602,5764.533278,804523.9815,968664.4925
121,2025-03-15,192,0,0,804523.9815,968664.4925
121,2025-03-16,193,0,0,804523.9815,968664.4925
121,2025-03-17,194,4564.170602,5764.533278,809088.1521,974429.0258
121,2025-03-18,195,4564.170602,5764.533278,813652.3227,980193.5591
121,2025-03-19,196,4564.170602,5764.533278,818216.4933,985958.0923
121,2025-03-20,197,4564.170602,5764.533278,822780.664,991722.6256
121,2025-03-21,198,4564.170602,5764.533278,827344.8346,997487.1589
121,2025-03-22,199,0,0,827344.8346,997487.1589
121,2025-03-23,200,0,0,827344.8346,997487.1589
121,2025-03-24,201,4564.170602,5764.533278,831909.0052,1003251.692
121,2025-03-25,202,4564.170602,5764.533278,836473.1758,1009016.225
121,2025-03-26,203,4564.170602,5764.533278,841037.3464,1014780.759
121,2025-03-27,204,4564.170602,5764.533278,845601.517,1020545.292
121,2025-03-28,205,4564.170602,5764.533278,850165.6876,1026309.825
121,2025-03-29,206,0,0,850165.6876,1026309.825
121,2025-03-30,207,0,0,850165.6876,1026309.825
121,2025-03-31,208,4564.170602,5764.533278,854729.8582,1032074.359
121,2025-04-01,209,4564.170602,5764.533278,859294.0288,1037838.892
121,2025-04-02,210,4564.170602,5764.533278,863858.1994,1043603.425
121,2025-04-03,211,4564.170602,5764.533278,868422.37,1049367.958
121,2025-04-04,212,4564.170602,5764.533278,872986.5406,1055132.492
121,2025-04-05,213,0,0,872986.5406,1055132.492
121,2025-04-06,214,0,0,872986.5406,1055132.492
121,2025-04-07,215,2826.449083,3575.004164,875812.9897,1058707.496
121,2025-04-08,216,2826.449083,3575.004164,878639.4387,1062282.5
121,2025-04-09,217,2826.449083,3575.004164,881465.8878,1065857.504
121,2025-04-10,218,2826.449083,3575.004164,884292.3369,1069432.508
121,2025-04-11,219,2826.449083,3575.004164,887118.786,1073007.512
121,2025-04-12,220,0,0,887118.786,1073007.512
121,2025-04-13,221,0,0,887118.786,1073007.512
121,2025-04-14,222,2826.449083,3575.004164,889945.2351,1076582.517
121,2025-04-15,223,2605.943766,3294.962412,892551.1788,1079877.479
121,2025-04-16,224,2605.943766,3294.962412,895157.1226,1083172.441
121,2025-04-17,225,2605.943766,3294.962412,897763.0664,1086467.404
121,2025-04-18,226,2605.943766,3294.962412,900369.0101,1089762.366
121,2025-04-19,227,0,0,900369.0101,1089762.366
121,2025-04-20,228,0,0,900369.0101,1089762.366
121,2025-04-21,229,2605.943766,3294.962412,902974.9539,1093057.329
121,2025-04-22,230,2605.943766,3294.962412,905580.8977,1096352.291
121,2025-04-23,231,2605.943766,3294.962412,908186.8414,1099647.254
121,2025-04-24,232,2605.943766,3294.962412,910792.7852,1102942.216
121,2025-04-25,233,2605.943766,3294.962412,913398.729,1106237.178
121,2025-04-26,234,0,0,913398.729,1106237.178
121,2025-04-27,235,0,0,913398.729,1106237.178
121,2025-04-28,236,2605.943766,3294.962412,916004.6727,1109532.141
121,2025-04-29,237,2605.943766,3294.962412,918610.6165,1112827.103
121,2025-04-30,238,2605.943766,3294.962412,921216.5603,1116122.066
121,2025-05-01,239,2605.943766,3294.962412,923822.504,1119417.028
121,2025-05-02,240,2605.943766,3294.962412,926428.4478,1122711.99
121,2025-05-03,241,0,0,926428.4478,1122711.99
121,2025-05-04,242,0,0,926428.4478,1122711.99
121,2025-05-05,243,2605.943766,3294.962412,929034.3916,1126006.953
121,2025-05-06,244,2605.943766,3294.962412,931640.3353,1129301.915
121,2025-05-07,245,2605.943766,3294.962412,934246.2791,1132596.878
121,2025-05-08,246,2605.943766,3294.962412,936852.2229,1135891.84
121,2025-05-09,247,243.1028571,294.1544571,937095.3257,1136185.995
121,2025-05-10,248,0,0,937095.3257,1136185.995
121,2025-05-11,249,0,0,937095.3257,1136185.995
121,2025-05-12,250,243.1028571,294.1544571,937338.4286,1136480.149
121,2025-05-13,251,243.1028571,294.1544571,937581.5314,1136774.303
121,2025-05-14,252,243.1028571,294.1544571,937824.6343,1137068.458
121,2025-05-15,253,243.1028571,294.1544571,938067.7371,1137362.612
121,2025-05-16,254,243.1028571,294.1544571,938310.84,1137656.767
121,2025-05-17,255,0,0,938310.84,1137656.767
121,2025-05-18,256,0,0,938310.84,1137656.767
122,2024-10-24,1,367.9565899,430.5092101,367.9565899,430.5092101
122,2024-10-25,2,367.9565899,430.5092101,735.9131797,861.0184203
122,2024-10-26,3,0,0,735.9131797,861.0184203
122,2024-10-27,4,0,0,735.9131797,861.0184203
122,2024-10-28,5,367.9565899,430.5092101,1103.86977,1291.52763
122,2024-10-29,6,2474.013733,3126.262353,3577.883502,4417.789983
122,2024-10-30,7,2474.013733,3126.262353,6051.897235,7544.052336
122,2024-10-31,8,2474.013733,3126.262353,8525.910968,10670.31469
122,2024-11-01,9,2474.013733,3126.262353,10999.9247,13796.57704
122,2024-11-02,10,0,0,10999.9247,13796.57704
122,2024-11-03,11,0,0,10999.9247,13796.57704
122,2024-11-04,12,2474.013733,3126.262353,13473.93843,16922.8394
122,2024-11-05,13,2474.013733,3126.262353,15947.95217,20049.10175
122,2024-11-06,14,2474.013733,3126.262353,18421.9659,23175.3641
122,2024-11-07,15,2474.013733,3126.262353,20895.97963,26301.62645
122,2024-11-08,16,2474.013733,3126.262353,23369.99336,29427.88881
122,2024-11-09,17,0,0,23369.99336,29427.88881
122,2024-11-10,18,0,0,23369.99336,29427.88881
122,2024-11-11,19,2474.013733,3126.262353,25844.0071,32554.15116
122,2024-11-12,20,2474.013733,3126.262353,28318.02083,35680.41351
122,2024-11-13,21,2474.013733,3126.262353,30792.03456,38806.67587
122,2024-11-14,22,2474.013733,3126.262353,33266.04829,41932.93822
122,2024-11-15,23,2474.013733,3126.262353,35740.06203,45059.20057
122,2024-11-16,24,0,0,35740.06203,45059.20057
122,2024-11-17,25,0,0,35740.06203,45059.20057
122,2024-11-18,26,2474.013733,3126.262353,38214.07576,48185.46293
122,2024-11-19,27,2474.013733,3126.262353,40688.08949,51311.72528
122,2024-11-20,28,2474.013733,3126.262353,43162.10323,54437.98763
122,2024-11-21,29,2474.013733,3126.262353,45636.11696,57564.24998
122,2024-11-22,30,2474.013733,3126.262353,48110.13069,60690.51234
122,2024-11-23,31,0,0,48110.13069,60690.51234
122,2024-11-24,32,0,0,48110.13069,60690.51234
122,2024-11-25,33,2474.013733,3126.262353,50584.14442,63816.77469
122,2024-11-26,34,2474.013733,3126.262353,53058.15816,66943.03704
122,2024-11-27,35,2474.013733,3126.262353,55532.17189,70069.2994
122,2024-11-28,36,2474.013733,3126.262353,58006.18562,73195.56175
122,2024-11-29,37,2474.013733,3126.262353,60480.19935,76321.8241
122,2024-11-30,38,0,0,60480.19935,76321.8241
122,2024-12-01,39,0,0,60480.19935,76321.8241
122,2024-12-02,40,2474.013733,3126.262353,62954.21309,79448.08646
122,2024-12-03,41,2474.013733,3126.262353,65428.22682,82574.34881
122,2024-12-04,42,2474.013733,3126.262353,67902.24055,85700.61116
122,2024-12-05,43,2474.013733,3126.262353,70376.25429,88826.87351
122,2024-12-06,44,2474.013733,3126.262353,72850.26802,91953.13587
122,2024-12-07,45,0,0,72850.26802,91953.13587
122,2024-12-08,46,0,0,72850.26802,91953.13587
122,2024-12-09,47,2474.013733,3126.262353,75324.28175,95079.39822
122,2024-12-10,48,2474.013733,3126.262353,77798.29548,98205.66057
122,2024-12-11,49,2474.013733,3126.262353,80272.30922,101331.9229
122,2024-12-12,50,2474.013733,3126.262353,82746.32295,104458.1853
122,2024-12-13,51,2474.013733,3126.262353,85220.33668,107584.4476
122,2024-12-14,52,0,0,85220.33668,107584.4476
122,2024-12-15,53,0,0,85220.33668,107584.4476
122,2024-12-16,54,4147.444288,5218.050547,89367.78097,112802.4982
122,2024-12-17,55,2041.387145,2522.297405,91409.16812,115324.7956
122,2024-12-18,56,2041.387145,2522.297405,93450.55526,117847.093
122,2024-12-19,57,2041.387145,2522.297405,95491.94241,120369.3904
122,2024-12-20,58,2041.387145,2522.297405,97533.32955,122891.6878
122,2024-12-21,59,0,0,97533.32955,122891.6878
122,2024-12-22,60,0,0,97533.32955,122891.6878
122,2024-12-23,61,2041.387145,2522.297405,99574.7167,125413.9852
122,2024-12-24,62,2041.387145,2522.297405,101616.1038,127936.2826
122,2024-12-25,63,2041.387145,2522.297405,103657.491,130458.58
122,2024-12-26,64,2041.387145,2522.297405,105698.8781,132980.8774
122,2024-12-27,65,2041.387145,2522.297405,107740.2653,135503.1748
122,2024-12-28,66,0,0,107740.2653,135503.1748
122,2024-12-29,67,0,0,107740.2653,135503.1748
122,2024-12-30,68,2041.387145,2522.297405,109781.6524,138025.4722
122,2024-12-31,69,2041.387145,2522.297405,111823.0396,140547.7696
122,2025-01-01,70,2041.387145,2522.297405,113864.4267,143070.067
122,2025-01-02,71,2041.387145,2522.297405,115905.8139,145592.3644
122,2025-01-03,72,2041.387145,2522.297405,117947.201,148114.6618
122,2025-01-04,73,0,0,117947.201,148114.6618
122,2025-01-05,74,0,0,117947.201,148114.6618
122,2025-01-06,75,2041.387145,2522.297405,119988.5882,150636.9592
122,2025-01-07,76,2041.387145,2522.297405,122029.9753,153159.2567
122,2025-01-08,77,2041.387145,2522.297405,124071.3624,155681.5541
122,2025-01-09,78,2041.387145,2522.297405,126112.7496,158203.8515
122,2025-01-10,79,2041.387145,2522.297405,128154.1367,160726.1489
122,2025-01-11,80,0,0,128154.1367,160726.1489
122,2025-01-12,81,0,0,128154.1367,160726.1489
122,2025-01-13,82,2041.387145,2522.297405,130195.5239,163248.4463
122,2025-01-14,83,2041.387145,2522.297405,132236.911,165770.7437
122,2025-01-15,84,2041.387145,2522.297405,134278.2982,168293.0411
122,2025-01-16,85,2041.387145,2522.297405,136319.6853,170815.3385
122,2025-01-17,86,2041.387145,2522.297405,138361.0725,173337.6359
122,2025-01-18,87,0,0,138361.0725,173337.6359
122,2025-01-19,88,0,0,138361.0725,173337.6359
122,2025-01-20,89,2041.387145,2522.297405,140402.4596,175859.9333
122,2025-01-21,90,2041.387145,2522.297405,142443.8468,178382.2307
122,2025-01-22,91,2041.387145,2522.297405,144485.2339,180904.5281
122,2025-01-23,92,2041.387145,2522.297405,146526.621,183426.8255
122,2025-01-24,93,2041.387145,2522.297405,148568.0082,185949.1229
122,2025-01-25,94,0,0,148568.0082,185949.1229
122,2025-01-26,95,0,0,148568.0082,185949.1229
122,2025-01-27,96,2041.387145,2522.297405,150609.3953,188471.4203
122,2025-01-28,97,2041.387145,2522.297405,152650.7825,190993.7177
122,2025-01-29,98,2041.387145,2522.297405,154692.1696,193516.0151
122,2025-01-30,99,2041.387145,2522.297405,156733.5568,196038.3125
122,2025-01-31,100,2041.387145,2522.297405,158774.9439,198560.6099
122,2025-02-01,101,0,0,158774.9439,198560.6099
122,2025-02-02,102,0,0,158774.9439,198560.6099
122,2025-02-03,103,2041.387145,2522.297405,160816.3311,201082.9073
122,2025-02-04,104,2041.387145,2522.297405,162857.7182,203605.2047
122,2025-02-05,105,2041.387145,2522.297405,164899.1054,206127.5021
122,2025-02-06,106,2041.387145,2522.297405,166940.4925,208649.7996
122,2025-02-07,107,2041.387145,2522.297405,168981.8796,211172.097
122,2025-02-08,108,0,0,168981.8796,211172.097
122,2025-02-09,109,0,0,168981.8796,211172.097
122,2025-02-10,110,2041.387145,2522.297405,171023.2668,213694.3944
122,2025-02-11,111,2041.387145,2522.297405,173064.6539,216216.6918
122,2025-02-12,112,2041.387145,2522.297405,175106.0411,218738.9892
122,2025-02-13,113,2041.387145,2522.297405,177147.4282,221261.2866
122,2025-02-14,114,2041.387145,2522.297405,179188.8154,223783.584
122,2025-02-15,115,0,0,179188.8154,223783.584
122,2025-02-16,116,0,0,179188.8154,223783.584
122,2025-02-17,117,2041.387145,2522.297405,181230.2025,226305.8814
122,2025-02-18,118,2041.387145,2522.297405,183271.5897,228828.1788
122,2025-02-19,119,2041.387145,2522.297405,185312.9768,231350.4762
122,2025-02-20,120,2041.387145,2522.297405,187354.364,233872.7736
122,2025-02-21,121,2041.387145,2522.297405,189395.7511,236395.071
122,2025-02-22,122,0,0,189395.7511,236395.071
122,2025-02-23,123,0,0,189395.7511,236395.071
122,2025-02-24,124,2041.387145,2522.297405,191437.1382,238917.3684
122,2025-02-25,125,2041.387145,2522.297405,193478.5254,241439.6658
122,2025-02-26,126,2041.387145,2522.297405,195519.9125,243961.9632
122,2025-02-27,127,2041.387145,2522.297405,197561.2997,246484.2606
122,2025-02-28,128,2041.387145,2522.297405,199602.6868,249006.558
122,2025-03-01,129,0,0,199602.6868,249006.558
122,2025-03-02,130,0,0,199602.6868,249006.558
122,2025-03-03,131,2041.387145,2522.297405,201644.074,251528.8554
122,2025-03-04,132,2041.387145,2522.297405,203685.4611,254051.1528
122,2025-03-05,133,5474.137145,6813.234905,209159.5983,260864.3877
122,2025-03-06,134,5474.137145,6813.234905,214633.7354,267677.6226
122,2025-03-07,135,5474.137145,6813.234905,220107.8725,274490.8576
122,2025-03-08,136,0,0,220107.8725,274490.8576
122,2025-03-09,137,0,0,220107.8725,274490.8576
122,2025-03-10,138,5474.137145,6813.234905,225582.0097,281304.0925
122,2025-03-11,139,5474.137145,6813.234905,231056.1468,288117.3274
122,2025-03-12,140,5474.137145,6813.234905,236530.284,294930.5623
122,2025-03-13,141,5474.137145,6813.234905,242004.4211,301743.7972
122,2025-03-14,142,5474.137145,6813.234905,247478.5583,308557.0321
122,2025-03-15,143,0,0,247478.5583,308557.0321
122,2025-03-16,144,0,0,247478.5583,308557.0321
122,2025-03-17,145,9673.137145,11978.0049,257151.6954,320535.037
122,2025-03-18,146,9673.137145,11978.0049,266824.8326,332513.0419
122,2025-03-19,147,9673.137145,11978.0049,276497.9697,344491.0468
122,2025-03-20,148,9673.137145,11978.0049,286171.1069,356469.0517
122,2025-03-21,149,9673.137145,11978.0049,295844.244,368447.0566
122,2025-03-22,150,0,0,295844.244,368447.0566
122,2025-03-23,151,0,0,295844.244,368447.0566
122,2025-03-24,152,9673.137145,11978.0049,305517.3811,380425.0615
122,2025-03-25,153,9673.137145,11978.0049,315190.5183,392403.0664
122,2025-03-26,154,7999.70659,9886.21671,323190.2249,402289.2831
122,2025-03-27,155,7999.70659,9886.21671,331189.9315,412175.4998
122,2025-03-28,156,7999.70659,9886.21671,339189.6381,422061.7165
122,2025-03-29,157,0,0,339189.6381,422061.7165
122,2025-03-30,158,0,0,339189.6381,422061.7165
122,2025-03-31,159,7999.70659,9886.21671,347189.3447,431947.9332
122,2025-04-01,160,7999.70659,9886.21671,355189.0512,441834.15
122,2025-04-02,161,7999.70659,9886.21671,363188.7578,451720.3667
122,2025-04-03,162,7999.70659,9886.21671,371188.4644,461606.5834
122,2025-04-04,163,7999.70659,9886.21671,379188.171,471492.8001
122,2025-04-05,164,0,0,379188.171,471492.8001
122,2025-04-06,165,0,0,379188.171,471492.8001
122,2025-04-07,166,7999.70659,9886.21671,387187.8776,481379.0168
122,2025-04-08,167,4566.95659,5595.27921,391754.8342,486974.296
122,2025-04-09,168,4566.95659,5595.27921,396321.7908,492569.5752
122,2025-04-10,169,4566.95659,5595.27921,400888.7474,498164.8544
122,2025-04-11,170,4566.95659,5595.27921,405455.704,503760.1336
122,2025-04-12,171,0,0,405455.704,503760.1336
122,2025-04-13,172,0,0,405455.704,503760.1336
122,2025-04-14,173,4566.95659,5595.27921,410022.6606,509355.4128
122,2025-04-15,174,4566.95659,5595.27921,414589.6171,514950.6921
122,2025-04-16,175,4566.95659,5595.27921,419156.5737,520545.9713
122,2025-04-17,176,4566.95659,5595.27921,423723.5303,526141.2505
122,2025-04-18,177,4566.95659,5595.27921,428290.4869,531736.5297
122,2025-04-19,178,0,0,428290.4869,531736.5297
122,2025-04-20,179,0,0,428290.4869,531736.5297
122,2025-04-21,180,4566.95659,5595.27921,432857.4435,537331.8089
122,2025-04-22,181,4566.95659,5595.27921,437424.4001,542927.0881
122,2025-04-23,182,4566.95659,5595.27921,441991.3567,548522.3673
122,2025-04-24,183,4566.95659,5595.27921,446558.3133,554117.6465
122,2025-04-25,184,4566.95659,5595.27921,451125.2699,559712.9257
122,2025-04-26,185,0,0,451125.2699,559712.9257
122,2025-04-27,186,0,0,451125.2699,559712.9257
122,2025-04-28,187,4566.95659,5595.27921,455692.2265,565308.2049
122,2025-04-29,188,4566.95659,5595.27921,460259.183,570903.4842
122,2025-04-30,189,4566.95659,5595.27921,464826.1396,576498.7634
122,2025-05-01,190,4566.95659,5595.27921,469393.0962,582094.0426
122,2025-05-02,191,4566.95659,5595.27921,473960.0528,587689.3218
122,2025-05-03,192,0,0,473960.0528,587689.3218
122,2025-05-04,193,0,0,473960.0528,587689.3218
122,2025-05-05,194,4566.95659,5595.27921,478527.0094,593284.601
122,2025-05-06,195,4566.95659,5595.27921,483093.966,598879.8802
122,2025-05-07,196,4566.95659,5595.27921,487660.9226,604475.1594
122,2025-05-08,197,4566.95659,5595.27921,492227.8792,610070.4386
122,2025-05-09,198,4566.95659,5595.27921,496794.8358,615665.7178
122,2025-05-10,199,0,0,496794.8358,615665.7178
122,2025-05-11,200,0,0,496794.8358,615665.7178
122,2025-05-12,201,4566.95659,5595.27921,501361.7924,621260.997
122,2025-05-13,202,4566.95659,5595.27921,505928.7489,626856.2763
122,2025-05-14,203,4566.95659,5595.27921,510495.7055,632451.5555
122,2025-05-15,204,4566.95659,5595.27921,515062.6621,638046.8347
122,2025-05-16,205,4566.95659,5595.27921,519629.6187,643642.1139
122,2025-05-17,206,0,0,519629.6187,643642.1139
122,2025-05-18,207,0,0,519629.6187,643642.1139
122,2025-05-19,208,4566.95659,5595.27921,524196.5753,649237.3931
122,2025-05-20,209,4566.95659,5595.27921,528763.5319,654832.6723
122,2025-05-21,210,4566.95659,5595.27921,533330.4885,660427.9515
122,2025-05-22,211,4566.95659,5595.27921,537897.4451,666023.2307
122,2025-05-23,212,4566.95659,5595.27921,542464.4017,671618.5099
122,2025-05-24,213,0,0,542464.4017,671618.5099
122,2025-05-25,214,0,0,542464.4017,671618.5099
122,2025-05-26,215,4566.95659,5595.27921,547031.3582,677213.7892
122,2025-05-27,216,4566.95659,5595.27921,551598.3148,682809.0684
122,2025-05-28,217,4566.95659,5595.27921,556165.2714,688404.3476
122,2025-05-29,218,4566.95659,5595.27921,560732.228,693999.6268
122,2025-05-30,219,4566.95659,5595.27921,565299.1846,699594.906
122,2025-05-31,220,0,0,565299.1846,699594.906
122,2025-06-01,221,0,0,565299.1846,699594.906
122,2025-06-02,222,4566.95659,5595.27921,569866.1412,705190.1852
122,2025-06-03,223,4566.95659,5595.27921,574433.0978,710785.4644
122,2025-06-04,224,4566.95659,5595.27921,579000.0544,716380.7436
122,2025-06-05,225,4566.95659,5595.27921,583567.011,721976.0228
122,2025-06-06,226,4566.95659,5595.27921,588133.9676,727571.302
122,2025-06-07,227,0,0,588133.9676,727571.302
122,2025-06-08,228,0,0,588133.9676,727571.302
122,2025-06-09,229,4566.95659,5595.27921,592700.9241,733166.5813
122,2025-06-10,230,4566.95659,5595.27921,597267.8807,738761.8605
122,2025-06-11,231,4566.95659,5595.27921,601834.8373,744357.1397
122,2025-06-12,232,4566.95659,5595.27921,606401.7939,749952.4189
122,2025-06-13,233,4566.95659,5595.27921,610968.7505,755547.6981
122,2025-06-14,234,0,0,610968.7505,755547.6981
122,2025-06-15,235,0,0,610968.7505,755547.6981
122,2025-06-16,236,4566.95659,5595.27921,615535.7071,761142.9773
122,2025-06-17,237,4566.95659,5595.27921,620102.6637,766738.2565
122,2025-06-18,238,4566.95659,5595.27921,624669.6203,772333.5357
122,2025-06-19,239,4566.95659,5595.27921,629236.5769,777928.8149
122,2025-06-20,240,4566.95659,5595.27921,633803.5335,783524.0941
122,2025-06-21,241,0,0,633803.5335,783524.0941
122,2025-06-22,242,0,0,633803.5335,783524.0941
122,2025-06-23,243,4566.95659,5595.27921,638370.49,789119.3734
122,2025-06-24,244,4566.95659,5595.27921,642937.4466,794714.6526
122,2025-06-25,245,4566.95659,5595.27921,647504.4032,800309.9318
122,2025-06-26,246,4566.95659,5595.27921,652071.3598,805905.211
122,2025-06-27,247,4566.95659,5595.27921,656638.3164,811500.4902
122,2025-06-28,248,0,0,656638.3164,811500.4902
122,2025-06-29,249,0,0,656638.3164,811500.4902
122,2025-06-30,250,4566.95659,5595.27921,661205.273,817095.7694
122,2025-07-01,251,4566.95659,5595.27921,665772.2296,822691.0486
122,2025-07-02,252,4566.95659,5595.27921,670339.1862,828286.3278
122,2025-07-03,253,4566.95659,5595.27921,674906.1428,833881.607
122,2025-07-04,254,4566.95659,5595.27921,679473.0994,839476.8862
122,2025-07-05,255,0,0,679473.0994,839476.8862
122,2025-07-06,256,0,0,679473.0994,839476.8862
122,2025-07-07,257,4566.95659,5595.27921,684040.0559,845072.1655
122,2025-07-08,258,4566.95659,5595.27921,688607.0125,850667.4447
122,2025-07-09,259,4566.95659,5595.27921,693173.9691,856262.7239
122,2025-07-10,260,4566.95659,5595.27921,697740.9257,861858.0031
122,2025-07-11,261,4566.95659,5595.27921,702307.8823,867453.2823
122,2025-07-12,262,0,0,702307.8823,867453.2823
122,2025-07-13,263,0,0,702307.8823,867453.2823
122,2025-07-14,264,4566.95659,5595.27921,706874.8389,873048.5615
122,2025-07-15,265,4566.95659,5595.27921,711441.7955,878643.8407
122,2025-07-16,266,4566.95659,5595.27921,716008.7521,884239.1199
122,2025-07-17,267,4566.95659,5595.27921,720575.7087,889834.3991
122,2025-07-18,268,4566.95659,5595.27921,725142.6653,895429.6783
122,2025-07-19,269,0,0,725142.6653,895429.6783
122,2025-07-20,270,0,0,725142.6653,895429.6783
122,2025-07-21,271,4566.95659,5595.27921,729709.6218,901024.9576
122,2025-07-22,272,4566.95659,5595.27921,734276.5784,906620.2368
122,2025-07-23,273,4566.95659,5595.27921,738843.535,912215.516
122,2025-07-24,274,4566.95659,5595.27921,743410.4916,917810.7952
122,2025-07-25,275,4566.95659,5595.27921,747977.4482,923406.0744
122,2025-07-26,276,0,0,747977.4482,923406.0744
122,2025-07-27,277,0,0,747977.4482,923406.0744
122,2025-07-28,278,4566.95659,5595.27921,752544.4048,929001.3536
122,2025-07-29,279,4566.95659,5595.27921,757111.3614,934596.6328
122,2025-07-30,280,4566.95659,5595.27921,761678.318,940191.912
122,2025-07-31,281,4566.95659,5595.27921,766245.2746,945787.1912
122,2025-08-01,282,4566.95659,5595.27921,770812.2312,951382.4704
122,2025-08-02,283,0,0,770812.2312,951382.4704
122,2025-08-03,284,0,0,770812.2312,951382.4704
122,2025-08-04,285,4566.95659,5595.27921,775379.1877,956977.7497
122,2025-08-05,286,4566.95659,5595.27921,779946.1443,962573.0289
122,2025-08-06,287,4566.95659,5595.27921,784513.1009,968168.3081
122,2025-08-07,288,4566.95659,5595.27921,789080.0575,973763.5873
122,2025-08-08,289,4566.95659,5595.27921,793647.0141,979358.8665
122,2025-08-09,290,0,0,793647.0141,979358.8665
122,2025-08-10,291,0,0,793647.0141,979358.8665
122,2025-08-11,292,4566.95659,5595.27921,798213.9707,984954.1457
122,2025-08-12,293,4566.95659,5595.27921,802780.9273,990549.4249
122,2025-08-13,294,367.9565899,430.5092101,803148.8839,990979.9341
122,2025-08-14,295,367.9565899,430.5092101,803516.8405,991410.4433
122,2025-08-15,296,367.9565899,430.5092101,803884.7971,991840.9525
122,2025-08-16,297,0,0,803884.7971,991840.9525
122,2025-08-17,298,0,0,803884.7971,991840.9525
122,2025-08-18,299,367.9565899,430.5092101,804252.7536,992271.4618
122,2025-08-19,300,367.9565899,430.5092101,804620.7102,992701.971
122,2025-08-20,301,367.9565899,430.5092101,804988.6668,993132.4802
122,2025-08-21,302,367.9565899,430.5092101,805356.6234,993562.9894
122,2025-08-22,303,367.9565899,430.5092101,805724.58,993993.4986
123,2024-11-05,1,462.7885714,513.6953143,462.7885714,513.6953143
123,2024-11-06,2,462.7885714,513.6953143,925.5771429,1027.390629
123,2024-11-07,3,462.7885714,513.6953143,1388.365714,1541.085943
123,2024-11-08,4,462.7885714,513.6953143,1851.154286,2054.781257
123,2024-11-09,5,0,0,1851.154286,2054.781257
123,2024-11-10,6,0,0,1851.154286,2054.781257
123,2024-11-11,7,3585.788571,3980.225314,5436.942857,6035.006571
123,2024-11-12,8,3585.788571,3980.225314,9022.731429,10015.23189
123,2024-11-13,9,3585.788571,3980.225314,12608.52,13995.4572
123,2024-11-14,10,3585.788571,3980.225314,16194.30857,17975.68251
123,2024-11-15,11,3585.788571,3980.225314,19780.09714,21955.90783
123,2024-11-16,12,0,0,19780.09714,21955.90783
123,2024-11-17,13,0,0,19780.09714,21955.90783
123,2024-11-18,14,3585.788571,3980.225314,23365.88571,25936.13314
123,2024-11-19,15,3585.788571,3980.225314,26951.67429,29916.35846
123,2024-11-20,16,3585.788571,3980.225314,30537.46286,33896.58377
123,2024-11-21,17,3585.788571,3980.225314,34123.25143,37876.80909
123,2024-11-22,18,3585.788571,3980.225314,37709.04,41857.0344
123,2024-11-23,19,0,0,37709.04,41857.0344
123,2024-11-24,20,0,0,37709.04,41857.0344
123,2024-11-25,21,3585.788571,3980.225314,41294.82857,45837.25971
123,2024-11-26,22,3585.788571,3980.225314,44880.61714,49817.48503
123,2024-11-27,23,3585.788571,3980.225314,48466.40571,53797.71034
123,2024-11-28,24,3585.788571,3980.225314,52052.19429,57777.93566
123,2024-11-29,25,3585.788571,3980.225314,55637.98286,61758.16097
123,2024-11-30,26,0,0,55637.98286,61758.16097
123,2024-12-01,27,0,0,55637.98286,61758.16097
123,2024-12-02,28,3585.788571,3980.225314,59223.77143,65738.38629
123,2024-12-03,29,3585.788571,3980.225314,62809.56,69718.6116
123,2024-12-04,30,3585.788571,3980.225314,66395.34857,73698.83691
123,2024-12-05,31,3585.788571,3980.225314,69981.13714,77679.06223
123,2024-12-06,32,3585.788571,3980.225314,73566.92571,81659.28754
123,2024-12-07,33,0,0,73566.92571,81659.28754
123,2024-12-08,34,0,0,73566.92571,81659.28754
123,2024-12-09,35,3585.788571,3980.225314,77152.71429,85639.51286
123,2024-12-10,36,3585.788571,3980.225314,80738.50286,89619.73817
123,2024-12-11,37,3585.788571,3980.225314,84324.29143,93599.96349
123,2024-12-12,38,5412.035762,6171.721943,89736.32719,99771.68543
123,2024-12-13,39,2289.035762,2705.191943,92025.36295,102476.8774
123,2024-12-14,40,0,0,92025.36295,102476.8774
123,2024-12-15,41,0,0,92025.36295,102476.8774
123,2024-12-16,42,2289.035762,2705.191943,94314.39872,105182.0693
123,2024-12-17,43,2289.035762,2705.191943,96603.43448,107887.2613
123,2024-12-18,44,2289.035762,2705.191943,98892.47024,110592.4532
123,2024-12-19,45,2289.035762,2705.191943,101181.506,113297.6451
123,2024-12-20,46,2289.035762,2705.191943,103470.5418,116002.8371
123,2024-12-21,47,0,0,103470.5418,116002.8371
123,2024-12-22,48,0,0,103470.5418,116002.8371
123,2024-12-23,49,2289.035762,2705.191943,105759.5775,118708.029
123,2024-12-24,50,2289.035762,2705.191943,108048.6133,121413.221
123,2024-12-25,51,2289.035762,2705.191943,110337.6491,124118.4129
123,2024-12-26,52,2289.035762,2705.191943,112626.6848,126823.6049
123,2024-12-27,53,2289.035762,2705.191943,114915.7206,129528.7968
123,2024-12-28,54,0,0,114915.7206,129528.7968
123,2024-12-29,55,0,0,114915.7206,129528.7968
123,2024-12-30,56,2289.035762,2705.191943,117204.7563,132233.9888
123,2024-12-31,57,2289.035762,2705.191943,119493.7921,134939.1807
123,2025-01-01,58,2289.035762,2705.191943,121782.8279,137644.3726
123,2025-01-02,59,2289.035762,2705.191943,124071.8636,140349.5646
123,2025-01-03,60,2289.035762,2705.191943,126360.8994,143054.7565
123,2025-01-04,61,0,0,126360.8994,143054.7565
123,2025-01-05,62,0,0,126360.8994,143054.7565
123,2025-01-06,63,2289.035762,2705.191943,128649.9352,145759.9485
123,2025-01-07,64,2289.035762,2705.191943,130938.9709,148465.1404
123,2025-01-08,65,2289.035762,2705.191943,133228.0067,151170.3324
123,2025-01-09,66,2289.035762,2705.191943,135517.0424,153875.5243
123,2025-01-10,67,2289.035762,2705.191943,137806.0782,156580.7162
123,2025-01-11,68,0,0,137806.0782,156580.7162
123,2025-01-12,69,0,0,137806.0782,156580.7162
123,2025-01-13,70,2289.035762,2705.191943,140095.114,159285.9082
123,2025-01-14,71,2289.035762,2705.191943,142384.1497,161991.1001
123,2025-01-15,72,2289.035762,2705.191943,144673.1855,164696.2921
123,2025-01-16,73,2289.035762,2705.191943,146962.2213,167401.484
123,2025-01-17,74,2289.035762,2705.191943,149251.257,170106.676
123,2025-01-18,75,0,0,149251.257,170106.676
123,2025-01-19,76,0,0,149251.257,170106.676
123,2025-01-20,77,2289.035762,2705.191943,151540.2928,172811.8679
123,2025-01-21,78,2289.035762,2705.191943,153829.3285,175517.0598
123,2025-01-22,79,2289.035762,2705.191943,156118.3643,178222.2518
123,2025-01-23,80,2289.035762,2705.191943,158407.4001,180927.4437
123,2025-01-24,81,2289.035762,2705.191943,160696.4358,183632.6357
123,2025-01-25,82,0,0,160696.4358,183632.6357
123,2025-01-26,83,0,0,160696.4358,183632.6357
123,2025-01-27,84,2289.035762,2705.191943,162985.4716,186337.8276
123,2025-01-28,85,2289.035762,2705.191943,165274.5074,189043.0196
123,2025-01-29,86,2289.035762,2705.191943,167563.5431,191748.2115
123,2025-01-30,87,2289.035762,2705.191943,169852.5789,194453.4035
123,2025-01-31,88,2289.035762,2705.191943,172141.6146,197158.5954
123,2025-02-01,89,0,0,172141.6146,197158.5954
123,2025-02-02,90,0,0,172141.6146,197158.5954
123,2025-02-03,91,2289.035762,2705.191943,174430.6504,199863.7873
123,2025-02-04,92,2289.035762,2705.191943,176719.6862,202568.9793
123,2025-02-05,93,2289.035762,2705.191943,179008.7219,205274.1712
123,2025-02-06,94,2289.035762,2705.191943,181297.7577,207979.3632
123,2025-02-07,95,2289.035762,2705.191943,183586.7935,210684.5551
123,2025-02-08,96,0,0,183586.7935,210684.5551
123,2025-02-09,97,0,0,183586.7935,210684.5551
123,2025-02-10,98,2289.035762,2705.191943,185875.8292,213389.7471
123,2025-02-11,99,2289.035762,2705.191943,188164.865,216094.939
123,2025-02-12,100,2289.035762,2705.191943,190453.9007,218800.1309
123,2025-02-13,101,2289.035762,2705.191943,192742.9365,221505.3229
123,2025-02-14,102,2289.035762,2705.191943,195031.9723,224210.5148
123,2025-02-15,103,0,0,195031.9723,224210.5148
123,2025-02-16,104,0,0,195031.9723,224210.5148
123,2025-02-17,105,2289.035762,2705.191943,197321.008,226915.7068
123,2025-02-18,106,2289.035762,2705.191943,199610.0438,229620.8987
123,2025-02-19,107,2289.035762,2705.191943,201899.0796,232326.0907
123,2025-02-20,108,2289.035762,2705.191943,204188.1153,235031.2826
123,2025-02-21,109,2289.035762,2705.191943,206477.1511,237736.4745
123,2025-02-22,110,0,0,206477.1511,237736.4745
123,2025-02-23,111,0,0,206477.1511,237736.4745
123,2025-02-24,112,2289.035762,2705.191943,208766.1868,240441.6665
123,2025-02-25,113,2289.035762,2705.191943,211055.2226,243146.8584
123,2025-02-26,114,2289.035762,2705.191943,213344.2584,245852.0504
123,2025-02-27,115,2289.035762,2705.191943,215633.2941,248557.2423
123,2025-02-28,116,2289.035762,2705.191943,217922.3299,251262.4343
123,2025-03-01,117,0,0,217922.3299,251262.4343
123,2025-03-02,118,0,0,217922.3299,251262.4343
123,2025-03-03,119,2289.035762,2705.191943,220211.3657,253967.6262
123,2025-03-04,120,2289.035762,2705.191943,222500.4014,256672.8182
123,2025-03-05,121,2289.035762,2705.191943,224789.4372,259378.0101
123,2025-03-06,122,2289.035762,2705.191943,227078.4729,262083.202
123,2025-03-07,123,2289.035762,2705.191943,229367.5087,264788.394
123,2025-03-08,124,0,0,229367.5087,264788.394
123,2025-03-09,125,0,0,229367.5087,264788.394
123,2025-03-10,126,2289.035762,2705.191943,231656.5445,267493.5859
123,2025-03-11,127,2289.035762,2705.191943,233945.5802,270198.7779
123,2025-03-12,128,2289.035762,2705.191943,236234.616,272903.9698
123,2025-03-13,129,2289.035762,2705.191943,238523.6517,275609.1618
123,2025-03-14,130,2289.035762,2705.191943,240812.6875,278314.3537
123,2025-03-15,131,0,0,240812.6875,278314.3537
123,2025-03-16,132,0,0,240812.6875,278314.3537
123,2025-03-17,133,2289.035762,2705.191943,243101.7233,281019.5456
123,2025-03-18,134,2289.035762,2705.191943,245390.759,283724.7376
123,2025-03-19,135,2289.035762,2705.191943,247679.7948,286429.9295
123,2025-03-20,136,2289.035762,2705.191943,249968.8306,289135.1215
123,2025-03-21,137,2289.035762,2705.191943,252257.8663,291840.3134
123,2025-03-22,138,0,0,252257.8663,291840.3134
123,2025-03-23,139,0,0,252257.8663,291840.3134
123,2025-03-24,140,2289.035762,2705.191943,254546.9021,294545.5054
123,2025-03-25,141,2289.035762,2705.191943,256835.9378,297250.6973
123,2025-03-26,142,6275.810762,7848.131693,263111.7486,305098.829
123,2025-03-27,143,6275.810762,7848.131693,269387.5594,312946.9607
123,2025-03-28,144,6275.810762,7848.131693,275663.3701,320795.0924
123,2025-03-29,145,0,0,275663.3701,320795.0924
123,2025-03-30,146,0,0,275663.3701,320795.0924
123,2025-03-31,147,6275.810762,7848.131693,281939.1809,328643.2241
123,2025-04-01,148,6275.810762,7848.131693,288214.9917,336491.3558
123,2025-04-02,149,6275.810762,7848.131693,294490.8024,344339.4875
123,2025-04-03,150,6275.810762,7848.131693,300766.6132,352187.6192
123,2025-04-04,151,6275.810762,7848.131693,307042.4239,360035.7509
123,2025-04-05,152,0,0,307042.4239,360035.7509
123,2025-04-06,153,0,0,307042.4239,360035.7509
123,2025-04-07,154,10580.81076,13444.63169,317623.2347,373480.3825
123,2025-04-08,155,10580.81076,13444.63169,328204.0455,386925.0142
123,2025-04-09,156,10580.81076,13444.63169,338784.8562,400369.6459
123,2025-04-10,157,10580.81076,13444.63169,349365.667,413814.2776
123,2025-04-11,158,10580.81076,13444.63169,359946.4778,427258.9093
123,2025-04-12,159,0,0,359946.4778,427258.9093
123,2025-04-13,160,0,0,359946.4778,427258.9093
123,2025-04-14,161,10580.81076,13444.63169,370527.2885,440703.541
123,2025-04-15,162,10580.81076,13444.63169,381108.0993,454148.1727
123,2025-04-16,163,8754.563571,11253.13506,389862.6629,465401.3078
123,2025-04-17,164,8754.563571,11253.13506,398617.2264,476654.4428
123,2025-04-18,165,8754.563571,11253.13506,407371.79,487907.5779
123,2025-04-19,166,0,0,407371.79,487907.5779
123,2025-04-20,167,0,0,407371.79,487907.5779
123,2025-04-21,168,8754.563571,11253.13506,416126.3536,499160.713
123,2025-04-22,169,8754.563571,11253.13506,424880.9171,510413.848
123,2025-04-23,170,8754.563571,11253.13506,433635.4807,521666.9831
123,2025-04-24,171,8754.563571,11253.13506,442390.0443,532920.1182
123,2025-04-25,172,8754.563571,11253.13506,451144.6079,544173.2532
123,2025-04-26,173,0,0,451144.6079,544173.2532
123,2025-04-27,174,0,0,451144.6079,544173.2532
123,2025-04-28,175,8754.563571,11253.13506,459899.1714,555426.3883
123,2025-04-29,176,8754.563571,11253.13506,468653.735,566679.5234
123,2025-04-30,177,8754.563571,11253.13506,477408.2986,577932.6584
123,2025-05-01,178,8754.563571,11253.13506,486162.8621,589185.7935
123,2025-05-02,179,8754.563571,11253.13506,494917.4257,600438.9285
123,2025-05-03,180,0,0,494917.4257,600438.9285
123,2025-05-04,181,0,0,494917.4257,600438.9285
123,2025-05-05,182,8754.563571,11253.13506,503671.9893,611692.0636
123,2025-05-06,183,8754.563571,11253.13506,512426.5529,622945.1987
123,2025-05-07,184,8754.563571,11253.13506,521181.1164,634198.3337
123,2025-05-08,185,8754.563571,11253.13506,529935.68,645451.4688
123,2025-05-09,186,8754.563571,11253.13506,538690.2436,656704.6039
123,2025-05-10,187,0,0,538690.2436,656704.6039
123,2025-05-11,188,0,0,538690.2436,656704.6039
123,2025-05-12,189,8754.563571,11253.13506,547444.8071,667957.7389
123,2025-05-13,190,8754.563571,11253.13506,556199.3707,679210.874
123,2025-05-14,191,8754.563571,11253.13506,564953.9343,690464.0091
123,2025-05-15,192,8754.563571,11253.13506,573708.4979,701717.1441
123,2025-05-16,193,8754.563571,11253.13506,582463.0614,712970.2792
123,2025-05-17,194,0,0,582463.0614,712970.2792
123,2025-05-18,195,0,0,582463.0614,712970.2792
123,2025-05-19,196,8754.563571,11253.13506,591217.625,724223.4143
123,2025-05-20,197,8754.563571,11253.13506,599972.1886,735476.5493
123,2025-05-21,198,4767.788571,6110.195314,604739.9771,741586.7446
123,2025-05-22,199,4767.788571,6110.195314,609507.7657,747696.9399
123,2025-05-23,200,4767.788571,6110.195314,614275.5543,753807.1353
123,2025-05-24,201,0,0,614275.5543,753807.1353
123,2025-05-25,202,0,0,614275.5543,753807.1353
123,2025-05-26,203,4767.788571,6110.195314,619043.3429,759917.3306
123,2025-05-27,204,4767.788571,6110.195314,623811.1314,766027.5259
123,2025-05-28,205,4767.788571,6110.195314,628578.92,772137.7212
123,2025-05-29,206,4767.788571,6110.195314,633346.7086,778247.9165
123,2025-05-30,207,4767.788571,6110.195314,638114.4971,784358.1118
123,2025-05-31,208,0,0,638114.4971,784358.1118
123,2025-06-01,209,0,0,638114.4971,784358.1118
123,2025-06-02,210,4767.788571,6110.195314,642882.2857,790468.3071
123,2025-06-03,211,4767.788571,6110.195314,647650.0743,796578.5025
123,2025-06-04,212,4767.788571,6110.195314,652417.8629,802688.6978
123,2025-06-05,213,4767.788571,6110.195314,657185.6514,808798.8931
123,2025-06-06,214,4767.788571,6110.195314,661953.44,814909.0884
123,2025-06-07,215,0,0,661953.44,814909.0884
123,2025-06-08,216,0,0,661953.44,814909.0884
123,2025-06-09,217,4767.788571,6110.195314,666721.2286,821019.2837
123,2025-06-10,218,4767.788571,6110.195314,671489.0171,827129.479
123,2025-06-11,219,4767.788571,6110.195314,676256.8057,833239.6743
123,2025-06-12,220,4767.788571,6110.195314,681024.5943,839349.8697
123,2025-06-13,221,4767.788571,6110.195314,685792.3829,845460.065
123,2025-06-14,222,0,0,685792.3829,845460.065
123,2025-06-15,223,0,0,685792.3829,845460.065
123,2025-06-16,224,4767.788571,6110.195314,690560.1714,851570.2603
123,2025-06-17,225,4767.788571,6110.195314,695327.96,857680.4556
123,2025-06-18,226,4767.788571,6110.195314,700095.7486,863790.6509
123,2025-06-19,227,4767.788571,6110.195314,704863.5371,869900.8462
123,2025-06-20,228,4767.788571,6110.195314,709631.3257,876011.0415
123,2025-06-21,229,0,0,709631.3257,876011.0415
123,2025-06-22,230,0,0,709631.3257,876011.0415
123,2025-06-23,231,4767.788571,6110.195314,714399.1143,882121.2369
123,2025-06-24,232,4767.788571,6110.195314,719166.9029,888231.4322
123,2025-06-25,233,4767.788571,6110.195314,723934.6914,894341.6275
123,2025-06-26,234,4767.788571,6110.195314,728702.48,900451.8228
123,2025-06-27,235,4767.788571,6110.195314,733470.2686,906562.0181
123,2025-06-28,236,0,0,733470.2686,906562.0181
123,2025-06-29,237,0,0,733470.2686,906562.0181
123,2025-06-30,238,4767.788571,6110.195314,738238.0571,912672.2134
123,2025-07-01,239,4767.788571,6110.195314,743005.8457,918782.4087
123,2025-07-02,240,4767.788571,6110.195314,747773.6343,924892.6041
123,2025-07-03,241,4767.788571,6110.195314,752541.4229,931002.7994
123,2025-07-04,242,4767.788571,6110.195314,757309.2114,937112.9947
123,2025-07-05,243,0,0,757309.2114,937112.9947
123,2025-07-06,244,0,0,757309.2114,937112.9947
123,2025-07-07,245,4767.788571,6110.195314,762077,943223.19
123,2025-07-08,246,4767.788571,6110.195314,766844.7886,949333.3853
123,2025-07-09,247,4767.788571,6110.195314,771612.5771,955443.5806
123,2025-07-10,248,4767.788571,6110.195314,776380.3657,961553.7759
123,2025-07-11,249,4767.788571,6110.195314,781148.1543,967663.9713
123,2025-07-12,250,0,0,781148.1543,967663.9713
123,2025-07-13,251,0,0,781148.1543,967663.9713
123,2025-07-14,252,4767.788571,6110.195314,785915.9429,973774.1666
123,2025-07-15,253,4767.788571,6110.195314,790683.7314,979884.3619
123,2025-07-16,254,4767.788571,6110.195314,795451.52,985994.5572
123,2025-07-17,255,4767.788571,6110.195314,800219.3086,992104.7525
123,2025-07-18,256,4767.788571,6110.195314,804987.0971,998214.9478
123,2025-07-19,257,0,0,804987.0971,998214.9478
123,2025-07-20,258,0,0,804987.0971,998214.9478
123,2025-07-21,259,4767.788571,6110.195314,809754.8857,1004325.143
123,2025-07-22,260,4767.788571,6110.195314,814522.6743,1010435.338
123,2025-07-23,261,4767.788571,6110.195314,819290.4629,1016545.534
123,2025-07-24,262,4767.788571,6110.195314,824058.2514,1022655.729
123,2025-07-25,263,4767.788571,6110.195314,828826.04,1028765.924
123,2025-07-26,264,0,0,828826.04,1028765.924
123,2025-07-27,265,0,0,828826.04,1028765.924
123,2025-07-28,266,4767.788571,6110.195314,833593.8286,1034876.12
123,2025-07-29,267,4767.788571,6110.195314,838361.6171,1040986.315
123,2025-07-30,268,4767.788571,6110.195314,843129.4057,1047096.51
123,2025-07-31,269,4767.788571,6110.195314,847897.1943,1053206.706
123,2025-08-01,270,4767.788571,6110.195314,852664.9829,1059316.901
123,2025-08-02,271,0,0,852664.9829,1059316.901
123,2025-08-03,272,0,0,852664.9829,1059316.901
123,2025-08-04,273,4767.788571,6110.195314,857432.7714,1065427.096
123,2025-08-05,274,4767.788571,6110.195314,862200.56,1071537.292
123,2025-08-06,275,4767.788571,6110.195314,866968.3486,1077647.487
123,2025-08-07,276,4767.788571,6110.195314,871736.1371,1083757.682
123,2025-08-08,277,4767.788571,6110.195314,876503.9257,1089867.878
123,2025-08-09,278,0,0,876503.9257,1089867.878
123,2025-08-10,279,0,0,876503.9257,1089867.878
123,2025-08-11,280,4767.788571,6110.195314,881271.7143,1095978.073
123,2025-08-12,281,4767.788571,6110.195314,886039.5029,1102088.268
123,2025-08-13,282,4767.788571,6110.195314,890807.2914,1108198.463
123,2025-08-14,283,4767.788571,6110.195314,895575.08,1114308.659
123,2025-08-15,284,4767.788571,6110.195314,900342.8686,1120418.854
123,2025-08-16,285,0,0,900342.8686,1120418.854
123,2025-08-17,286,0,0,900342.8686,1120418.854
123,2025-08-18,287,4767.788571,6110.195314,905110.6571,1126529.049
123,2025-08-19,288,4767.788571,6110.195314,909878.4457,1132639.245
123,2025-08-20,289,4767.788571,6110.195314,914646.2343,1138749.44
123,2025-08-21,290,4767.788571,6110.195314,919414.0229,1144859.635
123,2025-08-22,291,4767.788571,6110.195314,924181.8114,1150969.831
123,2025-08-23,292,0,0,924181.8114,1150969.831
123,2025-08-24,293,0,0,924181.8114,1150969.831
123,2025-08-25,294,4767.788571,6110.195314,928949.6,1157080.026
123,2025-08-26,295,4767.788571,6110.195314,933717.3886,1163190.221
123,2025-08-27,296,4767.788571,6110.195314,938485.1771,1169300.417
123,2025-08-28,297,4767.788571,6110.195314,943252.9657,1175410.612
123,2025-08-29,298,4767.788571,6110.195314,948020.7543,1181520.807
123,2025-08-30,299,0,0,948020.7543,1181520.807
123,2025-08-31,300,0,0,948020.7543,1181520.807
123,2025-09-01,301,4767.788571,6110.195314,952788.5429,1187631.003
123,2025-09-02,302,4767.788571,6110.195314,957556.3314,1193741.198
123,2025-09-03,303,4767.788571,6110.195314,962324.12,1199851.393
123,2025-09-04,304,4767.788571,6110.195314,967091.9086,1205961.589
123,2025-09-05,305,4767.788571,6110.195314,971859.6971,1212071.784
123,2025-09-06,306,0,0,971859.6971,1212071.784
123,2025-09-07,307,0,0,971859.6971,1212071.784
123,2025-09-08,308,4767.788571,6110.195314,976627.4857,1218181.979
123,2025-09-09,309,4767.788571,6110.195314,981395.2743,1224292.174
123,2025-09-10,310,4767.788571,6110.195314,986163.0629,1230402.37
123,2025-09-11,311,4767.788571,6110.195314,990930.8514,1236512.565
123,2025-09-12,312,4767.788571,6110.195314,995698.64,1242622.76
123,2025-09-13,313,0,0,995698.64,1242622.76
123,2025-09-14,314,0,0,995698.64,1242622.76
123,2025-09-15,315,4767.788571,6110.195314,1000466.429,1248732.956
123,2025-09-16,316,4767.788571,6110.195314,1005234.217,1254843.151
123,2025-09-17,317,4767.788571,6110.195314,1010002.006,1260953.346
123,2025-09-18,318,4767.788571,6110.195314,1014769.794,1267063.542
123,2025-09-19,319,4767.788571,6110.195314,1019537.583,1273173.737
123,2025-09-20,320,0,0,1019537.583,1273173.737
123,2025-09-21,321,0,0,1019537.583,1273173.737
123,2025-09-22,322,4767.788571,6110.195314,1024305.371,1279283.932
123,2025-09-23,323,462.7885714,513.6953143,1024768.16,1279797.628
123,2025-09-24,324,462.7885714,513.6953143,1025230.949,1280311.323
123,2025-09-25,325,462.7885714,513.6953143,1025693.737,1280825.018
123,2025-09-26,326,462.7885714,513.6953143,1026156.526,1281338.714
123,2025-09-27,327,0,0,1026156.526,1281338.714
123,2025-09-28,328,0,0,1026156.526,1281338.714
123,2025-09-29,329,462.7885714,513.6953143,1026619.314,1281852.409
123,2025-09-30,330,462.7885714,513.6953143,1027082.103,1282366.104
123,2025-10-01,331,462.7885714,513.6953143,1027544.891,1282879.799
123,2025-10-02,332,462.7885714,513.6953143,1028007.68,1283393.495
124,2024-12-18,1,575.2259155,730.5369127,575.2259155,730.5369127
124,2024-12-19,2,575.2259155,730.5369127,1150.451831,1461.073825
124,2024-12-20,3,575.2259155,730.5369127,1725.677746,2191.610738
124,2024-12-21,4,0,0,1725.677746,2191.610738
124,2024-12-22,5,0,0,1725.677746,2191.610738
124,2024-12-23,6,3401.465915,4263.336913,5127.143662,6454.947651
124,2024-12-24,7,3401.465915,4263.336913,8528.609577,10718.28456
124,2024-12-25,8,3401.465915,4263.336913,11930.07549,14981.62148
124,2024-12-26,9,3401.465915,4263.336913,15331.54141,19244.95839
124,2024-12-27,10,3401.465915,4263.336913,18733.00732,23508.2953
124,2024-12-28,11,0,0,18733.00732,23508.2953
124,2024-12-29,12,0,0,18733.00732,23508.2953
124,2024-12-30,13,3401.465915,4263.336913,22134.47324,27771.63221
124,2024-12-31,14,3401.465915,4263.336913,25535.93915,32034.96913
124,2025-01-01,15,3401.465915,4263.336913,28937.40507,36298.30604
124,2025-01-02,16,3401.465915,4263.336913,32338.87099,40561.64295
124,2025-01-03,17,3401.465915,4263.336913,35740.3369,44824.97986
124,2025-01-04,18,0,0,35740.3369,44824.97986
124,2025-01-05,19,0,0,35740.3369,44824.97986
124,2025-01-06,20,3401.465915,4263.336913,39141.80282,49088.31678
124,2025-01-07,21,3401.465915,4263.336913,42543.26873,53351.65369
124,2025-01-08,22,3401.465915,4263.336913,45944.73465,57614.9906
124,2025-01-09,23,3401.465915,4263.336913,49346.20056,61878.32752
124,2025-01-10,24,3401.465915,4263.336913,52747.66648,66141.66443
124,2025-01-11,25,0,0,52747.66648,66141.66443
124,2025-01-12,26,0,0,52747.66648,66141.66443
124,2025-01-13,27,3401.465915,4263.336913,56149.13239,70405.00134
124,2025-01-14,28,3401.465915,4263.336913,59550.59831,74668.33825
124,2025-01-15,29,3401.465915,4263.336913,62952.06423,78931.67517
124,2025-01-16,30,3401.465915,4263.336913,66353.53014,83195.01208
124,2025-01-17,31,3401.465915,4263.336913,69754.99606,87458.34899
124,2025-01-18,32,0,0,69754.99606,87458.34899
124,2025-01-19,33,0,0,69754.99606,87458.34899
124,2025-01-20,34,3401.465915,4263.336913,73156.46197,91721.6859
124,2025-01-21,35,3401.465915,4263.336913,76557.92789,95985.02282
124,2025-01-22,36,3401.465915,4263.336913,79959.3938,100248.3597
124,2025-01-23,37,3401.465915,4263.336913,83360.85972,104511.6966
124,2025-01-24,38,5974.518547,7531.113755,89335.37827,112042.8104
124,2025-01-25,39,0,0,89335.37827,112042.8104
124,2025-01-26,40,0,0,89335.37827,112042.8104
124,2025-01-27,41,3148.278547,3998.313755,92483.65681,116041.1242
124,2025-01-28,42,3148.278547,3998.313755,95631.93536,120039.4379
124,2025-01-29,43,3148.278547,3998.313755,98780.21391,124037.7517
124,2025-01-30,44,3148.278547,3998.313755,101928.4925,128036.0654
124,2025-01-31,45,3148.278547,3998.313755,105076.771,132034.3792
124,2025-02-01,46,0,0,105076.771,132034.3792
124,2025-02-02,47,0,0,105076.771,132034.3792
124,2025-02-03,48,3148.278547,3998.313755,108225.0495,136032.6929
124,2025-02-04,49,3148.278547,3998.313755,111373.3281,140031.0067
124,2025-02-05,50,3148.278547,3998.313755,114521.6066,144029.3204
124,2025-02-06,51,3148.278547,3998.313755,117669.8852,148027.6342
124,2025-02-07,52,3148.278547,3998.313755,120818.1637,152025.9479
124,2025-02-08,53,0,0,120818.1637,152025.9479
124,2025-02-09,54,0,0,120818.1637,152025.9479
124,2025-02-10,55,3148.278547,3998.313755,123966.4423,156024.2617
124,2025-02-11,56,3148.278547,3998.313755,127114.7208,160022.5755
124,2025-02-12,57,3148.278547,3998.313755,130262.9994,164020.8892
124,2025-02-13,58,3148.278547,3998.313755,133411.2779,168019.203
124,2025-02-14,59,3148.278547,3998.313755,136559.5565,172017.5167
124,2025-02-15,60,0,0,136559.5565,172017.5167
124,2025-02-16,61,0,0,136559.5565,172017.5167
124,2025-02-17,62,3148.278547,3998.313755,139707.835,176015.8305
124,2025-02-18,63,3148.278547,3998.313755,142856.1136,180014.1442
124,2025-02-19,64,3148.278547,3998.313755,146004.3921,184012.458
124,2025-02-20,65,3148.278547,3998.313755,149152.6707,188010.7717
124,2025-02-21,66,3148.278547,3998.313755,152300.9492,192009.0855
124,2025-02-22,67,0,0,152300.9492,192009.0855
124,2025-02-23,68,0,0,152300.9492,192009.0855
124,2025-02-24,69,3148.278547,3998.313755,155449.2278,196007.3992
124,2025-02-25,70,3148.278547,3998.313755,158597.5063,200005.713
124,2025-02-26,71,3148.278547,3998.313755,161745.7848,204004.0268
124,2025-02-27,72,3148.278547,3998.313755,164894.0634,208002.3405
124,2025-02-28,73,3148.278547,3998.313755,168042.3419,212000.6543
124,2025-03-01,74,0,0,168042.3419,212000.6543
124,2025-03-02,75,0,0,168042.3419,212000.6543
124,2025-03-03,76,3148.278547,3998.313755,171190.6205,215998.968
124,2025-03-04,77,3148.278547,3998.313755,174338.899,219997.2818
124,2025-03-05,78,3148.278547,3998.313755,177487.1776,223995.5955
124,2025-03-06,79,3148.278547,3998.313755,180635.4561,227993.9093
124,2025-03-07,80,3148.278547,3998.313755,183783.7347,231992.223
124,2025-03-08,81,0,0,183783.7347,231992.223
124,2025-03-09,82,0,0,183783.7347,231992.223
124,2025-03-10,83,3148.278547,3998.313755,186932.0132,235990.5368
124,2025-03-11,84,3148.278547,3998.313755,190080.2918,239988.8506
124,2025-03-12,85,3148.278547,3998.313755,193228.5703,243987.1643
124,2025-03-13,86,3148.278547,3998.313755,196376.8489,247985.4781
124,2025-03-14,87,3148.278547,3998.313755,199525.1274,251983.7918
124,2025-03-15,88,0,0,199525.1274,251983.7918
124,2025-03-16,89,0,0,199525.1274,251983.7918
124,2025-03-17,90,3148.278547,3998.313755,202673.406,255982.1056
124,2025-03-18,91,3148.278547,3998.313755,205821.6845,259980.4193
124,2025-03-19,92,3148.278547,3998.313755,208969.9631,263978.7331
124,2025-03-20,93,3148.278547,3998.313755,212118.2416,267977.0468
124,2025-03-21,94,3148.278547,3998.313755,215266.5201,271975.3606
124,2025-03-22,95,0,0,215266.5201,271975.3606
124,2025-03-23,96,0,0,215266.5201,271975.3606
124,2025-03-24,97,3148.278547,3998.313755,218414.7987,275973.6743
124,2025-03-25,98,7745.403547,9055.151255,226160.2022,285028.8256
124,2025-03-26,99,7745.403547,9055.151255,233905.6058,294083.9769
124,2025-03-27,100,7745.403547,9055.151255,241651.0093,303139.1281
124,2025-03-28,101,7745.403547,9055.151255,249396.4129,312194.2794
124,2025-03-29,102,0,0,249396.4129,312194.2794
124,2025-03-30,103,0,0,249396.4129,312194.2794
124,2025-03-31,104,7745.403547,9055.151255,257141.8164,321249.4306
124,2025-04-01,105,7745.403547,9055.151255,264887.22,330304.5819
124,2025-04-02,106,7745.403547,9055.151255,272632.6235,339359.7331
124,2025-04-03,107,7745.403547,9055.151255,280378.0271,348414.8844
124,2025-04-04,108,13079.05739,15242.18972,293457.0845,363657.0741
124,2025-04-05,109,0,0,293457.0845,363657.0741
124,2025-04-06,110,0,0,293457.0845,363657.0741
124,2025-04-07,111,13079.05739,15242.18972,306536.1419,378899.2638
124,2025-04-08,112,13079.05739,15242.18972,319615.1993,394141.4535
124,2025-04-09,113,13079.05739,15242.18972,332694.2566,409383.6432
124,2025-04-10,114,13079.05739,15242.18972,345773.314,424625.833
124,2025-04-11,115,13079.05739,15242.18972,358852.3714,439868.0227
124,2025-04-12,116,0,0,358852.3714,439868.0227
124,2025-04-13,117,0,0,358852.3714,439868.0227
124,2025-04-14,118,13079.05739,15242.18972,371931.4288,455110.2124
124,2025-04-15,119,10506.00476,11974.41287,382437.4336,467084.6253
124,2025-04-16,120,10506.00476,11974.41287,392943.4383,479059.0381
124,2025-04-17,121,10506.00476,11974.41287,403449.4431,491033.451
124,2025-04-18,122,10506.00476,11974.41287,413955.4479,503007.8639
124,2025-04-19,123,0,0,413955.4479,503007.8639
124,2025-04-20,124,0,0,413955.4479,503007.8639
124,2025-04-21,125,10506.00476,11974.41287,424461.4526,514982.2768
124,2025-04-22,126,10506.00476,11974.41287,434967.4574,526956.6896
124,2025-04-23,127,10506.00476,11974.41287,445473.4622,538931.1025
124,2025-04-24,128,10506.00476,11974.41287,455979.4669,550905.5154
124,2025-04-25,129,10506.00476,11974.41287,466485.4717,562879.9283
124,2025-04-26,130,0,0,466485.4717,562879.9283
124,2025-04-27,131,0,0,466485.4717,562879.9283
124,2025-04-28,132,5908.879762,6917.575374,472394.3514,569797.5036
124,2025-04-29,133,5908.879762,6917.575374,478303.2312,576715.079
124,2025-04-30,134,5908.879762,6917.575374,484212.111,583632.6544
124,2025-05-01,135,5908.879762,6917.575374,490120.9907,590550.2298
124,2025-05-02,136,5908.879762,6917.575374,496029.8705,597467.8051
124,2025-05-03,137,0,0,496029.8705,597467.8051
124,2025-05-04,138,0,0,496029.8705,597467.8051
124,2025-05-05,139,5908.879762,6917.575374,501938.7502,604385.3805
124,2025-05-06,140,5908.879762,6917.575374,507847.63,611302.9559
124,2025-05-07,141,5908.879762,6917.575374,513756.5098,618220.5313
124,2025-05-08,142,5908.879762,6917.575374,519665.3895,625138.1066
124,2025-05-09,143,5908.879762,6917.575374,525574.2693,632055.682
124,2025-05-10,144,0,0,525574.2693,632055.682
124,2025-05-11,145,0,0,525574.2693,632055.682
124,2025-05-12,146,5908.879762,6917.575374,531483.1491,638973.2574
124,2025-05-13,147,5908.879762,6917.575374,537392.0288,645890.8328
124,2025-05-14,148,5908.879762,6917.575374,543300.9086,652808.4081
124,2025-05-15,149,5908.879762,6917.575374,549209.7883,659725.9835
124,2025-05-16,150,5908.879762,6917.575374,555118.6681,666643.5589
124,2025-05-17,151,0,0,555118.6681,666643.5589
124,2025-05-18,152,0,0,555118.6681,666643.5589
124,2025-05-19,153,5908.879762,6917.575374,561027.5479,673561.1343
124,2025-05-20,154,5908.879762,6917.575374,566936.4276,680478.7096
124,2025-05-21,155,5908.879762,6917.575374,572845.3074,687396.285
124,2025-05-22,156,5908.879762,6917.575374,578754.1872,694313.8604
124,2025-05-23,157,5908.879762,6917.575374,584663.0669,701231.4357
124,2025-05-24,158,0,0,584663.0669,701231.4357
124,2025-05-25,159,0,0,584663.0669,701231.4357
124,2025-05-26,160,5908.879762,6917.575374,590571.9467,708149.0111
124,2025-05-27,161,5908.879762,6917.575374,596480.8264,715066.5865
124,2025-05-28,162,5908.879762,6917.575374,602389.7062,721984.1619
124,2025-05-29,163,5908.879762,6917.575374,608298.586,728901.7372
124,2025-05-30,164,5908.879762,6917.575374,614207.4657,735819.3126
124,2025-05-31,165,0,0,614207.4657,735819.3126
124,2025-06-01,166,0,0,614207.4657,735819.3126
124,2025-06-02,167,5908.879762,6917.575374,620116.3455,742736.888
124,2025-06-03,168,5908.879762,6917.575374,626025.2252,749654.4634
124,2025-06-04,169,5908.879762,6917.575374,631934.105,756572.0387
124,2025-06-05,170,5908.879762,6917.575374,637842.9848,763489.6141
124,2025-06-06,171,5908.879762,6917.575374,643751.8645,770407.1895
124,2025-06-07,172,0,0,643751.8645,770407.1895
124,2025-06-08,173,0,0,643751.8645,770407.1895
124,2025-06-09,174,5908.879762,6917.575374,649660.7443,777324.7649
124,2025-06-10,175,5908.879762,6917.575374,655569.6241,784242.3402
124,2025-06-11,176,5908.879762,6917.575374,661478.5038,791159.9156
124,2025-06-12,177,5908.879762,6917.575374,667387.3836,798077.491
124,2025-06-13,178,5908.879762,6917.575374,673296.2633,804995.0664
124,2025-06-14,179,0,0,673296.2633,804995.0664
124,2025-06-15,180,0,0,673296.2633,804995.0664
124,2025-06-16,181,5908.879762,6917.575374,679205.1431,811912.6417
124,2025-06-17,182,5908.879762,6917.575374,685114.0229,818830.2171
124,2025-06-18,183,5908.879762,6917.575374,691022.9026,825747.7925
124,2025-06-19,184,5908.879762,6917.575374,696931.7824,832665.3679
124,2025-06-20,185,5908.879762,6917.575374,702840.6621,839582.9432
124,2025-06-21,186,0,0,702840.6621,839582.9432
124,2025-06-22,187,0,0,702840.6621,839582.9432
124,2025-06-23,188,5908.879762,6917.575374,708749.5419,846500.5186
124,2025-06-24,189,5908.879762,6917.575374,714658.4217,853418.094
124,2025-06-25,190,5908.879762,6917.575374,720567.3014,860335.6694
124,2025-06-26,191,5908.879762,6917.575374,726476.1812,867253.2447
124,2025-06-27,192,5908.879762,6917.575374,732385.061,874170.8201
124,2025-06-28,193,0,0,732385.061,874170.8201
124,2025-06-29,194,0,0,732385.061,874170.8201
124,2025-06-30,195,5908.879762,6917.575374,738293.9407,881088.3955
124,2025-07-01,196,5908.879762,6917.575374,744202.8205,888005.9709
124,2025-07-02,197,5908.879762,6917.575374,750111.7002,894923.5462
124,2025-07-03,198,5908.879762,6917.575374,756020.58,901841.1216
124,2025-07-04,199,5908.879762,6917.575374,761929.4598,908758.697
124,2025-07-05,200,0,0,761929.4598,908758.697
124,2025-07-06,201,0,0,761929.4598,908758.697
124,2025-07-07,202,5908.879762,6917.575374,767838.3395,915676.2723
124,2025-07-08,203,5908.879762,6917.575374,773747.2193,922593.8477
124,2025-07-09,204,5908.879762,6917.575374,779656.099,929511.4231
124,2025-07-10,205,5908.879762,6917.575374,785564.9788,936428.9985
124,2025-07-11,206,5908.879762,6917.575374,791473.8586,943346.5738
124,2025-07-12,207,0,0,791473.8586,943346.5738
124,2025-07-13,208,0,0,791473.8586,943346.5738
124,2025-07-14,209,5908.879762,6917.575374,797382.7383,950264.1492
124,2025-07-15,210,5908.879762,6917.575374,803291.6181,957181.7246
124,2025-07-16,211,5908.879762,6917.575374,809200.4979,964099.3
124,2025-07-17,212,5908.879762,6917.575374,815109.3776,971016.8753
124,2025-07-18,213,5908.879762,6917.575374,821018.2574,977934.4507
124,2025-07-19,214,0,0,821018.2574,977934.4507
124,2025-07-20,215,0,0,821018.2574,977934.4507
124,2025-07-21,216,5908.879762,6917.575374,826927.1371,984852.0261
124,2025-07-22,217,5908.879762,6917.575374,832836.0169,991769.6015
124,2025-07-23,218,5908.879762,6917.575374,838744.8967,998687.1768
124,2025-07-24,219,5908.879762,6917.575374,844653.7764,1005604.752
124,2025-07-25,220,5908.879762,6917.575374,850562.6562,1012522.328
124,2025-07-26,221,0,0,850562.6562,1012522.328
124,2025-07-27,222,0,0,850562.6562,1012522.328
124,2025-07-28,223,5908.879762,6917.575374,856471.5359,1019439.903
124,2025-07-29,224,5908.879762,6917.575374,862380.4157,1026357.478
124,2025-07-30,225,5908.879762,6917.575374,868289.2955,1033275.054
124,2025-07-31,226,5908.879762,6917.575374,874198.1752,1040192.629
124,2025-08-01,227,5908.879762,6917.575374,880107.055,1047110.204
124,2025-08-02,228,0,0,880107.055,1047110.204
124,2025-08-03,229,0,0,880107.055,1047110.204
124,2025-08-04,230,5908.879762,6917.575374,886015.9348,1054027.78
124,2025-08-05,231,5908.879762,6917.575374,891924.8145,1060945.355
124,2025-08-06,232,5908.879762,6917.575374,897833.6943,1067862.931
124,2025-08-07,233,5908.879762,6917.575374,903742.574,1074780.506
124,2025-08-08,234,5908.879762,6917.575374,909651.4538,1081698.081
124,2025-08-09,235,0,0,909651.4538,1081698.081
124,2025-08-10,236,0,0,909651.4538,1081698.081
124,2025-08-11,237,5908.879762,6917.575374,915560.3336,1088615.657
124,2025-08-12,238,5908.879762,6917.575374,921469.2133,1095533.232
124,2025-08-13,239,5908.879762,6917.575374,927378.0931,1102450.807
124,2025-08-14,240,5908.879762,6917.575374,933286.9728,1109368.383
124,2025-08-15,241,5908.879762,6917.575374,939195.8526,1116285.958
124,2025-08-16,242,0,0,939195.8526,1116285.958
124,2025-08-17,243,0,0,939195.8526,1116285.958
124,2025-08-18,244,5908.879762,6917.575374,945104.7324,1123203.534
124,2025-08-19,245,5908.879762,6917.575374,951013.6121,1130121.109
124,2025-08-20,246,5908.879762,6917.575374,956922.4919,1137038.684
124,2025-08-21,247,5908.879762,6917.575374,962831.3717,1143956.26
124,2025-08-22,248,5908.879762,6917.575374,968740.2514,1150873.835
124,2025-08-23,249,0,0,968740.2514,1150873.835
124,2025-08-24,250,0,0,968740.2514,1150873.835
124,2025-08-25,251,5908.879762,6917.575374,974649.1312,1157791.41
124,2025-08-26,252,5908.879762,6917.575374,980558.0109,1164708.986
124,2025-08-27,253,5908.879762,6917.575374,986466.8907,1171626.561
124,2025-08-28,254,5908.879762,6917.575374,992375.7705,1178544.137
124,2025-08-29,255,5908.879762,6917.575374,998284.6502,1185461.712
124,2025-08-30,256,0,0,998284.6502,1185461.712
124,2025-08-31,257,0,0,998284.6502,1185461.712
124,2025-09-01,258,5908.879762,6917.575374,1004193.53,1192379.287
124,2025-09-02,259,5908.879762,6917.575374,1010102.41,1199296.863
124,2025-09-03,260,5908.879762,6917.575374,1016011.29,1206214.438
124,2025-09-04,261,5908.879762,6917.575374,1021920.169,1213132.013
124,2025-09-05,262,5908.879762,6917.575374,1027829.049,1220049.589
124,2025-09-06,263,0,0,1027829.049,1220049.589
124,2025-09-07,264,0,0,1027829.049,1220049.589
124,2025-09-08,265,5908.879762,6917.575374,1033737.929,1226967.164
124,2025-09-09,266,5908.879762,6917.575374,1039646.809,1233884.74
124,2025-09-10,267,5908.879762,6917.575374,1045555.688,1240802.315
124,2025-09-11,268,5908.879762,6917.575374,1051464.568,1247719.89
124,2025-09-12,269,5908.879762,6917.575374,1057373.448,1254637.466
124,2025-09-13,270,0,0,1057373.448,1254637.466
124,2025-09-14,271,0,0,1057373.448,1254637.466
124,2025-09-15,272,5908.879762,6917.575374,1063282.328,1261555.041
124,2025-09-16,273,5908.879762,6917.575374,1069191.207,1268472.616
124,2025-09-17,274,5908.879762,6917.575374,1075100.087,1275390.192
124,2025-09-18,275,5908.879762,6917.575374,1081008.967,1282307.767
124,2025-09-19,276,5908.879762,6917.575374,1086917.847,1289225.343
124,2025-09-20,277,0,0,1086917.847,1289225.343
124,2025-09-21,278,0,0,1086917.847,1289225.343
124,2025-09-22,279,5908.879762,6917.575374,1092826.726,1296142.918
124,2025-09-23,280,5908.879762,6917.575374,1098735.606,1303060.493
124,2025-09-24,281,5908.879762,6917.575374,1104644.486,1309978.069
124,2025-09-25,282,5908.879762,6917.575374,1110553.366,1316895.644
124,2025-09-26,283,5908.879762,6917.575374,1116462.245,1323813.219
124,2025-09-27,284,0,0,1116462.245,1323813.219
124,2025-09-28,285,0,0,1116462.245,1323813.219
124,2025-09-29,286,5908.879762,6917.575374,1122371.125,1330730.795
124,2025-09-30,287,5908.879762,6917.575374,1128280.005,1337648.37
124,2025-10-01,288,5908.879762,6917.575374,1134188.885,1344565.946
124,2025-10-02,289,5908.879762,6917.575374,1140097.765,1351483.521
124,2025-10-03,290,575.2259155,730.5369127,1140672.99,1352214.058
124,2025-10-04,291,0,0,1140672.99,1352214.058
124,2025-10-05,292,0,0,1140672.99,1352214.058
124,2025-10-06,293,575.2259155,730.5369127,1141248.216,1352944.595
124,2025-10-07,294,575.2259155,730.5369127,1141823.442,1353675.132
124,2025-10-08,295,575.2259155,730.5369127,1142398.668,1354405.669
124,2025-10-09,296,575.2259155,730.5369127,1142973.894,1355136.205
124,2025-10-10,297,575.2259155,730.5369127,1143549.12,1355866.742
124,2025-10-11,298,0,0,1143549.12,1355866.742
124,2025-10-12,299,0,0,1143549.12,1355866.742
